Date,Exchange_Rate_GBP_USD,FTSE100_Index,Inflation_Rate,Interest_Rate,GDP_Growth,Unemployment_Rate,CPI
2015-01-01,1.558093547821045,6547.7998046875,0.36804684232536,0.5626,0.3036549906,5.665179,99.2
2015-01-02,1.5579720735549927,6547.7998046875,0.36804684232536,0.5626,0.3036549906,5.665179,99.2
2015-01-03,1.5579720735549927,6547.7998046875,0.36804684232536,0.5626,0.3036549906,5.665179,99.2
2015-01-04,1.5579720735549927,6547.7998046875,0.36804684232536,0.5626,0.3036549906,5.665179,99.2
2015-01-05,1.5284910202026367,6417.2001953125,0.36804684232536,0.5626,0.3036549906,5.665179,99.2
2015-01-06,1.5258322954177856,6366.5,0.36804684232536,0.5626,0.3036549906,5.665179,99.2
2015-01-07,1.5137982368469238,6419.7998046875,0.36804684232536,0.5626,0.3036549906,5.665179,99.2
2015-01-08,1.5107566118240356,6570.0,0.36804684232536,0.5626,0.3036549906,5.665179,99.2
2015-01-09,1.5087963342666626,6501.10009765625,0.36804684232536,0.5626,0.3036549906,5.665179,99.2
2015-01-10,1.5087963342666626,6501.10009765625,0.36804684232536,0.5626,0.3036549906,5.665179,99.2
2015-01-11,1.5087963342666626,6501.10009765625,0.36804684232536,0.5626,0.3036549906,5.665179,99.2
2015-01-12,1.5189489126205444,6501.39990234375,0.36804684232536,0.5626,0.3036549906,5.665179,99.2
2015-01-13,1.5170363187789917,6542.2001953125,0.36804684232536,0.5626,0.3036549906,5.665179,99.2
2015-01-14,1.5170363187789917,6388.5,0.36804684232536,0.5626,0.3036549906,5.665179,99.2
2015-01-15,1.5234380960464478,6498.7998046875,0.36804684232536,0.5626,0.3036549906,5.665179,99.2
2015-01-16,1.5181187391281128,6550.2998046875,0.36804684232536,0.5626,0.3036549906,5.665179,99.2
2015-01-17,1.5181187391281128,6550.2998046875,0.36804684232536,0.5626,0.3036549906,5.665179,99.2
2015-01-18,1.5181187391281128,6550.2998046875,0.36804684232536,0.5626,0.3036549906,5.665179,99.2
2015-01-19,1.5142109394073486,6585.5,0.36804684232536,0.5626,0.3036549906,5.665179,99.2
2015-01-20,1.5090012550354004,6620.10009765625,0.36804684232536,0.5626,0.3036549906,5.665179,99.2
2015-01-21,1.5147384405136108,6728.0,0.36804684232536,0.5626,0.3036549906,5.665179,99.2
2015-01-22,1.5144860744476318,6796.60009765625,0.36804684232536,0.5626,0.3036549906,5.665179,99.2
2015-01-23,1.5013211965560913,6832.7998046875,0.36804684232536,0.5626,0.3036549906,5.665179,99.2
2015-01-24,1.5013211965560913,6832.7998046875,0.36804684232536,0.5626,0.3036549906,5.665179,99.2
2015-01-25,1.5013211965560913,6832.7998046875,0.36804684232536,0.5626,0.3036549906,5.665179,99.2
2015-01-26,1.4995876550674438,6852.39990234375,0.36804684232536,0.5626,0.3036549906,5.665179,99.2
2015-01-27,1.5085458755493164,6811.60009765625,0.36804684232536,0.5626,0.3036549906,5.665179,99.2
2015-01-28,1.5188103914260864,6825.89990234375,0.36804684232536,0.5626,0.3036549906,5.665179,99.2
2015-01-29,1.5142338275909424,6810.60009765625,0.36804684232536,0.5626,0.3036549906,5.665179,99.2
2015-01-30,1.5079090595245361,6749.39990234375,0.36804684232536,0.5626,0.3036549906,5.665179,99.2
2015-01-31,1.5079090595245361,6749.39990234375,0.36804684232536,0.5626,0.3036549906,5.665179,99.2
2015-02-01,1.5079090595245361,6749.39990234375,0.36804684232536,0.56363,0.3036549906,5.665179,99.5
2015-02-02,1.5087052583694458,6782.60009765625,0.36804684232536,0.56363,0.3036549906,5.665179,99.5
2015-02-03,1.5028102397918701,6871.7998046875,0.36804684232536,0.56363,0.3036549906,5.665179,99.5
2015-02-04,1.5142109394073486,6860.0,0.36804684232536,0.56363,0.3036549906,5.665179,99.5
2015-02-05,1.5180034637451172,6865.89990234375,0.36804684232536,0.56363,0.3036549906,5.665179,99.5
2015-02-06,1.5325905084609985,6853.39990234375,0.36804684232536,0.56363,0.3036549906,5.665179,99.5
2015-02-07,1.5325905084609985,6853.39990234375,0.36804684232536,0.56363,0.3036549906,5.665179,99.5
2015-02-08,1.5325905084609985,6853.39990234375,0.36804684232536,0.56363,0.3036549906,5.665179,99.5
2015-02-09,1.523902416229248,6837.2001953125,0.36804684232536,0.56363,0.3036549906,5.665179,99.5
2015-02-10,1.5216069221496582,6829.10009765625,0.36804684232536,0.56363,0.3036549906,5.665179,99.5
2015-02-11,1.526205062866211,6818.2001953125,0.36804684232536,0.56363,0.3036549906,5.665179,99.5
2015-02-12,1.5242739915847778,6828.10009765625,0.36804684232536,0.56363,0.3036549906,5.665179,99.5
2015-02-13,1.5391956567764282,6873.5,0.36804684232536,0.56363,0.3036549906,5.665179,99.5
2015-02-14,1.5391956567764282,6873.5,0.36804684232536,0.56363,0.3036549906,5.665179,99.5
2015-02-15,1.5391956567764282,6873.5,0.36804684232536,0.56363,0.3036549906,5.665179,99.5
2015-02-16,1.5400489568710327,6857.10009765625,0.36804684232536,0.56363,0.3036549906,5.665179,99.5
2015-02-17,1.5356265306472778,6898.10009765625,0.36804684232536,0.56363,0.3036549906,5.665179,99.5
2015-02-18,1.5353436470031738,6898.10009765625,0.36804684232536,0.56363,0.3036549906,5.665179,99.5
2015-02-19,1.543900728225708,6888.89990234375,0.36804684232536,0.56363,0.3036549906,5.665179,99.5
2015-02-20,1.5419963598251343,6915.2001953125,0.36804684232536,0.56363,0.3036549906,5.665179,99.5
2015-02-21,1.5419963598251343,6915.2001953125,0.36804684232536,0.56363,0.3036549906,5.665179,99.5
2015-02-22,1.5419963598251343,6915.2001953125,0.36804684232536,0.56363,0.3036549906,5.665179,99.5
2015-02-23,1.5389113426208496,6912.2001953125,0.36804684232536,0.56363,0.3036549906,5.665179,99.5
2015-02-24,1.5452368259429932,6949.60009765625,0.36804684232536,0.56363,0.3036549906,5.665179,99.5
2015-02-25,1.545905590057373,6935.39990234375,0.36804684232536,0.56363,0.3036549906,5.665179,99.5
2015-02-26,1.552891492843628,6949.7001953125,0.36804684232536,0.56363,0.3036549906,5.665179,99.5
2015-02-27,1.5418059825897217,6946.7001953125,0.36804684232536,0.56363,0.3036549906,5.665179,99.5
2015-02-28,1.5418059825897217,6946.7001953125,0.36804684232536,0.56363,0.3036549906,5.665179,99.5
2015-03-01,1.5418059825897217,6946.7001953125,0.36804684232536,0.56436,0.3036549906,5.665179,99.6
2015-03-02,1.5406184196472168,6940.60009765625,0.36804684232536,0.56436,0.3036549906,5.665179,99.6
2015-03-03,1.5359095335006714,6889.10009765625,0.36804684232536,0.56436,0.3036549906,5.665179,99.6
2015-03-04,1.5366648435592651,6919.2001953125,0.36804684232536,0.56436,0.3036549906,5.665179,99.6
2015-03-05,1.52650785446167,6961.10009765625,0.36804684232536,0.56436,0.3036549906,5.665179,99.6
2015-03-06,1.5247621536254883,6911.7998046875,0.36804684232536,0.56436,0.3036549906,5.665179,99.6
2015-03-07,1.5247621536254883,6911.7998046875,0.36804684232536,0.56436,0.3036549906,5.665179,99.6
2015-03-08,1.5247621536254883,6911.7998046875,0.36804684232536,0.56436,0.3036549906,5.665179,99.6
2015-03-09,1.5057746171951294,6876.5,0.36804684232536,0.56436,0.3036549906,5.665179,99.6
2015-03-10,1.5104827880859375,6702.7998046875,0.36804684232536,0.56436,0.3036549906,5.665179,99.6
2015-03-11,1.508204698562622,6721.5,0.36804684232536,0.56436,0.3036549906,5.665179,99.6
2015-03-12,1.4932951927185059,6761.10009765625,0.36804684232536,0.56436,0.3036549906,5.665179,99.6
2015-03-13,1.4894028902053833,6740.60009765625,0.36804684232536,0.56436,0.3036549906,5.665179,99.6
2015-03-14,1.4894028902053833,6740.60009765625,0.36804684232536,0.56436,0.3036549906,5.665179,99.6
2015-03-15,1.4894028902053833,6740.60009765625,0.36804684232536,0.56436,0.3036549906,5.665179,99.6
2015-03-16,1.4755791425704956,6804.10009765625,0.36804684232536,0.56436,0.3036549906,5.665179,99.6
2015-03-17,1.4825797080993652,6837.60009765625,0.36804684232536,0.56436,0.3036549906,5.665179,99.6
2015-03-18,1.47520911693573,6945.2001953125,0.36804684232536,0.56436,0.3036549906,5.665179,99.6
2015-03-19,1.496199607849121,6962.2998046875,0.36804684232536,0.56436,0.3036549906,5.665179,99.6
2015-03-20,1.4761673212051392,7022.5,0.36804684232536,0.56436,0.3036549906,5.665179,99.6
2015-03-21,1.4761673212051392,7022.5,0.36804684232536,0.56436,0.3036549906,5.665179,99.6
2015-03-22,1.4761673212051392,7022.5,0.36804684232536,0.56436,0.3036549906,5.665179,99.6
2015-03-23,1.494321584701538,7037.7001953125,0.36804684232536,0.56436,0.3036549906,5.665179,99.6
2015-03-24,1.4951928853988647,7019.7001953125,0.36804684232536,0.56436,0.3036549906,5.665179,99.6
2015-03-25,1.4833933115005493,6991.0,0.36804684232536,0.56436,0.3036549906,5.665179,99.6
2015-03-26,1.4877409934997559,6895.2998046875,0.36804684232536,0.56436,0.3036549906,5.665179,99.6
2015-03-27,1.4858399629592896,6855.0,0.36804684232536,0.56436,0.3036549906,5.665179,99.6
2015-03-28,1.4858399629592896,6855.0,0.36804684232536,0.56436,0.3036549906,5.665179,99.6
2015-03-29,1.4858399629592896,6855.0,0.36804684232536,0.56436,0.3036549906,5.665179,99.6
2015-03-30,1.4885826110839844,6891.39990234375,0.36804684232536,0.56436,0.3036549906,5.665179,99.6
2015-03-31,1.4809110164642334,6773.0,0.36804684232536,0.56436,0.3036549906,5.665179,99.6
2015-04-01,1.482953429222107,6809.5,0.36804684232536,0.5695,0.4565502418,5.730965,99.9
2015-04-02,1.4836794137954712,6833.5,0.36804684232536,0.5695,0.4565502418,5.730965,99.9
2015-04-03,1.4830634593963623,6833.5,0.36804684232536,0.5695,0.4565502418,5.730965,99.9
2015-04-04,1.4830634593963623,6833.5,0.36804684232536,0.5695,0.4565502418,5.730965,99.9
2015-04-05,1.4830634593963623,6833.5,0.36804684232536,0.5695,0.4565502418,5.730965,99.9
2015-04-06,1.4930721521377563,6833.5,0.36804684232536,0.5695,0.4565502418,5.730965,99.9
2015-04-07,1.4890702962875366,6961.7998046875,0.36804684232536,0.5695,0.4565502418,5.730965,99.9
2015-04-08,1.4823819398880005,6937.39990234375,0.36804684232536,0.5695,0.4565502418,5.730965,99.9
2015-04-09,1.487851619720459,7015.39990234375,0.36804684232536,0.5695,0.4565502418,5.730965,99.9
2015-04-10,1.4714971780776978,7089.7998046875,0.36804684232536,0.5695,0.4565502418,5.730965,99.9
2015-04-11,1.4714971780776978,7089.7998046875,0.36804684232536,0.5695,0.4565502418,5.730965,99.9
2015-04-12,1.4714971780776978,7089.7998046875,0.36804684232536,0.5695,0.4565502418,5.730965,99.9
2015-04-13,1.4640644788742065,7064.2998046875,0.36804684232536,0.5695,0.4565502418,5.730965,99.9
2015-04-14,1.4667917490005493,7075.2998046875,0.36804684232536,0.5695,0.4565502418,5.730965,99.9
2015-04-15,1.4771921634674072,7096.7998046875,0.36804684232536,0.5695,0.4565502418,5.730965,99.9
2015-04-16,1.4828435182571411,7060.5,0.36804684232536,0.5695,0.4565502418,5.730965,99.9
2015-04-17,1.4921809434890747,6994.60009765625,0.36804684232536,0.5695,0.4565502418,5.730965,99.9
2015-04-18,1.4921809434890747,6994.60009765625,0.36804684232536,0.5695,0.4565502418,5.730965,99.9
2015-04-19,1.4921809434890747,6994.60009765625,0.36804684232536,0.5695,0.4565502418,5.730965,99.9
2015-04-20,1.4968267679214478,7052.10009765625,0.36804684232536,0.5695,0.4565502418,5.730965,99.9
2015-04-21,1.490979552268982,7062.89990234375,0.36804684232536,0.5695,0.4565502418,5.730965,99.9
2015-04-22,1.4935628175735474,7028.2001953125,0.36804684232536,0.5695,0.4565502418,5.730965,99.9
2015-04-23,1.5037593841552734,7053.7001953125,0.36804684232536,0.5695,0.4565502418,5.730965,99.9
2015-04-24,1.5052080154418945,7070.7001953125,0.36804684232536,0.5695,0.4565502418,5.730965,99.9
2015-04-25,1.5052080154418945,7070.7001953125,0.36804684232536,0.5695,0.4565502418,5.730965,99.9
2015-04-26,1.5052080154418945,7070.7001953125,0.36804684232536,0.5695,0.4565502418,5.730965,99.9
2015-04-27,1.517657995223999,7104.0,0.36804684232536,0.5695,0.4565502418,5.730965,99.9
2015-04-28,1.5223711729049683,7030.5,0.36804684232536,0.5695,0.4565502418,5.730965,99.9
2015-04-29,1.533483624458313,6946.2998046875,0.36804684232536,0.5695,0.4565502418,5.730965,99.9
2015-04-30,1.542686104774475,6960.60009765625,0.36804684232536,0.5695,0.4565502418,5.730965,99.9
2015-05-01,1.5354615449905396,6986.0,0.36804684232536,0.56798,0.4565502418,5.730965,100.1
2015-05-02,1.5354615449905396,6986.0,0.36804684232536,0.56798,0.4565502418,5.730965,100.1
2015-05-03,1.5354615449905396,6986.0,0.36804684232536,0.56798,0.4565502418,5.730965,100.1
2015-05-04,1.5146695375442505,6986.0,0.36804684232536,0.56798,0.4565502418,5.730965,100.1
2015-05-05,1.5122873783111572,6927.60009765625,0.36804684232536,0.56798,0.4565502418,5.730965,100.1
2015-05-06,1.517427682876587,6933.7001953125,0.36804684232536,0.56798,0.4565502418,5.730965,100.1
2015-05-07,1.5242043733596802,6887.0,0.36804684232536,0.56798,0.4565502418,5.730965,100.1
2015-05-08,1.5407133102416992,7046.7998046875,0.36804684232536,0.56798,0.4565502418,5.730965,100.1
2015-05-09,1.5407133102416992,7046.7998046875,0.36804684232536,0.56798,0.4565502418,5.730965,100.1
2015-05-10,1.5407133102416992,7046.7998046875,0.36804684232536,0.56798,0.4565502418,5.730965,100.1
2015-05-11,1.5434004068374634,7029.89990234375,0.36804684232536,0.56798,0.4565502418,5.730965,100.1
2015-05-12,1.557705283164978,6933.7998046875,0.36804684232536,0.56798,0.4565502418,5.730965,100.1
2015-05-13,1.567103385925293,6949.60009765625,0.36804684232536,0.56798,0.4565502418,5.730965,100.1
2015-05-14,1.574009895324707,6973.0,0.36804684232536,0.56798,0.4565502418,5.730965,100.1
2015-05-15,1.5772124528884888,6960.5,0.36804684232536,0.56798,0.4565502418,5.730965,100.1
2015-05-16,1.5772124528884888,6960.5,0.36804684232536,0.56798,0.4565502418,5.730965,100.1
2015-05-17,1.5772124528884888,6960.5,0.36804684232536,0.56798,0.4565502418,5.730965,100.1
2015-05-18,1.574604868888855,6968.89990234375,0.36804684232536,0.56798,0.4565502418,5.730965,100.1
2015-05-19,1.5663670301437378,6995.10009765625,0.36804684232536,0.56798,0.4565502418,5.730965,100.1
2015-05-20,1.5516144037246704,7007.2998046875,0.36804684232536,0.56798,0.4565502418,5.730965,100.1
2015-05-21,1.5542914867401123,7013.5,0.36804684232536,0.56798,0.4565502418,5.730965,100.1
2015-05-22,1.5663915872573853,7031.7001953125,0.36804684232536,0.56798,0.4565502418,5.730965,100.1
2015-05-23,1.5663915872573853,7031.7001953125,0.36804684232536,0.56798,0.4565502418,5.730965,100.1
2015-05-24,1.5663915872573853,7031.7001953125,0.36804684232536,0.56798,0.4565502418,5.730965,100.1
2015-05-25,1.5475084781646729,7031.7001953125,0.36804684232536,0.56798,0.4565502418,5.730965,100.1
2015-05-26,1.5472211837768555,6949.0,0.36804684232536,0.56798,0.4565502418,5.730965,100.1
2015-05-27,1.5398591756820679,7033.2998046875,0.36804684232536,0.56798,0.4565502418,5.730965,100.1
2015-05-28,1.5350136756896973,7040.89990234375,0.36804684232536,0.56798,0.4565502418,5.730965,100.1
2015-05-29,1.531909704208374,6984.39990234375,0.36804684232536,0.56798,0.4565502418,5.730965,100.1
2015-05-30,1.531909704208374,6984.39990234375,0.36804684232536,0.56798,0.4565502418,5.730965,100.1
2015-05-31,1.531909704208374,6984.39990234375,0.36804684232536,0.56798,0.4565502418,5.730965,100.1
2015-06-01,1.5288883447647095,6953.60009765625,0.36804684232536,0.57188,0.4565502418,5.730965,100.1
2015-06-02,1.519987940788269,6928.2998046875,0.36804684232536,0.57188,0.4565502418,5.730965,100.1
2015-06-03,1.5339776277542114,6950.5,0.36804684232536,0.57188,0.4565502418,5.730965,100.1
2015-06-04,1.5326610803604126,6859.2001953125,0.36804684232536,0.57188,0.4565502418,5.730965,100.1
2015-06-05,1.5364996194839478,6804.60009765625,0.36804684232536,0.57188,0.4565502418,5.730965,100.1
2015-06-06,1.5364996194839478,6804.60009765625,0.36804684232536,0.57188,0.4565502418,5.730965,100.1
2015-06-07,1.5364996194839478,6804.60009765625,0.36804684232536,0.57188,0.4565502418,5.730965,100.1
2015-06-08,1.526787519454956,6790.0,0.36804684232536,0.57188,0.4565502418,5.730965,100.1
2015-06-09,1.5345896482467651,6753.7998046875,0.36804684232536,0.57188,0.4565502418,5.730965,100.1
2015-06-10,1.539408802986145,6830.2998046875,0.36804684232536,0.57188,0.4565502418,5.730965,100.1
2015-06-11,1.549690842628479,6846.7001953125,0.36804684232536,0.57188,0.4565502418,5.730965,100.1
2015-06-12,1.5508925914764404,6784.89990234375,0.36804684232536,0.57188,0.4565502418,5.730965,100.1
2015-06-13,1.5508925914764404,6784.89990234375,0.36804684232536,0.57188,0.4565502418,5.730965,100.1
2015-06-14,1.5508925914764404,6784.89990234375,0.36804684232536,0.57188,0.4565502418,5.730965,100.1
2015-06-15,1.5561537742614746,6710.5,0.36804684232536,0.57188,0.4565502418,5.730965,100.1
2015-06-16,1.5596001148223877,6710.10009765625,0.36804684232536,0.57188,0.4565502418,5.730965,100.1
2015-06-17,1.563966155052185,6680.60009765625,0.36804684232536,0.57188,0.4565502418,5.730965,100.1
2015-06-18,1.5848110914230347,6707.89990234375,0.36804684232536,0.57188,0.4565502418,5.730965,100.1
2015-06-19,1.587881326675415,6710.5,0.36804684232536,0.57188,0.4565502418,5.730965,100.1
2015-06-20,1.587881326675415,6710.5,0.36804684232536,0.57188,0.4565502418,5.730965,100.1
2015-06-21,1.587881326675415,6710.5,0.36804684232536,0.57188,0.4565502418,5.730965,100.1
2015-06-22,1.5885119438171387,6825.7001953125,0.36804684232536,0.57188,0.4565502418,5.730965,100.1
2015-06-23,1.5829297304153442,6834.89990234375,0.36804684232536,0.57188,0.4565502418,5.730965,100.1
2015-06-24,1.5741090774536133,6844.7998046875,0.36804684232536,0.57188,0.4565502418,5.730965,100.1
2015-06-25,1.570993185043335,6807.7998046875,0.36804684232536,0.57188,0.4565502418,5.730965,100.1
2015-06-26,1.5745056867599487,6753.7001953125,0.36804684232536,0.57188,0.4565502418,5.730965,100.1
2015-06-27,1.5745056867599487,6753.7001953125,0.36804684232536,0.57188,0.4565502418,5.730965,100.1
2015-06-28,1.5745056867599487,6753.7001953125,0.36804684232536,0.57188,0.4565502418,5.730965,100.1
2015-06-29,1.5693166255950928,6620.5,0.36804684232536,0.57188,0.4565502418,5.730965,100.1
2015-06-30,1.573192834854126,6521.0,0.36804684232536,0.57188,0.4565502418,5.730965,100.1
2015-07-01,1.5687012672424316,6608.60009765625,0.36804684232536,0.58084,0.3877410168,5.441581,100.0
2015-07-02,1.5605005025863647,6630.5,0.36804684232536,0.58084,0.3877410168,5.441581,100.0
2015-07-03,1.5613046884536743,6585.7998046875,0.36804684232536,0.58084,0.3877410168,5.441581,100.0
2015-07-04,1.5613046884536743,6585.7998046875,0.36804684232536,0.58084,0.3877410168,5.441581,100.0
2015-07-05,1.5613046884536743,6585.7998046875,0.36804684232536,0.58084,0.3877410168,5.441581,100.0
2015-07-06,1.555596947669983,6535.7001953125,0.36804684232536,0.58084,0.3877410168,5.441581,100.0
2015-07-07,1.5602084398269653,6432.2001953125,0.36804684232536,0.58084,0.3877410168,5.441581,100.0
2015-07-08,1.5462881326675415,6490.7001953125,0.36804684232536,0.58084,0.3877410168,5.441581,100.0
2015-07-09,1.536995530128479,6581.60009765625,0.36804684232536,0.58084,0.3877410168,5.441581,100.0
2015-07-10,1.5373972654342651,6673.39990234375,0.36804684232536,0.58084,0.3877410168,5.441581,100.0
2015-07-11,1.5373972654342651,6673.39990234375,0.36804684232536,0.58084,0.3877410168,5.441581,100.0
2015-07-12,1.5373972654342651,6673.39990234375,0.36804684232536,0.58084,0.3877410168,5.441581,100.0
2015-07-13,1.5515903234481812,6738.0,0.36804684232536,0.58084,0.3877410168,5.441581,100.0
2015-07-14,1.548227310180664,6753.7998046875,0.36804684232536,0.58084,0.3877410168,5.441581,100.0
2015-07-15,1.5636972188949585,6753.7998046875,0.36804684232536,0.58084,0.3877410168,5.441581,100.0
2015-07-16,1.563403844833374,6796.5,0.36804684232536,0.58084,0.3877410168,5.441581,100.0
2015-07-17,1.5613046884536743,6775.10009765625,0.36804684232536,0.58084,0.3877410168,5.441581,100.0
2015-07-18,1.5613046884536743,6775.10009765625,0.36804684232536,0.58084,0.3877410168,5.441581,100.0
2015-07-19,1.5613046884536743,6775.10009765625,0.36804684232536,0.58084,0.3877410168,5.441581,100.0
2015-07-20,1.5600380897521973,6788.7001953125,0.36804684232536,0.58084,0.3877410168,5.441581,100.0
2015-07-21,1.5573898553848267,6769.10009765625,0.36804684232536,0.58084,0.3877410168,5.441581,100.0
2015-07-22,1.555596947669983,6667.2998046875,0.36804684232536,0.58084,0.3877410168,5.441581,100.0
2015-07-23,1.5614020824432373,6655.0,0.36804684232536,0.58084,0.3877410168,5.441581,100.0
2015-07-24,1.5519516468048096,6579.7998046875,0.36804684232536,0.58084,0.3877410168,5.441581,100.0
2015-07-25,1.5519516468048096,6579.7998046875,0.36804684232536,0.58084,0.3877410168,5.441581,100.0
2015-07-26,1.5519516468048096,6579.7998046875,0.36804684232536,0.58084,0.3877410168,5.441581,100.0
2015-07-27,1.5522888898849487,6505.10009765625,0.36804684232536,0.58084,0.3877410168,5.441581,100.0
2015-07-28,1.5564203262329102,6555.2998046875,0.36804684232536,0.58084,0.3877410168,5.441581,100.0
2015-07-29,1.5611096620559692,6631.0,0.36804684232536,0.58084,0.3877410168,5.441581,100.0
2015-07-30,1.5602084398269653,6668.89990234375,0.36804684232536,0.58084,0.3877410168,5.441581,100.0
2015-07-31,1.5604275465011597,6696.2998046875,0.36804684232536,0.58084,0.3877410168,5.441581,100.0
2015-08-01,1.5604275465011597,6696.2998046875,0.36804684232536,0.5867,0.3877410168,5.441581,100.3
2015-08-02,1.5604275465011597,6696.2998046875,0.36804684232536,0.5867,0.3877410168,5.441581,100.3
2015-08-03,1.5626953840255737,6688.60009765625,0.36804684232536,0.5867,0.3877410168,5.441581,100.3
2015-08-04,1.559040904045105,6686.60009765625,0.36804684232536,0.5867,0.3877410168,5.441581,100.3
2015-08-05,1.5569047927856445,6752.39990234375,0.36804684232536,0.5867,0.3877410168,5.441581,100.3
2015-08-06,1.5605981349945068,6747.10009765625,0.36804684232536,0.5867,0.3877410168,5.441581,100.3
2015-08-07,1.551421880722046,6718.5,0.36804684232536,0.5867,0.3877410168,5.441581,100.3
2015-08-08,1.551421880722046,6718.5,0.36804684232536,0.5867,0.3877410168,5.441581,100.3
2015-08-09,1.551421880722046,6718.5,0.36804684232536,0.5867,0.3877410168,5.441581,100.3
2015-08-10,1.5494027137756348,6736.2001953125,0.36804684232536,0.5867,0.3877410168,5.441581,100.3
2015-08-11,1.5585306882858276,6664.5,0.36804684232536,0.5867,0.3877410168,5.441581,100.3
2015-08-12,1.5584092140197754,6571.2001953125,0.36804684232536,0.5867,0.3877410168,5.441581,100.3
2015-08-13,1.561597228050232,6568.2998046875,0.36804684232536,0.5867,0.3877410168,5.441581,100.3
2015-08-14,1.561792254447937,6550.7001953125,0.36804684232536,0.5867,0.3877410168,5.441581,100.3
2015-08-15,1.561792254447937,6550.7001953125,0.36804684232536,0.5867,0.3877410168,5.441581,100.3
2015-08-16,1.561792254447937,6550.7001953125,0.36804684232536,0.5867,0.3877410168,5.441581,100.3
2015-08-17,1.5651901960372925,6550.2998046875,0.36804684232536,0.5867,0.3877410168,5.441581,100.3
2015-08-18,1.5585062503814697,6526.2998046875,0.36804684232536,0.5867,0.3877410168,5.441581,100.3
2015-08-19,1.5664896965026855,6403.5,0.36804684232536,0.5867,0.3877410168,5.441581,100.3
2015-08-20,1.568307638168335,6367.89990234375,0.36804684232536,0.5867,0.3877410168,5.441581,100.3
2015-08-21,1.5690950155258179,6187.7001953125,0.36804684232536,0.5867,0.3877410168,5.441581,100.3
2015-08-22,1.5690950155258179,6187.7001953125,0.36804684232536,0.5867,0.3877410168,5.441581,100.3
2015-08-23,1.5690950155258179,6187.7001953125,0.36804684232536,0.5867,0.3877410168,5.441581,100.3
2015-08-24,1.5677913427352905,5898.89990234375,0.36804684232536,0.5867,0.3877410168,5.441581,100.3
2015-08-25,1.5762925148010254,6081.2998046875,0.36804684232536,0.5867,0.3877410168,5.441581,100.3
2015-08-26,1.5695877075195312,5979.2001953125,0.36804684232536,0.5867,0.3877410168,5.441581,100.3
2015-08-27,1.5482032299041748,6192.0,0.36804684232536,0.5867,0.3877410168,5.441581,100.3
2015-08-28,1.541401982307434,6247.89990234375,0.36804684232536,0.5867,0.3877410168,5.441581,100.3
2015-08-29,1.541401982307434,6247.89990234375,0.36804684232536,0.5867,0.3877410168,5.441581,100.3
2015-08-30,1.541401982307434,6247.89990234375,0.36804684232536,0.5867,0.3877410168,5.441581,100.3
2015-08-31,1.5418059825897217,6247.89990234375,0.36804684232536,0.5867,0.3877410168,5.441581,100.3
2015-09-01,1.5363106727600098,6058.5,0.36804684232536,0.58576,0.3877410168,5.441581,100.2
2015-09-02,1.5305262804031372,6083.2998046875,0.36804684232536,0.58576,0.3877410168,5.441581,100.2
2015-09-03,1.5308074951171875,6194.10009765625,0.36804684232536,0.58576,0.3877410168,5.441581,100.2
2015-09-04,1.526205062866211,6042.89990234375,0.36804684232536,0.58576,0.3877410168,5.441581,100.2
2015-09-05,1.526205062866211,6042.89990234375,0.36804684232536,0.58576,0.3877410168,5.441581,100.2
2015-09-06,1.526205062866211,6042.89990234375,0.36804684232536,0.58576,0.3877410168,5.441581,100.2
2015-09-07,1.5201033353805542,6074.5,0.36804684232536,0.58576,0.3877410168,5.441581,100.2
2015-09-08,1.5283042192459106,6146.10009765625,0.36804684232536,0.58576,0.3877410168,5.441581,100.2
2015-09-09,1.5401912927627563,6229.0,0.36804684232536,0.58576,0.3877410168,5.441581,100.2
2015-09-10,1.5357915163040161,6155.7998046875,0.36804684232536,0.58576,0.3877410168,5.441581,100.2
2015-09-11,1.54421067237854,6117.7998046875,0.36804684232536,0.58576,0.3877410168,5.441581,100.2
2015-09-12,1.54421067237854,6117.7998046875,0.36804684232536,0.58576,0.3877410168,5.441581,100.2
2015-09-13,1.54421067237854,6117.7998046875,0.36804684232536,0.58576,0.3877410168,5.441581,100.2
2015-09-14,1.5448071956634521,6084.60009765625,0.36804684232536,0.58576,0.3877410168,5.441581,100.2
2015-09-15,1.5427099466323853,6137.60009765625,0.36804684232536,0.58576,0.3877410168,5.441581,100.2
2015-09-16,1.53449547290802,6229.2001953125,0.36804684232536,0.58576,0.3877410168,5.441581,100.2
2015-09-17,1.5518070459365845,6187.0,0.36804684232536,0.58576,0.3877410168,5.441581,100.2
2015-09-18,1.5569047927856445,6104.10009765625,0.36804684232536,0.58576,0.3877410168,5.441581,100.2
2015-09-19,1.5569047927856445,6104.10009765625,0.36804684232536,0.58576,0.3877410168,5.441581,100.2
2015-09-20,1.5569047927856445,6104.10009765625,0.36804684232536,0.58576,0.3877410168,5.441581,100.2
2015-09-21,1.552891492843628,6108.7001953125,0.36804684232536,0.58576,0.3877410168,5.441581,100.2
2015-09-22,1.5508204698562622,5935.7998046875,0.36804684232536,0.58576,0.3877410168,5.441581,100.2
2015-09-23,1.5353907346725464,6032.2001953125,0.36804684232536,0.58576,0.3877410168,5.441581,100.2
2015-09-24,1.5252039432525635,5961.5,0.36804684232536,0.58576,0.3877410168,5.441581,100.2
2015-09-25,1.522695779800415,6109.0,0.36804684232536,0.58576,0.3877410168,5.441581,100.2
2015-09-26,1.522695779800415,6109.0,0.36804684232536,0.58576,0.3877410168,5.441581,100.2
2015-09-27,1.522695779800415,6109.0,0.36804684232536,0.58576,0.3877410168,5.441581,100.2
2015-09-28,1.5201727151870728,5958.89990234375,0.36804684232536,0.58576,0.3877410168,5.441581,100.2
2015-09-29,1.5165071487426758,5909.2001953125,0.36804684232536,0.58576,0.3877410168,5.441581,100.2
2015-09-30,1.5157945156097412,6061.60009765625,0.36804684232536,0.58576,0.3877410168,5.441581,100.2
2015-10-01,1.5124017000198364,6072.5,0.36804684232536,0.58006,0.5992595381,5.202294,100.3
2015-10-02,1.5139129161834717,6130.0,0.36804684232536,0.58006,0.5992595381,5.202294,100.3
2015-10-03,1.5139129161834717,6130.0,0.36804684232536,0.58006,0.5992595381,5.202294,100.3
2015-10-04,1.5139129161834717,6130.0,0.36804684232536,0.58006,0.5992595381,5.202294,100.3
2015-10-05,1.5194103717803955,6298.89990234375,0.36804684232536,0.58006,0.5992595381,5.202294,100.3
2015-10-06,1.5154958963394165,6326.2001953125,0.36804684232536,0.58006,0.5992595381,5.202294,100.3
2015-10-07,1.5226030349731445,6336.39990234375,0.36804684232536,0.58006,0.5992595381,5.202294,100.3
2015-10-08,1.5315576791763306,6374.7998046875,0.36804684232536,0.58006,0.5992595381,5.202294,100.3
2015-10-09,1.535131573677063,6416.2001953125,0.36804684232536,0.58006,0.5992595381,5.202294,100.3
2015-10-10,1.535131573677063,6416.2001953125,0.36804684232536,0.58006,0.5992595381,5.202294,100.3
2015-10-11,1.535131573677063,6416.2001953125,0.36804684232536,0.58006,0.5992595381,5.202294,100.3
2015-10-12,1.5323086977005005,6371.2001953125,0.36804684232536,0.58006,0.5992595381,5.202294,100.3
2015-10-13,1.5337893962860107,6342.2998046875,0.36804684232536,0.58006,0.5992595381,5.202294,100.3
2015-10-14,1.5258090496063232,6269.60009765625,0.36804684232536,0.58006,0.5992595381,5.202294,100.3
2015-10-15,1.5480115413665771,6338.7001953125,0.36804684232536,0.58006,0.5992595381,5.202294,100.3
2015-10-16,1.5471972227096558,6378.0,0.36804684232536,0.58006,0.5992595381,5.202294,100.3
2015-10-17,1.5471972227096558,6378.0,0.36804684232536,0.58006,0.5992595381,5.202294,100.3
2015-10-18,1.5471972227096558,6378.0,0.36804684232536,0.58006,0.5992595381,5.202294,100.3
2015-10-19,1.543805480003357,6352.2998046875,0.36804684232536,0.58006,0.5992595381,5.202294,100.3
2015-10-20,1.5471972227096558,6345.10009765625,0.36804684232536,0.58006,0.5992595381,5.202294,100.3
2015-10-21,1.5449025630950928,6348.39990234375,0.36804684232536,0.58006,0.5992595381,5.202294,100.3
2015-10-22,1.5424481630325317,6376.2998046875,0.36804684232536,0.58006,0.5992595381,5.202294,100.3
2015-10-23,1.5383669137954712,6444.10009765625,0.36804684232536,0.58006,0.5992595381,5.202294,100.3
2015-10-24,1.5383669137954712,6444.10009765625,0.36804684232536,0.58006,0.5992595381,5.202294,100.3
2015-10-25,1.5383669137954712,6444.10009765625,0.36804684232536,0.58006,0.5992595381,5.202294,100.3
2015-10-26,1.531745433807373,6417.0,0.36804684232536,0.58006,0.5992595381,5.202294,100.3
2015-10-27,1.5357915163040161,6365.2998046875,0.36804684232536,0.58006,0.5992595381,5.202294,100.3
2015-10-28,1.5312998294830322,6437.7998046875,0.36804684232536,0.58006,0.5992595381,5.202294,100.3
2015-10-29,1.5271838903427124,6395.7998046875,0.36804684232536,0.58006,0.5992595381,5.202294,100.3
2015-10-30,1.532379150390625,6361.10009765625,0.36804684232536,0.58006,0.5992595381,5.202294,100.3
2015-10-31,1.532379150390625,6361.10009765625,0.36804684232536,0.58006,0.5992595381,5.202294,100.3
2015-11-01,1.532379150390625,6361.10009765625,0.36804684232536,0.57371,0.5992595381,5.202294,100.3
2015-11-02,1.5441631078720093,6361.7998046875,0.36804684232536,0.57371,0.5992595381,5.202294,100.3
2015-11-03,1.542400598526001,6383.60009765625,0.36804684232536,0.57371,0.5992595381,5.202294,100.3
2015-11-04,1.5419248342514038,6412.89990234375,0.36804684232536,0.57371,0.5992595381,5.202294,100.3
2015-11-05,1.5390061140060425,6364.89990234375,0.36804684232536,0.57371,0.5992595381,5.202294,100.3
2015-11-06,1.5210051536560059,6353.7998046875,0.36804684232536,0.57371,0.5992595381,5.202294,100.3
2015-11-07,1.5210051536560059,6353.7998046875,0.36804684232536,0.57371,0.5992595381,5.202294,100.3
2015-11-08,1.5210051536560059,6353.7998046875,0.36804684232536,0.57371,0.5992595381,5.202294,100.3
2015-11-09,1.5055025815963745,6295.2001953125,0.36804684232536,0.57371,0.5992595381,5.202294,100.3
2015-11-10,1.5121043920516968,6275.2998046875,0.36804684232536,0.57371,0.5992595381,5.202294,100.3
2015-11-11,1.5138899087905884,6297.2001953125,0.36804684232536,0.57371,0.5992595381,5.202294,100.3
2015-11-12,1.522510290145874,6178.7001953125,0.36804684232536,0.57371,0.5992595381,5.202294,100.3
2015-11-13,1.5234612226486206,6118.2998046875,0.36804684232536,0.57371,0.5992595381,5.202294,100.3
2015-11-14,1.5234612226486206,6118.2998046875,0.36804684232536,0.57371,0.5992595381,5.202294,100.3
2015-11-15,1.5234612226486206,6118.2998046875,0.36804684232536,0.57371,0.5992595381,5.202294,100.3
2015-11-16,1.5217920541763306,6146.39990234375,0.36804684232536,0.57371,0.5992595381,5.202294,100.3
2015-11-17,1.5204963684082031,6268.7998046875,0.36804684232536,0.57371,0.5992595381,5.202294,100.3
2015-11-18,1.5220005512237549,6279.0,0.36804684232536,0.57371,0.5992595381,5.202294,100.3
2015-11-19,1.5239256620407104,6329.89990234375,0.36804684232536,0.57371,0.5992595381,5.202294,100.3
2015-11-20,1.5288182497024536,6334.60009765625,0.36804684232536,0.57371,0.5992595381,5.202294,100.3
2015-11-21,1.5288182497024536,6334.60009765625,0.36804684232536,0.57371,0.5992595381,5.202294,100.3
2015-11-22,1.5288182497024536,6334.60009765625,0.36804684232536,0.57371,0.5992595381,5.202294,100.3
2015-11-23,1.518994927406311,6305.5,0.36804684232536,0.57371,0.5992595381,5.202294,100.3
2015-11-24,1.5129051208496094,6277.2001953125,0.36804684232536,0.57371,0.5992595381,5.202294,100.3
2015-11-25,1.5085914134979248,6337.60009765625,0.36804684232536,0.57371,0.5992595381,5.202294,100.3
2015-11-26,1.512355923652649,6393.10009765625,0.36804684232536,0.57371,0.5992595381,5.202294,100.3
2015-11-27,1.5099810361862183,6375.2001953125,0.36804684232536,0.57371,0.5992595381,5.202294,100.3
2015-11-28,1.5099810361862183,6375.2001953125,0.36804684232536,0.57371,0.5992595381,5.202294,100.3
2015-11-29,1.5099810361862183,6375.2001953125,0.36804684232536,0.57371,0.5992595381,5.202294,100.3
2015-11-30,1.5038950443267822,6356.10009765625,0.36804684232536,0.57371,0.5992595381,5.202294,100.3
2015-12-01,1.5057973861694336,6395.7001953125,0.36804684232536,0.58277,0.5992595381,5.202294,100.4
2015-12-02,1.5077953338623047,6420.89990234375,0.36804684232536,0.58277,0.5992595381,5.202294,100.4
2015-12-03,1.4949023723602295,6275.0,0.36804684232536,0.58277,0.5992595381,5.202294,100.4
2015-12-04,1.513500452041626,6238.2998046875,0.36804684232536,0.58277,0.5992595381,5.202294,100.4
2015-12-05,1.513500452041626,6238.2998046875,0.36804684232536,0.58277,0.5992595381,5.202294,100.4
2015-12-06,1.513500452041626,6238.2998046875,0.36804684232536,0.58277,0.5992595381,5.202294,100.4
2015-12-07,1.511258840560913,6223.5,0.36804684232536,0.58277,0.5992595381,5.202294,100.4
2015-12-08,1.5050268173217773,6135.2001953125,0.36804684232536,0.58277,0.5992595381,5.202294,100.4
2015-12-09,1.5010056495666504,6126.7001953125,0.36804684232536,0.58277,0.5992595381,5.202294,100.4
2015-12-10,1.5183953046798706,6088.10009765625,0.36804684232536,0.58277,0.5992595381,5.202294,100.4
2015-12-11,1.516093373298645,5952.7998046875,0.36804684232536,0.58277,0.5992595381,5.202294,100.4
2015-12-12,1.516093373298645,5952.7998046875,0.36804684232536,0.58277,0.5992595381,5.202294,100.4
2015-12-13,1.516093373298645,5952.7998046875,0.36804684232536,0.58277,0.5992595381,5.202294,100.4
2015-12-14,1.5198955535888672,5874.10009765625,0.36804684232536,0.58277,0.5992595381,5.202294,100.4
2015-12-15,1.5160702466964722,6017.7998046875,0.36804684232536,0.58277,0.5992595381,5.202294,100.4
2015-12-16,1.5043702125549316,6061.2001953125,0.36804684232536,0.58277,0.5992595381,5.202294,100.4
2015-12-17,1.497790813446045,6102.5,0.36804684232536,0.58277,0.5992595381,5.202294,100.4
2015-12-18,1.4929606914520264,6052.39990234375,0.36804684232536,0.58277,0.5992595381,5.202294,100.4
2015-12-19,1.4929606914520264,6052.39990234375,0.36804684232536,0.58277,0.5992595381,5.202294,100.4
2015-12-20,1.4929606914520264,6052.39990234375,0.36804684232536,0.58277,0.5992595381,5.202294,100.4
2015-12-21,1.4908239841461182,6034.7998046875,0.36804684232536,0.58277,0.5992595381,5.202294,100.4
2015-12-22,1.4896912574768066,6083.10009765625,0.36804684232536,0.58277,0.5992595381,5.202294,100.4
2015-12-23,1.4823379516601562,6241.0,0.36804684232536,0.58277,0.5992595381,5.202294,100.4
2015-12-24,1.4876967668533325,6254.60009765625,0.36804684232536,0.58277,0.5992595381,5.202294,100.4
2015-12-25,1.491424322128296,6254.60009765625,0.36804684232536,0.58277,0.5992595381,5.202294,100.4
2015-12-26,1.491424322128296,6254.60009765625,0.36804684232536,0.58277,0.5992595381,5.202294,100.4
2015-12-27,1.491424322128296,6254.60009765625,0.36804684232536,0.58277,0.5992595381,5.202294,100.4
2015-12-28,1.4932059049606323,6254.60009765625,0.36804684232536,0.58277,0.5992595381,5.202294,100.4
2015-12-29,1.4894028902053833,6314.60009765625,0.36804684232536,0.58277,0.5992595381,5.202294,100.4
2015-12-30,1.4822280406951904,6274.10009765625,0.36804684232536,0.58277,0.5992595381,5.202294,100.4
2015-12-31,1.481920599937439,6242.2998046875,0.36804684232536,0.58277,0.5992595381,5.202294,100.4
2016-01-01,1.4738394021987915,6242.2998046875,1.0084173681141,0.58976,0.5034021042,5.185508,99.9
2016-01-02,1.4738394021987915,6242.2998046875,1.0084173681141,0.58976,0.5034021042,5.185508,99.9
2016-01-03,1.4738394021987915,6242.2998046875,1.0084173681141,0.58976,0.5034021042,5.185508,99.9
2016-01-04,1.473708987236023,6093.39990234375,1.0084173681141,0.58976,0.5034021042,5.185508,99.9
2016-01-05,1.4714103937149048,6137.2001953125,1.0084173681141,0.58976,0.5034021042,5.185508,99.9
2016-01-06,1.467394471168518,6073.39990234375,1.0084173681141,0.58976,0.5034021042,5.185508,99.9
2016-01-07,1.4629936218261719,5954.10009765625,1.0084173681141,0.58976,0.5034021042,5.185508,99.9
2016-01-08,1.4626940488815308,5912.39990234375,1.0084173681141,0.58976,0.5034021042,5.185508,99.9
2016-01-09,1.4626940488815308,5912.39990234375,1.0084173681141,0.58976,0.5034021042,5.185508,99.9
2016-01-10,1.4626940488815308,5912.39990234375,1.0084173681141,0.58976,0.5034021042,5.185508,99.9
2016-01-11,1.45249605178833,5871.7998046875,1.0084173681141,0.58976,0.5034021042,5.185508,99.9
2016-01-12,1.454397439956665,5929.2001953125,1.0084173681141,0.58976,0.5034021042,5.185508,99.9
2016-01-13,1.4436262845993042,5961.0,1.0084173681141,0.58976,0.5034021042,5.185508,99.9
2016-01-14,1.4407975673675537,5918.2001953125,1.0084173681141,0.58976,0.5034021042,5.185508,99.9
2016-01-15,1.442710041999817,5804.10009765625,1.0084173681141,0.58976,0.5034021042,5.185508,99.9
2016-01-16,1.442710041999817,5804.10009765625,1.0084173681141,0.58976,0.5034021042,5.185508,99.9
2016-01-17,1.442710041999817,5804.10009765625,1.0084173681141,0.58976,0.5034021042,5.185508,99.9
2016-01-18,1.4274091720581055,5779.89990234375,1.0084173681141,0.58976,0.5034021042,5.185508,99.9
2016-01-19,1.4253135919570923,5876.7998046875,1.0084173681141,0.58976,0.5034021042,5.185508,99.9
2016-01-20,1.4182385206222534,5673.60009765625,1.0084173681141,0.58976,0.5034021042,5.185508,99.9
2016-01-21,1.4198495149612427,5773.7998046875,1.0084173681141,0.58976,0.5034021042,5.185508,99.9
2016-01-22,1.4226775169372559,5900.0,1.0084173681141,0.58976,0.5034021042,5.185508,99.9
2016-01-23,1.4226775169372559,5900.0,1.0084173681141,0.58976,0.5034021042,5.185508,99.9
2016-01-24,1.4226775169372559,5900.0,1.0084173681141,0.58976,0.5034021042,5.185508,99.9
2016-01-25,1.4260046482086182,5877.0,1.0084173681141,0.58976,0.5034021042,5.185508,99.9
2016-01-26,1.4242985248565674,5911.5,1.0084173681141,0.58976,0.5034021042,5.185508,99.9
2016-01-27,1.434308648109436,5990.39990234375,1.0084173681141,0.58976,0.5034021042,5.185508,99.9
2016-01-28,1.4249074459075928,5931.7998046875,1.0084173681141,0.58976,0.5034021042,5.185508,99.9
2016-01-29,1.4362038373947144,6083.7998046875,1.0084173681141,0.58976,0.5034021042,5.185508,99.9
2016-01-30,1.4362038373947144,6083.7998046875,1.0084173681141,0.58976,0.5034021042,5.185508,99.9
2016-01-31,1.4362038373947144,6083.7998046875,1.0084173681141,0.58976,0.5034021042,5.185508,99.9
2016-02-01,1.4246028661727905,6060.10009765625,1.0084173681141,0.59073,0.5034021042,5.185508,100.1
2016-02-02,1.4427932500839233,5922.0,1.0084173681141,0.59073,0.5034021042,5.185508,100.1
2016-02-03,1.4409221410751343,5837.10009765625,1.0084173681141,0.59073,0.5034021042,5.185508,100.1
2016-02-04,1.4585764408111572,5898.7998046875,1.0084173681141,0.59073,0.5034021042,5.185508,100.1
2016-02-05,1.4581085443496704,5848.10009765625,1.0084173681141,0.59073,0.5034021042,5.185508,100.1
2016-02-06,1.4581085443496704,5848.10009765625,1.0084173681141,0.59073,0.5034021042,5.185508,100.1
2016-02-07,1.4581085443496704,5848.10009765625,1.0084173681141,0.59073,0.5034021042,5.185508,100.1
2016-02-08,1.4512102603912354,5689.39990234375,1.0084173681141,0.59073,0.5034021042,5.185508,100.1
2016-02-09,1.4436055421829224,5632.2001953125,1.0084173681141,0.59073,0.5034021042,5.185508,100.1
2016-02-10,1.446591854095459,5672.2998046875,1.0084173681141,0.59073,0.5034021042,5.185508,100.1
2016-02-11,1.452643871307373,5537.0,1.0084173681141,0.59073,0.5034021042,5.185508,100.1
2016-02-12,1.4482258558273315,5707.60009765625,1.0084173681141,0.59073,0.5034021042,5.185508,100.1
2016-02-13,1.4482258558273315,5707.60009765625,1.0084173681141,0.59073,0.5034021042,5.185508,100.1
2016-02-14,1.4482258558273315,5707.60009765625,1.0084173681141,0.59073,0.5034021042,5.185508,100.1
2016-02-15,1.4518002271652222,5824.2998046875,1.0084173681141,0.59073,0.5034021042,5.185508,100.1
2016-02-16,1.4459224939346313,5862.2001953125,1.0084173681141,0.59073,0.5034021042,5.185508,100.1
2016-02-17,1.4303901195526123,6030.2998046875,1.0084173681141,0.59073,0.5034021042,5.185508,100.1
2016-02-18,1.4281632900238037,5972.0,1.0084173681141,0.59073,0.5034021042,5.185508,100.1
2016-02-19,1.4333218336105347,5950.2001953125,1.0084173681141,0.59073,0.5034021042,5.185508,100.1
2016-02-20,1.4333218336105347,5950.2001953125,1.0084173681141,0.59073,0.5034021042,5.185508,100.1
2016-02-21,1.4333218336105347,5950.2001953125,1.0084173681141,0.59073,0.5034021042,5.185508,100.1
2016-02-22,1.426594614982605,6037.7001953125,1.0084173681141,0.59073,0.5034021042,5.185508,100.1
2016-02-23,1.4148073196411133,5962.2998046875,1.0084173681141,0.59073,0.5034021042,5.185508,100.1
2016-02-24,1.4013453722000122,5867.2001953125,1.0084173681141,0.59073,0.5034021042,5.185508,100.1
2016-02-25,1.3929517269134521,6012.7998046875,1.0084173681141,0.59073,0.5034021042,5.185508,100.1
2016-02-26,1.3966480493545532,6096.0,1.0084173681141,0.59073,0.5034021042,5.185508,100.1
2016-02-27,1.3966480493545532,6096.0,1.0084173681141,0.59073,0.5034021042,5.185508,100.1
2016-02-28,1.3966480493545532,6096.0,1.0084173681141,0.59073,0.5034021042,5.185508,100.1
2016-02-29,1.3861935138702393,6097.10009765625,1.0084173681141,0.59073,0.5034021042,5.185508,100.1
2016-03-01,1.3927963972091675,6152.89990234375,1.0084173681141,0.58825,0.5034021042,5.185508,100.4
2016-03-02,1.3963944911956787,6147.10009765625,1.0084173681141,0.58825,0.5034021042,5.185508,100.4
2016-03-03,1.408093810081482,6130.5,1.0084173681141,0.58825,0.5034021042,5.185508,100.4
2016-03-04,1.4174946546554565,6199.39990234375,1.0084173681141,0.58825,0.5034021042,5.185508,100.4
2016-03-05,1.4174946546554565,6199.39990234375,1.0084173681141,0.58825,0.5034021042,5.185508,100.4
2016-03-06,1.4174946546554565,6199.39990234375,1.0084173681141,0.58825,0.5034021042,5.185508,100.4
2016-03-07,1.4215044975280762,6182.39990234375,1.0084173681141,0.58825,0.5034021042,5.185508,100.4
2016-03-08,1.4261265993118286,6125.39990234375,1.0084173681141,0.58825,0.5034021042,5.185508,100.4
2016-03-09,1.4208581447601318,6146.2998046875,1.0084173681141,0.58825,0.5034021042,5.185508,100.4
2016-03-10,1.42069673538208,6036.7001953125,1.0084173681141,0.58825,0.5034021042,5.185508,100.4
2016-03-11,1.4287755489349365,6139.7998046875,1.0084173681141,0.58825,0.5034021042,5.185508,100.4
2016-03-12,1.4287755489349365,6139.7998046875,1.0084173681141,0.58825,0.5034021042,5.185508,100.4
2016-03-13,1.4287755489349365,6139.7998046875,1.0084173681141,0.58825,0.5034021042,5.185508,100.4
2016-03-14,1.4380005598068237,6174.60009765625,1.0084173681141,0.58825,0.5034021042,5.185508,100.4
2016-03-15,1.4282041788101196,6140.0,1.0084173681141,0.58825,0.5034021042,5.185508,100.4
2016-03-16,1.4156285524368286,6175.5,1.0084173681141,0.58825,0.5034021042,5.185508,100.4
2016-03-17,1.4255167245864868,6201.10009765625,1.0084173681141,0.58825,0.5034021042,5.185508,100.4
2016-03-18,1.4478065967559814,6189.60009765625,1.0084173681141,0.58825,0.5034021042,5.185508,100.4
2016-03-19,1.4478065967559814,6189.60009765625,1.0084173681141,0.58825,0.5034021042,5.185508,100.4
2016-03-20,1.4478065967559814,6189.60009765625,1.0084173681141,0.58825,0.5034021042,5.185508,100.4
2016-03-21,1.4468011856079102,6184.60009765625,1.0084173681141,0.58825,0.5034021042,5.185508,100.4
2016-03-22,1.4370087385177612,6192.7001953125,1.0084173681141,0.58825,0.5034021042,5.185508,100.4
2016-03-23,1.4224953651428223,6199.10009765625,1.0084173681141,0.58825,0.5034021042,5.185508,100.4
2016-03-24,1.411691665649414,6106.5,1.0084173681141,0.58825,0.5034021042,5.185508,100.4
2016-03-25,1.4130080938339233,6106.5,1.0084173681141,0.58825,0.5034021042,5.185508,100.4
2016-03-26,1.4130080938339233,6106.5,1.0084173681141,0.58825,0.5034021042,5.185508,100.4
2016-03-27,1.4130080938339233,6106.5,1.0084173681141,0.58825,0.5034021042,5.185508,100.4
2016-03-28,1.413107991218567,6106.5,1.0084173681141,0.58825,0.5034021042,5.185508,100.4
2016-03-29,1.4263300895690918,6105.89990234375,1.0084173681141,0.58825,0.5034021042,5.185508,100.4
2016-03-30,1.438641905784607,6203.2001953125,1.0084173681141,0.58825,0.5034021042,5.185508,100.4
2016-03-31,1.4374011754989624,6174.89990234375,1.0084173681141,0.58825,0.5034021042,5.185508,100.4
2016-04-01,1.4366991519927979,6146.10009765625,1.0084173681141,0.5889,0.7355634831,5.042955,100.6
2016-04-02,1.4366991519927979,6146.10009765625,1.0084173681141,0.5889,0.7355634831,5.042955,100.6
2016-04-03,1.4366991519927979,6146.10009765625,1.0084173681141,0.5889,0.7355634831,5.042955,100.6
2016-04-04,1.422454833984375,6164.7001953125,1.0084173681141,0.5889,0.7355634831,5.042955,100.6
2016-04-05,1.4264928102493286,6091.2001953125,1.0084173681141,0.5889,0.7355634831,5.042955,100.6
2016-04-06,1.4156285524368286,6161.60009765625,1.0084173681141,0.5889,0.7355634831,5.042955,100.6
2016-04-07,1.4138071537017822,6136.89990234375,1.0084173681141,0.5889,0.7355634831,5.042955,100.6
2016-04-08,1.4057974815368652,6204.39990234375,1.0084173681141,0.5889,0.7355634831,5.042955,100.6
2016-04-09,1.4057974815368652,6204.39990234375,1.0084173681141,0.5889,0.7355634831,5.042955,100.6
2016-04-10,1.4057974815368652,6204.39990234375,1.0084173681141,0.5889,0.7355634831,5.042955,100.6
2016-04-11,1.4130080938339233,6200.10009765625,1.0084173681141,0.5889,0.7355634831,5.042955,100.6
2016-04-12,1.4234064817428589,6242.39990234375,1.0084173681141,0.5889,0.7355634831,5.042955,100.6
2016-04-13,1.4268999099731445,6362.89990234375,1.0084173681141,0.5889,0.7355634831,5.042955,100.6
2016-04-14,1.4192047119140625,6365.10009765625,1.0084173681141,0.5889,0.7355634831,5.042955,100.6
2016-04-15,1.4146071672439575,6343.7998046875,1.0084173681141,0.5889,0.7355634831,5.042955,100.6
2016-04-16,1.4146071672439575,6343.7998046875,1.0084173681141,0.5889,0.7355634831,5.042955,100.6
2016-04-17,1.4146071672439575,6343.7998046875,1.0084173681141,0.5889,0.7355634831,5.042955,100.6
2016-04-18,1.4174344539642334,6353.5,1.0084173681141,0.5889,0.7355634831,5.042955,100.6
2016-04-19,1.4289796352386475,6405.39990234375,1.0084173681141,0.5889,0.7355634831,5.042955,100.6
2016-04-20,1.4389524459838867,6410.2998046875,1.0084173681141,0.5889,0.7355634831,5.042955,100.6
2016-04-21,1.4338973760604858,6381.39990234375,1.0084173681141,0.5889,0.7355634831,5.042955,100.6
2016-04-22,1.432295322418213,6310.39990234375,1.0084173681141,0.5889,0.7355634831,5.042955,100.6
2016-04-23,1.432295322418213,6310.39990234375,1.0084173681141,0.5889,0.7355634831,5.042955,100.6
2016-04-24,1.432295322418213,6310.39990234375,1.0084173681141,0.5889,0.7355634831,5.042955,100.6
2016-04-25,1.4446691274642944,6260.89990234375,1.0084173681141,0.5889,0.7355634831,5.042955,100.6
2016-04-26,1.4490653276443481,6284.5,1.0084173681141,0.5889,0.7355634831,5.042955,100.6
2016-04-27,1.457726001739502,6319.89990234375,1.0084173681141,0.5889,0.7355634831,5.042955,100.6
2016-04-28,1.4542070627212524,6322.39990234375,1.0084173681141,0.5889,0.7355634831,5.042955,100.6
2016-04-29,1.4611338376998901,6241.89990234375,1.0084173681141,0.5889,0.7355634831,5.042955,100.6
2016-04-30,1.4611338376998901,6241.89990234375,1.0084173681141,0.5889,0.7355634831,5.042955,100.6
2016-05-01,1.4611338376998901,6241.89990234375,1.0084173681141,0.58929,0.7355634831,5.042955,100.8
2016-05-02,1.4602802991867065,6241.89990234375,1.0084173681141,0.58929,0.7355634831,5.042955,100.8
2016-05-03,1.4665981531143188,6185.60009765625,1.0084173681141,0.58929,0.7355634831,5.042955,100.8
2016-05-04,1.4550957679748535,6112.0,1.0084173681141,0.58929,0.7355634831,5.042955,100.8
2016-05-05,1.4507049322128296,6117.2998046875,1.0084173681141,0.58929,0.7355634831,5.042955,100.8
2016-05-06,1.4492753744125366,6125.7001953125,1.0084173681141,0.58929,0.7355634831,5.042955,100.8
2016-05-07,1.4492753744125366,6125.7001953125,1.0084173681141,0.58929,0.7355634831,5.042955,100.8
2016-05-08,1.4492753744125366,6125.7001953125,1.0084173681141,0.58929,0.7355634831,5.042955,100.8
2016-05-09,1.443084716796875,6114.7998046875,1.0084173681141,0.58929,0.7355634831,5.042955,100.8
2016-05-10,1.4415452480316162,6156.7001953125,1.0084173681141,0.58929,0.7355634831,5.042955,100.8
2016-05-11,1.4451494216918945,6162.5,1.0084173681141,0.58929,0.7355634831,5.042955,100.8
2016-05-12,1.4438347816467285,6104.2001953125,1.0084173681141,0.58929,0.7355634831,5.042955,100.8
2016-05-13,1.4445230960845947,6138.5,1.0084173681141,0.58929,0.7355634831,5.042955,100.8
2016-05-14,1.4445230960845947,6138.5,1.0084173681141,0.58929,0.7355634831,5.042955,100.8
2016-05-15,1.4445230960845947,6138.5,1.0084173681141,0.58929,0.7355634831,5.042955,100.8
2016-05-16,1.4349260330200195,6151.39990234375,1.0084173681141,0.58929,0.7355634831,5.042955,100.8
2016-05-17,1.4446901082992554,6167.7998046875,1.0084173681141,0.58929,0.7355634831,5.042955,100.8
2016-05-18,1.4455254077911377,6165.7998046875,1.0084173681141,0.58929,0.7355634831,5.042955,100.8
2016-05-19,1.4596196413040161,6053.39990234375,1.0084173681141,0.58929,0.7355634831,5.042955,100.8
2016-05-20,1.4601097106933594,6156.2998046875,1.0084173681141,0.58929,0.7355634831,5.042955,100.8
2016-05-21,1.4601097106933594,6156.2998046875,1.0084173681141,0.58929,0.7355634831,5.042955,100.8
2016-05-22,1.4601097106933594,6156.2998046875,1.0084173681141,0.58929,0.7355634831,5.042955,100.8
2016-05-23,1.4490653276443481,6136.39990234375,1.0084173681141,0.58929,0.7355634831,5.042955,100.8
2016-05-24,1.4481840133666992,6219.2998046875,1.0084173681141,0.58929,0.7355634831,5.042955,100.8
2016-05-25,1.4612619876861572,6262.89990234375,1.0084173681141,0.58929,0.7355634831,5.042955,100.8
2016-05-26,1.4698317050933838,6265.7001953125,1.0084173681141,0.58929,0.7355634831,5.042955,100.8
2016-05-27,1.466490626335144,6270.7998046875,1.0084173681141,0.58929,0.7355634831,5.042955,100.8
2016-05-28,1.466490626335144,6270.7998046875,1.0084173681141,0.58929,0.7355634831,5.042955,100.8
2016-05-29,1.466490626335144,6270.7998046875,1.0084173681141,0.58929,0.7355634831,5.042955,100.8
2016-05-30,1.4626511335372925,6270.7998046875,1.0084173681141,0.58929,0.7355634831,5.042955,100.8
2016-05-31,1.4635074138641357,6230.7998046875,1.0084173681141,0.58929,0.7355634831,5.042955,100.8
2016-06-01,1.4482468366622925,6191.89990234375,1.0084173681141,0.57468,0.7355634831,5.042955,101.0
2016-06-02,1.4419403076171875,6185.60009765625,1.0084173681141,0.57468,0.7355634831,5.042955,101.0
2016-06-03,1.4405485391616821,6209.60009765625,1.0084173681141,0.57468,0.7355634831,5.042955,101.0
2016-06-04,1.4405485391616821,6209.60009765625,1.0084173681141,0.57468,0.7355634831,5.042955,101.0
2016-06-05,1.4405485391616821,6209.60009765625,1.0084173681141,0.57468,0.7355634831,5.042955,101.0
2016-06-06,1.4383935928344727,6273.39990234375,1.0084173681141,0.57468,0.7355634831,5.042955,101.0
2016-06-07,1.4459224939346313,6284.5,1.0084173681141,0.57468,0.7355634831,5.042955,101.0
2016-06-08,1.454355001449585,6301.5,1.0084173681141,0.57468,0.7355634831,5.042955,101.0
2016-06-09,1.4518423080444336,6231.89990234375,1.0084173681141,0.57468,0.7355634831,5.042955,101.0
2016-06-10,1.4463825225830078,6115.7998046875,1.0084173681141,0.57468,0.7355634831,5.042955,101.0
2016-06-11,1.4463825225830078,6115.7998046875,1.0084173681141,0.57468,0.7355634831,5.042955,101.0
2016-06-12,1.4463825225830078,6115.7998046875,1.0084173681141,0.57468,0.7355634831,5.042955,101.0
2016-06-13,1.4188824892044067,6045.0,1.0084173681141,0.57468,0.7355634831,5.042955,101.0
2016-06-14,1.4206764698028564,5923.5,1.0084173681141,0.57468,0.7355634831,5.042955,101.0
2016-06-15,1.4123696088790894,5966.7998046875,1.0084173681141,0.57468,0.7355634831,5.042955,101.0
2016-06-16,1.41958749294281,5950.5,1.0084173681141,0.57468,0.7355634831,5.042955,101.0
2016-06-17,1.4295722246170044,6021.10009765625,1.0084173681141,0.57468,0.7355634831,5.042955,101.0
2016-06-18,1.4295722246170044,6021.10009765625,1.0084173681141,0.57468,0.7355634831,5.042955,101.0
2016-06-19,1.4295722246170044,6021.10009765625,1.0084173681141,0.57468,0.7355634831,5.042955,101.0
2016-06-20,1.4585976600646973,6204.0,1.0084173681141,0.57468,0.7355634831,5.042955,101.0
2016-06-21,1.467502236366272,6226.60009765625,1.0084173681141,0.57468,0.7355634831,5.042955,101.0
2016-06-22,1.4670286178588867,6261.2001953125,1.0084173681141,0.57468,0.7355634831,5.042955,101.0
2016-06-23,1.4789398908615112,6338.10009765625,1.0084173681141,0.57468,0.7355634831,5.042955,101.0
2016-06-24,1.4557948112487793,6138.7001953125,1.0084173681141,0.57468,0.7355634831,5.042955,101.0
2016-06-25,1.4557948112487793,6138.7001953125,1.0084173681141,0.57468,0.7355634831,5.042955,101.0
2016-06-26,1.4557948112487793,6138.7001953125,1.0084173681141,0.57468,0.7355634831,5.042955,101.0
2016-06-27,1.3450984954833984,5982.2001953125,1.0084173681141,0.57468,0.7355634831,5.042955,101.0
2016-06-28,1.323504090309143,6140.39990234375,1.0084173681141,0.57468,0.7355634831,5.042955,101.0
2016-06-29,1.3350956439971924,6360.10009765625,1.0084173681141,0.57468,0.7355634831,5.042955,101.0
2016-06-30,1.3465837240219116,6504.2998046875,1.0084173681141,0.57468,0.7355634831,5.042955,101.0
2016-07-01,1.3328713178634644,6577.7998046875,1.0084173681141,0.5136,0.4414821791,4.965902,100.9
2016-07-02,1.3328713178634644,6577.7998046875,1.0084173681141,0.5136,0.4414821791,4.965902,100.9
2016-07-03,1.3328713178634644,6577.7998046875,1.0084173681141,0.5136,0.4414821791,4.965902,100.9
2016-07-04,1.3289920091629028,6522.2998046875,1.0084173681141,0.5136,0.4414821791,4.965902,100.9
2016-07-05,1.3279860019683838,6545.39990234375,1.0084173681141,0.5136,0.4414821791,4.965902,100.9
2016-07-06,1.2957899570465088,6463.60009765625,1.0084173681141,0.5136,0.4414821791,4.965902,100.9
2016-07-07,1.292590856552124,6533.7998046875,1.0084173681141,0.5136,0.4414821791,4.965902,100.9
2016-07-08,1.2915725708007812,6590.60009765625,1.0084173681141,0.5136,0.4414821791,4.965902,100.9
2016-07-09,1.2915725708007812,6590.60009765625,1.0084173681141,0.5136,0.4414821791,4.965902,100.9
2016-07-10,1.2915725708007812,6590.60009765625,1.0084173681141,0.5136,0.4414821791,4.965902,100.9
2016-07-11,1.2946157455444336,6682.89990234375,1.0084173681141,0.5136,0.4414821791,4.965902,100.9
2016-07-12,1.2981113195419312,6680.7001953125,1.0084173681141,0.5136,0.4414821791,4.965902,100.9
2016-07-13,1.3278273344039917,6670.39990234375,1.0084173681141,0.5136,0.4414821791,4.965902,100.9
2016-07-14,1.3119744062423706,6654.5,1.0084173681141,0.5136,0.4414821791,4.965902,100.9
2016-07-15,1.3357912302017212,6669.2001953125,1.0084173681141,0.5136,0.4414821791,4.965902,100.9
2016-07-16,1.3357912302017212,6669.2001953125,1.0084173681141,0.5136,0.4414821791,4.965902,100.9
2016-07-17,1.3357912302017212,6669.2001953125,1.0084173681141,0.5136,0.4414821791,4.965902,100.9
2016-07-18,1.3229613304138184,6695.39990234375,1.0084173681141,0.5136,0.4414821791,4.965902,100.9
2016-07-19,1.3268934488296509,6697.39990234375,1.0084173681141,0.5136,0.4414821791,4.965902,100.9
2016-07-20,1.310839295387268,6729.0,1.0084173681141,0.5136,0.4414821791,4.965902,100.9
2016-07-21,1.326453447341919,6699.89990234375,1.0084173681141,0.5136,0.4414821791,4.965902,100.9
2016-07-22,1.3246086835861206,6730.5,1.0084173681141,0.5136,0.4414821791,4.965902,100.9
2016-07-23,1.3246086835861206,6730.5,1.0084173681141,0.5136,0.4414821791,4.965902,100.9
2016-07-24,1.3246086835861206,6730.5,1.0084173681141,0.5136,0.4414821791,4.965902,100.9
2016-07-25,1.3129734992980957,6710.10009765625,1.0084173681141,0.5136,0.4414821791,4.965902,100.9
2016-07-26,1.3107877969741821,6724.0,1.0084173681141,0.5136,0.4414821791,4.965902,100.9
2016-07-27,1.3152875900268555,6750.39990234375,1.0084173681141,0.5136,0.4414821791,4.965902,100.9
2016-07-28,1.323784351348877,6721.10009765625,1.0084173681141,0.5136,0.4414821791,4.965902,100.9
2016-07-29,1.316187858581543,6724.39990234375,1.0084173681141,0.5136,0.4414821791,4.965902,100.9
2016-07-30,1.316187858581543,6724.39990234375,1.0084173681141,0.5136,0.4414821791,4.965902,100.9
2016-07-31,1.316187858581543,6724.39990234375,1.0084173681141,0.5136,0.4414821791,4.965902,100.9
2016-08-01,1.3216325044631958,6694.0,1.0084173681141,0.40613,0.4414821791,4.965902,101.2
2016-08-02,1.3185480833053589,6645.39990234375,1.0084173681141,0.40613,0.4414821791,4.965902,101.2
2016-08-03,1.333777904510498,6634.39990234375,1.0084173681141,0.40613,0.4414821791,4.965902,101.2
2016-08-04,1.332800269126892,6740.2001953125,1.0084173681141,0.40613,0.4414821791,4.965902,101.2
2016-08-05,1.3129217624664307,6793.5,1.0084173681141,0.40613,0.4414821791,4.965902,101.2
2016-08-06,1.3129217624664307,6793.5,1.0084173681141,0.40613,0.4414821791,4.965902,101.2
2016-08-07,1.3129217624664307,6793.5,1.0084173681141,0.40613,0.4414821791,4.965902,101.2
2016-08-08,1.3085750341415405,6809.10009765625,1.0084173681141,0.40613,0.4414821791,4.965902,101.2
2016-08-09,1.3032373189926147,6851.2998046875,1.0084173681141,0.40613,0.4414821791,4.965902,101.2
2016-08-10,1.3007115125656128,6866.39990234375,1.0084173681141,0.40613,0.4414821791,4.965902,101.2
2016-08-11,1.3020155429840088,6914.7001953125,1.0084173681141,0.40613,0.4414821791,4.965902,101.2
2016-08-12,1.2954877614974976,6916.0,1.0084173681141,0.40613,0.4414821791,4.965902,101.2
2016-08-13,1.2954877614974976,6916.0,1.0084173681141,0.40613,0.4414821791,4.965902,101.2
2016-08-14,1.2954877614974976,6916.0,1.0084173681141,0.40613,0.4414821791,4.965902,101.2
2016-08-15,1.290988802909851,6941.2001953125,1.0084173681141,0.40613,0.4414821791,4.965902,101.2
2016-08-16,1.2883111238479614,6893.89990234375,1.0084173681141,0.40613,0.4414821791,4.965902,101.2
2016-08-17,1.303373098373413,6859.2001953125,1.0084173681141,0.40613,0.4414821791,4.965902,101.2
2016-08-18,1.3044612407684326,6869.0,1.0084173681141,0.40613,0.4414821791,4.965902,101.2
2016-08-19,1.3166556358337402,6859.0,1.0084173681141,0.40613,0.4414821791,4.965902,101.2
2016-08-20,1.3166556358337402,6859.0,1.0084173681141,0.40613,0.4414821791,4.965902,101.2
2016-08-21,1.3166556358337402,6859.0,1.0084173681141,0.40613,0.4414821791,4.965902,101.2
2016-08-22,1.3056023120880127,6828.5,1.0084173681141,0.40613,0.4414821791,4.965902,101.2
2016-08-23,1.3137152194976807,6868.5,1.0084173681141,0.40613,0.4414821791,4.965902,101.2
2016-08-24,1.3196094036102295,6835.7998046875,1.0084173681141,0.40613,0.4414821791,4.965902,101.2
2016-08-25,1.3234516382217407,6816.89990234375,1.0084173681141,0.40613,0.4414821791,4.965902,101.2
2016-08-26,1.3194352388381958,6838.10009765625,1.0084173681141,0.40613,0.4414821791,4.965902,101.2
2016-08-27,1.3194352388381958,6838.10009765625,1.0084173681141,0.40613,0.4414821791,4.965902,101.2
2016-08-28,1.3194352388381958,6838.10009765625,1.0084173681141,0.40613,0.4414821791,4.965902,101.2
2016-08-29,1.3128528594970703,6838.10009765625,1.0084173681141,0.40613,0.4414821791,4.965902,101.2
2016-08-30,1.3107877969741821,6820.7998046875,1.0084173681141,0.40613,0.4414821791,4.965902,101.2
2016-08-31,1.3090718984603882,6781.5,1.0084173681141,0.40613,0.4414821791,4.965902,101.2
2016-09-01,1.3133701086044312,6746.0,1.0084173681141,0.37907,0.4414821791,4.965902,101.5
2016-09-02,1.327492356300354,6894.60009765625,1.0084173681141,0.37907,0.4414821791,4.965902,101.5
2016-09-03,1.327492356300354,6894.60009765625,1.0084173681141,0.37907,0.4414821791,4.965902,101.5
2016-09-04,1.327492356300354,6894.60009765625,1.0084173681141,0.37907,0.4414821791,4.965902,101.5
2016-09-05,1.3294336795806885,6879.39990234375,1.0084173681141,0.37907,0.4414821791,4.965902,101.5
2016-09-06,1.3313806056976318,6826.10009765625,1.0084173681141,0.37907,0.4414821791,4.965902,101.5
2016-09-07,1.3421016931533813,6846.60009765625,1.0084173681141,0.37907,0.4414821791,4.965902,101.5
2016-09-08,1.333866834640503,6858.7001953125,1.0084173681141,0.37907,0.4414821791,4.965902,101.5
2016-09-09,1.331026315689087,6777.0,1.0084173681141,0.37907,0.4414821791,4.965902,101.5
2016-09-10,1.331026315689087,6777.0,1.0084173681141,0.37907,0.4414821791,4.965902,101.5
2016-09-11,1.331026315689087,6777.0,1.0084173681141,0.37907,0.4414821791,4.965902,101.5
2016-09-12,1.327316164970398,6700.89990234375,1.0084173681141,0.37907,0.4414821791,4.965902,101.5
2016-09-13,1.333866834640503,6665.60009765625,1.0084173681141,0.37907,0.4414821791,4.965902,101.5
2016-09-14,1.3194352388381958,6673.2998046875,1.0084173681141,0.37907,0.4414821791,4.965902,101.5
2016-09-15,1.326435923576355,6730.2998046875,1.0084173681141,0.37907,0.4414821791,4.965902,101.5
2016-09-16,1.3247665166854858,6710.2998046875,1.0084173681141,0.37907,0.4414821791,4.965902,101.5
2016-09-17,1.3247665166854858,6710.2998046875,1.0084173681141,0.37907,0.4414821791,4.965902,101.5
2016-09-18,1.3247665166854858,6710.2998046875,1.0084173681141,0.37907,0.4414821791,4.965902,101.5
2016-09-19,1.3016257286071777,6813.60009765625,1.0084173681141,0.37907,0.4414821791,4.965902,101.5
2016-09-20,1.3044612407684326,6830.7998046875,1.0084173681141,0.37907,0.4414821791,4.965902,101.5
2016-09-21,1.2985326051712036,6834.7998046875,1.0084173681141,0.37907,0.4414821791,4.965902,101.5
2016-09-22,1.3036110401153564,6911.39990234375,1.0084173681141,0.37907,0.4414821791,4.965902,101.5
2016-09-23,1.3087291717529297,6909.39990234375,1.0084173681141,0.37907,0.4414821791,4.965902,101.5
2016-09-24,1.3087291717529297,6909.39990234375,1.0084173681141,0.37907,0.4414821791,4.965902,101.5
2016-09-25,1.3087291717529297,6909.39990234375,1.0084173681141,0.37907,0.4414821791,4.965902,101.5
2016-09-26,1.297858476638794,6818.0,1.0084173681141,0.37907,0.4414821791,4.965902,101.5
2016-09-27,1.2969495058059692,6807.7001953125,1.0084173681141,0.37907,0.4414821791,4.965902,101.5
2016-09-28,1.3012362718582153,6849.39990234375,1.0084173681141,0.37907,0.4414821791,4.965902,101.5
2016-09-29,1.3039510250091553,6919.39990234375,1.0084173681141,0.37907,0.4414821791,4.965902,101.5
2016-09-30,1.2963443994522095,6899.2998046875,1.0084173681141,0.37907,0.4414821791,4.965902,101.5
2016-10-01,1.2963443994522095,6899.2998046875,1.0084173681141,0.3975,0.618994847,4.860982,101.6
2016-10-02,1.2963443994522095,6899.2998046875,1.0084173681141,0.3975,0.618994847,4.860982,101.6
2016-10-03,1.2931592464447021,6983.5,1.0084173681141,0.3975,0.618994847,4.860982,101.6
2016-10-04,1.2848516702651978,7074.2998046875,1.0084173681141,0.3975,0.618994847,4.860982,101.6
2016-10-05,1.273236632347107,7033.2998046875,1.0084173681141,0.3975,0.618994847,4.860982,101.6
2016-10-06,1.2755101919174194,7000.0,1.0084173681141,0.3975,0.618994847,4.860982,101.6
2016-10-07,1.2402331829071045,7044.39990234375,1.0084173681141,0.3975,0.618994847,4.860982,101.6
2016-10-08,1.2402331829071045,7044.39990234375,1.0084173681141,0.3975,0.618994847,4.860982,101.6
2016-10-09,1.2402331829071045,7044.39990234375,1.0084173681141,0.3975,0.618994847,4.860982,101.6
2016-10-10,1.2434717416763306,7097.5,1.0084173681141,0.3975,0.618994847,4.860982,101.6
2016-10-11,1.2341108322143555,7070.89990234375,1.0084173681141,0.3975,0.618994847,4.860982,101.6
2016-10-12,1.2278977632522583,7024.0,1.0084173681141,0.3975,0.618994847,4.860982,101.6
2016-10-13,1.2187690734863281,6977.7001953125,1.0084173681141,0.3975,0.618994847,4.860982,101.6
2016-10-14,1.222195029258728,7013.60009765625,1.0084173681141,0.3975,0.618994847,4.860982,101.6
2016-10-15,1.222195029258728,7013.60009765625,1.0084173681141,0.3975,0.618994847,4.860982,101.6
2016-10-16,1.222195029258728,7013.60009765625,1.0084173681141,0.3975,0.618994847,4.860982,101.6
2016-10-17,1.2183235883712769,6947.60009765625,1.0084173681141,0.3975,0.618994847,4.860982,101.6
2016-10-18,1.2218962907791138,7000.10009765625,1.0084173681141,0.3975,0.618994847,4.860982,101.6
2016-10-19,1.230466365814209,7021.89990234375,1.0084173681141,0.3975,0.618994847,4.860982,101.6
2016-10-20,1.2289540767669678,7026.89990234375,1.0084173681141,0.3975,0.618994847,4.860982,101.6
2016-10-21,1.2256402969360352,7020.5,1.0084173681141,0.3975,0.618994847,4.860982,101.6
2016-10-22,1.2256402969360352,7020.5,1.0084173681141,0.3975,0.618994847,4.860982,101.6
2016-10-23,1.2256402969360352,7020.5,1.0084173681141,0.3975,0.618994847,4.860982,101.6
2016-10-24,1.2219113111495972,6986.39990234375,1.0084173681141,0.3975,0.618994847,4.860982,101.6
2016-10-25,1.2217471599578857,7017.60009765625,1.0084173681141,0.3975,0.618994847,4.860982,101.6
2016-10-26,1.217581868171692,6958.10009765625,1.0084173681141,0.3975,0.618994847,4.860982,101.6
2016-10-27,1.2235409021377563,6986.60009765625,1.0084173681141,0.3975,0.618994847,4.860982,101.6
2016-10-28,1.2171372175216675,6996.2998046875,1.0084173681141,0.3975,0.618994847,4.860982,101.6
2016-10-29,1.2171372175216675,6996.2998046875,1.0084173681141,0.3975,0.618994847,4.860982,101.6
2016-10-30,1.2171372175216675,6996.2998046875,1.0084173681141,0.3975,0.618994847,4.860982,101.6
2016-10-31,1.2215979099273682,6954.2001953125,1.0084173681141,0.3975,0.618994847,4.860982,101.6
2016-11-01,1.2236906290054321,6917.10009765625,1.0084173681141,0.39773,0.618994847,4.860982,101.8
2016-11-02,1.2238553762435913,6845.39990234375,1.0084173681141,0.39773,0.618994847,4.860982,101.8
2016-11-03,1.230466365814209,6790.5,1.0084173681141,0.39773,0.618994847,4.860982,101.8
2016-11-04,1.2468827962875366,6693.2998046875,1.0084173681141,0.39773,0.618994847,4.860982,101.8
2016-11-05,1.2468827962875366,6693.2998046875,1.0084173681141,0.39773,0.618994847,4.860982,101.8
2016-11-06,1.2468827962875366,6693.2998046875,1.0084173681141,0.39773,0.618994847,4.860982,101.8
2016-11-07,1.248907208442688,6806.89990234375,1.0084173681141,0.39773,0.618994847,4.860982,101.8
2016-11-08,1.2399256229400635,6843.10009765625,1.0084173681141,0.39773,0.618994847,4.860982,101.8
2016-11-09,1.2388503551483154,6911.7998046875,1.0084173681141,0.39773,0.618994847,4.860982,101.8
2016-11-10,1.242081642150879,6828.0,1.0084173681141,0.39773,0.618994847,4.860982,101.8
2016-11-11,1.2553352117538452,6730.39990234375,1.0084173681141,0.39773,0.618994847,4.860982,101.8
2016-11-12,1.2553352117538452,6730.39990234375,1.0084173681141,0.39773,0.618994847,4.860982,101.8
2016-11-13,1.2553352117538452,6730.39990234375,1.0084173681141,0.39773,0.618994847,4.860982,101.8
2016-11-14,1.2573871612548828,6753.2001953125,1.0084173681141,0.39773,0.618994847,4.860982,101.8
2016-11-15,1.2520345449447632,6792.7001953125,1.0084173681141,0.39773,0.618994847,4.860982,101.8
2016-11-16,1.2456402778625488,6749.7001953125,1.0084173681141,0.39773,0.618994847,4.860982,101.8
2016-11-17,1.2442454099655151,6794.7001953125,1.0084173681141,0.39773,0.618994847,4.860982,101.8
2016-11-18,1.2410026788711548,6775.7998046875,1.0084173681141,0.39773,0.618994847,4.860982,101.8
2016-11-19,1.2410026788711548,6775.7998046875,1.0084173681141,0.39773,0.618994847,4.860982,101.8
2016-11-20,1.2410026788711548,6775.7998046875,1.0084173681141,0.39773,0.618994847,4.860982,101.8
2016-11-21,1.2324377298355103,6778.0,1.0084173681141,0.39773,0.618994847,4.860982,101.8
2016-11-22,1.2493752241134644,6819.7001953125,1.0084173681141,0.39773,0.618994847,4.860982,101.8
2016-11-23,1.2423903942108154,6817.7001953125,1.0084173681141,0.39773,0.618994847,4.860982,101.8
2016-11-24,1.2433171272277832,6829.2001953125,1.0084173681141,0.39773,0.618994847,4.860982,101.8
2016-11-25,1.2452834844589233,6840.7998046875,1.0084173681141,0.39773,0.618994847,4.860982,101.8
2016-11-26,1.2452834844589233,6840.7998046875,1.0084173681141,0.39773,0.618994847,4.860982,101.8
2016-11-27,1.2452834844589233,6840.7998046875,1.0084173681141,0.39773,0.618994847,4.860982,101.8
2016-11-28,1.248127818107605,6799.5,1.0084173681141,0.39773,0.618994847,4.860982,101.8
2016-11-29,1.2411566972732544,6772.0,1.0084173681141,0.39773,0.618994847,4.860982,101.8
2016-11-30,1.249219298362732,6783.7998046875,1.0084173681141,0.39773,0.618994847,4.860982,101.8
2016-12-01,1.2517211437225342,6752.89990234375,1.0084173681141,0.37226,0.618994847,4.860982,102.2
2016-12-02,1.2589701414108276,6730.7001953125,1.0084173681141,0.37226,0.618994847,4.860982,102.2
2016-12-03,1.2589701414108276,6730.7001953125,1.0084173681141,0.37226,0.618994847,4.860982,102.2
2016-12-04,1.2589701414108276,6730.7001953125,1.0084173681141,0.37226,0.618994847,4.860982,102.2
2016-12-05,1.266784906387329,6746.7998046875,1.0084173681141,0.37226,0.618994847,4.860982,102.2
2016-12-06,1.2728476524353027,6779.7998046875,1.0084173681141,0.37226,0.618994847,4.860982,102.2
2016-12-07,1.2671059370040894,6902.2001953125,1.0084173681141,0.37226,0.618994847,4.860982,102.2
2016-12-08,1.262785792350769,6931.60009765625,1.0084173681141,0.37226,0.618994847,4.860982,102.2
2016-12-09,1.2584948539733887,6954.2001953125,1.0084173681141,0.37226,0.618994847,4.860982,102.2
2016-12-10,1.2584948539733887,6954.2001953125,1.0084173681141,0.37226,0.618994847,4.860982,102.2
2016-12-11,1.2584948539733887,6954.2001953125,1.0084173681141,0.37226,0.618994847,4.860982,102.2
2016-12-12,1.2597631216049194,6890.39990234375,1.0084173681141,0.37226,0.618994847,4.860982,102.2
2016-12-13,1.2675877809524536,6968.60009765625,1.0084173681141,0.37226,0.618994847,4.860982,102.2
2016-12-14,1.2663036584854126,6949.2001953125,1.0084173681141,0.37226,0.618994847,4.860982,102.2
2016-12-15,1.253824234008789,6999.0,1.0084173681141,0.37226,0.618994847,4.860982,102.2
2016-12-16,1.2423903942108154,7011.60009765625,1.0084173681141,0.37226,0.618994847,4.860982,102.2
2016-12-17,1.2423903942108154,7011.60009765625,1.0084173681141,0.37226,0.618994847,4.860982,102.2
2016-12-18,1.2423903942108154,7011.60009765625,1.0084173681141,0.37226,0.618994847,4.860982,102.2
2016-12-19,1.248907208442688,7017.2001953125,1.0084173681141,0.37226,0.618994847,4.860982,102.2
2016-12-20,1.2390038967132568,7044.0,1.0084173681141,0.37226,0.618994847,4.860982,102.2
2016-12-21,1.2365524768829346,7041.39990234375,1.0084173681141,0.37226,0.618994847,4.860982,102.2
2016-12-22,1.2354830503463745,7063.7001953125,1.0084173681141,0.37226,0.618994847,4.860982,102.2
2016-12-23,1.2285012006759644,7068.2001953125,1.0084173681141,0.37226,0.618994847,4.860982,102.2
2016-12-24,1.2285012006759644,7068.2001953125,1.0084173681141,0.37226,0.618994847,4.860982,102.2
2016-12-25,1.2285012006759644,7068.2001953125,1.0084173681141,0.37226,0.618994847,4.860982,102.2
2016-12-26,1.2289540767669678,7068.2001953125,1.0084173681141,0.37226,0.618994847,4.860982,102.2
2016-12-27,1.227596402168274,7068.2001953125,1.0084173681141,0.37226,0.618994847,4.860982,102.2
2016-12-28,1.227596402168274,7106.10009765625,1.0084173681141,0.37226,0.618994847,4.860982,102.2
2016-12-29,1.2224938869476318,7120.2998046875,1.0084173681141,0.37226,0.618994847,4.860982,102.2
2016-12-30,1.2288031578063965,7142.7998046875,1.0084173681141,0.37226,0.618994847,4.860982,102.2
2016-12-31,1.2288031578063965,7142.7998046875,1.0084173681141,0.37226,0.618994847,4.860982,102.2
2017-01-01,1.2288031578063965,7142.7998046875,2.55775577557747,0.3621,0.9539717667,4.686534,101.8
2017-01-02,1.234903335571289,7142.7998046875,2.55775577557747,0.3621,0.9539717667,4.686534,101.8
2017-01-03,1.2281994819641113,7177.89990234375,2.55775577557747,0.3621,0.9539717667,4.686534,101.8
2017-01-04,1.2245597839355469,7189.7001953125,2.55775577557747,0.3621,0.9539717667,4.686534,101.8
2017-01-05,1.2326807975769043,7195.2998046875,2.55775577557747,0.3621,0.9539717667,4.686534,101.8
2017-01-06,1.2425447702407837,7210.10009765625,2.55775577557747,0.3621,0.9539717667,4.686534,101.8
2017-01-07,1.2425447702407837,7210.10009765625,2.55775577557747,0.3621,0.9539717667,4.686534,101.8
2017-01-08,1.2425447702407837,7210.10009765625,2.55775577557747,0.3621,0.9539717667,4.686534,101.8
2017-01-09,1.2260912656784058,7237.7998046875,2.55775577557747,0.3621,0.9539717667,4.686534,101.8
2017-01-10,1.2173447608947754,7275.5,2.55775577557747,0.3621,0.9539717667,4.686534,101.8
2017-01-11,1.2174336910247803,7290.5,2.55775577557747,0.3621,0.9539717667,4.686534,101.8
2017-01-12,1.2214486598968506,7292.39990234375,2.55775577557747,0.3621,0.9539717667,4.686534,101.8
2017-01-13,1.2165449857711792,7337.7998046875,2.55775577557747,0.3621,0.9539717667,4.686534,101.8
2017-01-14,1.2165449857711792,7337.7998046875,2.55775577557747,0.3621,0.9539717667,4.686534,101.8
2017-01-15,1.2165449857711792,7337.7998046875,2.55775577557747,0.3621,0.9539717667,4.686534,101.8
2017-01-16,1.2039345502853394,7327.10009765625,2.55775577557747,0.3621,0.9539717667,4.686534,101.8
2017-01-17,1.2040214538574219,7220.39990234375,2.55775577557747,0.3621,0.9539717667,4.686534,101.8
2017-01-18,1.2388043403625488,7247.60009765625,2.55775577557747,0.3621,0.9539717667,4.686534,101.8
2017-01-19,1.225970983505249,7208.39990234375,2.55775577557747,0.3621,0.9539717667,4.686534,101.8
2017-01-20,1.2338367700576782,7198.39990234375,2.55775577557747,0.3621,0.9539717667,4.686534,101.8
2017-01-21,1.2338367700576782,7198.39990234375,2.55775577557747,0.3621,0.9539717667,4.686534,101.8
2017-01-22,1.2338367700576782,7198.39990234375,2.55775577557747,0.3621,0.9539717667,4.686534,101.8
2017-01-23,1.2386969327926636,7151.2001953125,2.55775577557747,0.3621,0.9539717667,4.686534,101.8
2017-01-24,1.2517211437225342,7150.2998046875,2.55775577557747,0.3621,0.9539717667,4.686534,101.8
2017-01-25,1.2533055543899536,7164.39990234375,2.55775577557747,0.3621,0.9539717667,4.686534,101.8
2017-01-26,1.2634079456329346,7161.5,2.55775577557747,0.3621,0.9539717667,4.686534,101.8
2017-01-27,1.2595410346984863,7184.5,2.55775577557747,0.3621,0.9539717667,4.686534,101.8
2017-01-28,1.2595410346984863,7184.5,2.55775577557747,0.3621,0.9539717667,4.686534,101.8
2017-01-29,1.2595410346984863,7184.5,2.55775577557747,0.3621,0.9539717667,4.686534,101.8
2017-01-30,1.2591921091079712,7118.5,2.55775577557747,0.3621,0.9539717667,4.686534,101.8
2017-01-31,1.25,7099.2001953125,2.55775577557747,0.3621,0.9539717667,4.686534,101.8
2017-02-01,1.2589701414108276,7107.7001953125,2.55775577557747,0.35674,0.9539717667,4.686534,102.4
2017-02-02,1.2661433219909668,7140.7998046875,2.55775577557747,0.35674,0.9539717667,4.686534,102.4
2017-02-03,1.2520031929016113,7188.2998046875,2.55775577557747,0.35674,0.9539717667,4.686534,102.4
2017-02-04,1.2520031929016113,7188.2998046875,2.55775577557747,0.35674,0.9539717667,4.686534,102.4
2017-02-05,1.2520031929016113,7188.2998046875,2.55775577557747,0.35674,0.9539717667,4.686534,102.4
2017-02-06,1.2484238147735596,7172.2001953125,2.55775577557747,0.35674,0.9539717667,4.686534,102.4
2017-02-07,1.2468360662460327,7186.2001953125,2.55775577557747,0.35674,0.9539717667,4.686534,102.4
2017-02-08,1.2496250867843628,7188.7998046875,2.55775577557747,0.35674,0.9539717667,4.686534,102.4
2017-02-09,1.252803087234497,7229.5,2.55775577557747,0.35674,0.9539717667,4.686534,102.4
2017-02-10,1.2498124837875366,7258.7998046875,2.55775577557747,0.35674,0.9539717667,4.686534,102.4
2017-02-11,1.2498124837875366,7258.7998046875,2.55775577557747,0.35674,0.9539717667,4.686534,102.4
2017-02-12,1.2498124837875366,7258.7998046875,2.55775577557747,0.35674,0.9539717667,4.686534,102.4
2017-02-13,1.2484550476074219,7278.89990234375,2.55775577557747,0.35674,0.9539717667,4.686534,102.4
2017-02-14,1.2523010969161987,7268.60009765625,2.55775577557747,0.35674,0.9539717667,4.686534,102.4
2017-02-15,1.2470382452011108,7302.39990234375,2.55775577557747,0.35674,0.9539717667,4.686534,102.4
2017-02-16,1.2469760179519653,7277.89990234375,2.55775577557747,0.35674,0.9539717667,4.686534,102.4
2017-02-17,1.2489228248596191,7300.0,2.55775577557747,0.35674,0.9539717667,4.686534,102.4
2017-02-18,1.2489228248596191,7300.0,2.55775577557747,0.35674,0.9539717667,4.686534,102.4
2017-02-19,1.2489228248596191,7300.0,2.55775577557747,0.35674,0.9539717667,4.686534,102.4
2017-02-20,1.2433944940567017,7299.89990234375,2.55775577557747,0.35674,0.9539717667,4.686534,102.4
2017-02-21,1.2473337650299072,7274.7998046875,2.55775577557747,0.35674,0.9539717667,4.686534,102.4
2017-02-22,1.248704433441162,7302.2998046875,2.55775577557747,0.35674,0.9539717667,4.686534,102.4
2017-02-23,1.2453765869140625,7271.39990234375,2.55775577557747,0.35674,0.9539717667,4.686534,102.4
2017-02-24,1.255618929862976,7243.7001953125,2.55775577557747,0.35674,0.9539717667,4.686534,102.4
2017-02-25,1.255618929862976,7243.7001953125,2.55775577557747,0.35674,0.9539717667,4.686534,102.4
2017-02-26,1.255618929862976,7243.7001953125,2.55775577557747,0.35674,0.9539717667,4.686534,102.4
2017-02-27,1.2399563789367676,7253.0,2.55775577557747,0.35674,0.9539717667,4.686534,102.4
2017-02-28,1.2439358234405518,7263.39990234375,2.55775577557747,0.35674,0.9539717667,4.686534,102.4
2017-03-01,1.2378076314926147,7382.89990234375,2.55775577557747,0.34567,0.9539717667,4.686534,102.7
2017-03-02,1.227219820022583,7382.39990234375,2.55775577557747,0.34567,0.9539717667,4.686534,102.7
2017-03-03,1.227475881576538,7374.2998046875,2.55775577557747,0.34567,0.9539717667,4.686534,102.7
2017-03-04,1.227475881576538,7374.2998046875,2.55775577557747,0.34567,0.9539717667,4.686534,102.7
2017-03-05,1.227475881576538,7374.2998046875,2.55775577557747,0.34567,0.9539717667,4.686534,102.7
2017-03-06,1.23001229763031,7350.10009765625,2.55775577557747,0.34567,0.9539717667,4.686534,102.7
2017-03-07,1.224289894104004,7339.0,2.55775577557747,0.34567,0.9539717667,4.686534,102.7
2017-03-08,1.2204499244689941,7334.60009765625,2.55775577557747,0.34567,0.9539717667,4.686534,102.7
2017-03-09,1.217730164527893,7315.0,2.55775577557747,0.34567,0.9539717667,4.686534,102.7
2017-03-10,1.2157316207885742,7343.10009765625,2.55775577557747,0.34567,0.9539717667,4.686534,102.7
2017-03-11,1.2157316207885742,7343.10009765625,2.55775577557747,0.34567,0.9539717667,4.686534,102.7
2017-03-12,1.2157316207885742,7343.10009765625,2.55775577557747,0.34567,0.9539717667,4.686534,102.7
2017-03-13,1.2171372175216675,7367.10009765625,2.55775577557747,0.34567,0.9539717667,4.686534,102.7
2017-03-14,1.220598816871643,7357.89990234375,2.55775577557747,0.34567,0.9539717667,4.686534,102.7
2017-03-15,1.2157464027404785,7368.60009765625,2.55775577557747,0.34567,0.9539717667,4.686534,102.7
2017-03-16,1.2284257411956787,7416.0,2.55775577557747,0.34567,0.9539717667,4.686534,102.7
2017-03-17,1.2351168394088745,7425.0,2.55775577557747,0.34567,0.9539717667,4.686534,102.7
2017-03-18,1.2351168394088745,7425.0,2.55775577557747,0.34567,0.9539717667,4.686534,102.7
2017-03-19,1.2351168394088745,7425.0,2.55775577557747,0.34567,0.9539717667,4.686534,102.7
2017-03-20,1.2384514808654785,7429.7998046875,2.55775577557747,0.34567,0.9539717667,4.686534,102.7
2017-03-21,1.2367054224014282,7378.2998046875,2.55775577557747,0.34567,0.9539717667,4.686534,102.7
2017-03-22,1.2482056617736816,7324.7001953125,2.55775577557747,0.34567,0.9539717667,4.686534,102.7
2017-03-23,1.2475050687789917,7340.7001953125,2.55775577557747,0.34567,0.9539717667,4.686534,102.7
2017-03-24,1.251877784729004,7336.7998046875,2.55775577557747,0.34567,0.9539717667,4.686534,102.7
2017-03-25,1.251877784729004,7336.7998046875,2.55775577557747,0.34567,0.9539717667,4.686534,102.7
2017-03-26,1.251877784729004,7336.7998046875,2.55775577557747,0.34567,0.9539717667,4.686534,102.7
2017-03-27,1.2514548301696777,7293.5,2.55775577557747,0.34567,0.9539717667,4.686534,102.7
2017-03-28,1.2557923793792725,7343.39990234375,2.55775577557747,0.34567,0.9539717667,4.686534,102.7
2017-03-29,1.2421433925628662,7373.7001953125,2.55775577557747,0.34567,0.9539717667,4.686534,102.7
2017-03-30,1.2440440654754639,7369.5,2.55775577557747,0.34567,0.9539717667,4.686534,102.7
2017-03-31,1.2478474378585815,7322.89990234375,2.55775577557747,0.34567,0.9539717667,4.686534,102.7
2017-04-01,1.2478474378585815,7322.89990234375,2.55775577557747,0.33513,0.8531230521,4.525431,103.2
2017-04-02,1.2478474378585815,7322.89990234375,2.55775577557747,0.33513,0.8531230521,4.525431,103.2
2017-04-03,1.2540757656097412,7282.7001953125,2.55775577557747,0.33513,0.8531230521,4.525431,103.2
2017-04-04,1.249219298362732,7321.7998046875,2.55775577557747,0.33513,0.8531230521,4.525431,103.2
2017-04-05,1.2439976930618286,7331.7001953125,2.55775577557747,0.33513,0.8531230521,4.525431,103.2
2017-04-06,1.248907208442688,7303.2001953125,2.55775577557747,0.33513,0.8531230521,4.525431,103.2
2017-04-07,1.246867299079895,7349.39990234375,2.55775577557747,0.33513,0.8531230521,4.525431,103.2
2017-04-08,1.246867299079895,7349.39990234375,2.55775577557747,0.33513,0.8531230521,4.525431,103.2
2017-04-09,1.246867299079895,7349.39990234375,2.55775577557747,0.33513,0.8531230521,4.525431,103.2
2017-04-10,1.2375165224075317,7348.89990234375,2.55775577557747,0.33513,0.8531230521,4.525431,103.2
2017-04-11,1.2425447702407837,7365.5,2.55775577557747,0.33513,0.8531230521,4.525431,103.2
2017-04-12,1.2492347955703735,7349.0,2.55775577557747,0.33513,0.8531230521,4.525431,103.2
2017-04-13,1.2549885511398315,7327.60009765625,2.55775577557747,0.33513,0.8531230521,4.525431,103.2
2017-04-14,1.250781774520874,7327.60009765625,2.55775577557747,0.33513,0.8531230521,4.525431,103.2
2017-04-15,1.250781774520874,7327.60009765625,2.55775577557747,0.33513,0.8531230521,4.525431,103.2
2017-04-16,1.250781774520874,7327.60009765625,2.55775577557747,0.33513,0.8531230521,4.525431,103.2
2017-04-17,1.253509759902954,7327.60009765625,2.55775577557747,0.33513,0.8531230521,4.525431,103.2
2017-04-18,1.2557765245437622,7147.5,2.55775577557747,0.33513,0.8531230521,4.525431,103.2
2017-04-19,1.2844555377960205,7114.39990234375,2.55775577557747,0.33513,0.8531230521,4.525431,103.2
2017-04-20,1.2782330513000488,7118.5,2.55775577557747,0.33513,0.8531230521,4.525431,103.2
2017-04-21,1.2801966667175293,7114.60009765625,2.55775577557747,0.33513,0.8531230521,4.525431,103.2
2017-04-22,1.2801966667175293,7114.60009765625,2.55775577557747,0.33513,0.8531230521,4.525431,103.2
2017-04-23,1.2801966667175293,7114.60009765625,2.55775577557747,0.33513,0.8531230521,4.525431,103.2
2017-04-24,1.2826268672943115,7264.7001953125,2.55775577557747,0.33513,0.8531230521,4.525431,103.2
2017-04-25,1.2776614427566528,7275.60009765625,2.55775577557747,0.33513,0.8531230521,4.525431,103.2
2017-04-26,1.283235788345337,7288.7001953125,2.55775577557747,0.33513,0.8531230521,4.525431,103.2
2017-04-27,1.2848351001739502,7237.2001953125,2.55775577557747,0.33513,0.8531230521,4.525431,103.2
2017-04-28,1.2893576622009277,7203.89990234375,2.55775577557747,0.33513,0.8531230521,4.525431,103.2
2017-04-29,1.2893576622009277,7203.89990234375,2.55775577557747,0.33513,0.8531230521,4.525431,103.2
2017-04-30,1.2893576622009277,7203.89990234375,2.55775577557747,0.33513,0.8531230521,4.525431,103.2
2017-05-01,1.2931592464447021,7203.89990234375,2.55775577557747,0.31081,0.8531230521,4.525431,103.5
2017-05-02,1.2897402048110962,7250.10009765625,2.55775577557747,0.31081,0.8531230521,4.525431,103.5
2017-05-03,1.2941633462905884,7234.5,2.55775577557747,0.31081,0.8531230521,4.525431,103.5
2017-05-04,1.287166953086853,7248.10009765625,2.55775577557747,0.31081,0.8531230521,4.525431,103.5
2017-05-05,1.2924906015396118,7297.39990234375,2.55775577557747,0.31081,0.8531230521,4.525431,103.5
2017-05-06,1.2924906015396118,7297.39990234375,2.55775577557747,0.31081,0.8531230521,4.525431,103.5
2017-05-07,1.2924906015396118,7297.39990234375,2.55775577557747,0.31081,0.8531230521,4.525431,103.5
2017-05-08,1.296562910079956,7300.89990234375,2.55775577557747,0.31081,0.8531230521,4.525431,103.5
2017-05-09,1.2943308353424072,7342.2001953125,2.55775577557747,0.31081,0.8531230521,4.525431,103.5
2017-05-10,1.2948503494262695,7385.2001953125,2.55775577557747,0.31081,0.8531230521,4.525431,103.5
2017-05-11,1.2930588722229004,7386.60009765625,2.55775577557747,0.31081,0.8531230521,4.525431,103.5
2017-05-12,1.2891582250595093,7435.39990234375,2.55775577557747,0.31081,0.8531230521,4.525431,103.5
2017-05-13,1.2891582250595093,7435.39990234375,2.55775577557747,0.31081,0.8531230521,4.525431,103.5
2017-05-14,1.2891582250595093,7435.39990234375,2.55775577557747,0.31081,0.8531230521,4.525431,103.5
2017-05-15,1.2886598110198975,7454.39990234375,2.55775577557747,0.31081,0.8531230521,4.525431,103.5
2017-05-16,1.2903059720993042,7522.0,2.55775577557747,0.31081,0.8531230521,4.525431,103.5
2017-05-17,1.2916892766952515,7503.5,2.55775577557747,0.31081,0.8531230521,4.525431,103.5
2017-05-18,1.2970168590545654,7436.39990234375,2.55775577557747,0.31081,0.8531230521,4.525431,103.5
2017-05-19,1.2958402633666992,7470.7001953125,2.55775577557747,0.31081,0.8531230521,4.525431,103.5
2017-05-20,1.2958402633666992,7470.7001953125,2.55775577557747,0.31081,0.8531230521,4.525431,103.5
2017-05-21,1.2958402633666992,7470.7001953125,2.55775577557747,0.31081,0.8531230521,4.525431,103.5
2017-05-22,1.3012192249298096,7496.2998046875,2.55775577557747,0.31081,0.8531230521,4.525431,103.5
2017-05-23,1.2995283603668213,7485.2998046875,2.55775577557747,0.31081,0.8531230521,4.525431,103.5
2017-05-24,1.2956557273864746,7514.89990234375,2.55775577557747,0.31081,0.8531230521,4.525431,103.5
2017-05-25,1.2980270385742188,7517.7001953125,2.55775577557747,0.31081,0.8531230521,4.525431,103.5
2017-05-26,1.293326497077942,7547.60009765625,2.55775577557747,0.31081,0.8531230521,4.525431,103.5
2017-05-27,1.293326497077942,7547.60009765625,2.55775577557747,0.31081,0.8531230521,4.525431,103.5
2017-05-28,1.293326497077942,7547.60009765625,2.55775577557747,0.31081,0.8531230521,4.525431,103.5
2017-05-29,1.281427025794983,7547.60009765625,2.55775577557747,0.31081,0.8531230521,4.525431,103.5
2017-05-30,1.281410574913025,7526.5,2.55775577557747,0.31081,0.8531230521,4.525431,103.5
2017-05-31,1.2809016704559326,7520.0,2.55775577557747,0.31081,0.8531230521,4.525431,103.5
2017-06-01,1.2875481843948364,7543.7998046875,2.55775577557747,0.29442,0.8531230521,4.525431,103.5
2017-06-02,1.2888258695602417,7547.60009765625,2.55775577557747,0.29442,0.8531230521,4.525431,103.5
2017-06-03,1.2888258695602417,7547.60009765625,2.55775577557747,0.29442,0.8531230521,4.525431,103.5
2017-06-04,1.2888258695602417,7547.60009765625,2.55775577557747,0.29442,0.8531230521,4.525431,103.5
2017-06-05,1.2870012521743774,7525.7998046875,2.55775577557747,0.29442,0.8531230521,4.525431,103.5
2017-06-06,1.2907389402389526,7525.0,2.55775577557747,0.29442,0.8531230521,4.525431,103.5
2017-06-07,1.2906723022460938,7478.60009765625,2.55775577557747,0.29442,0.8531230521,4.525431,103.5
2017-06-08,1.2962098121643066,7450.0,2.55775577557747,0.29442,0.8531230521,4.525431,103.5
2017-06-09,1.2722970247268677,7527.2998046875,2.55775577557747,0.29442,0.8531230521,4.525431,103.5
2017-06-10,1.2722970247268677,7527.2998046875,2.55775577557747,0.29442,0.8531230521,4.525431,103.5
2017-06-11,1.2722970247268677,7527.2998046875,2.55775577557747,0.29442,0.8531230521,4.525431,103.5
2017-06-12,1.2739177942276,7511.89990234375,2.55775577557747,0.29442,0.8531230521,4.525431,103.5
2017-06-13,1.2669775485992432,7500.39990234375,2.55775577557747,0.29442,0.8531230521,4.525431,103.5
2017-06-14,1.2750548124313354,7474.39990234375,2.55775577557747,0.29442,0.8531230521,4.525431,103.5
2017-06-15,1.2754452228546143,7419.39990234375,2.55775577557747,0.29442,0.8531230521,4.525431,103.5
2017-06-16,1.275835633277893,7463.5,2.55775577557747,0.29442,0.8531230521,4.525431,103.5
2017-06-17,1.275835633277893,7463.5,2.55775577557747,0.29442,0.8531230521,4.525431,103.5
2017-06-18,1.275835633277893,7463.5,2.55775577557747,0.29442,0.8531230521,4.525431,103.5
2017-06-19,1.277955174446106,7523.7998046875,2.55775577557747,0.29442,0.8531230521,4.525431,103.5
2017-06-20,1.273236632347107,7472.7001953125,2.55775577557747,0.29442,0.8531230521,4.525431,103.5
2017-06-21,1.263248324394226,7447.7998046875,2.55775577557747,0.29442,0.8531230521,4.525431,103.5
2017-06-22,1.2675718069076538,7439.2998046875,2.55775577557747,0.29442,0.8531230521,4.525431,103.5
2017-06-23,1.267812728881836,7424.10009765625,2.55775577557747,0.29442,0.8531230521,4.525431,103.5
2017-06-24,1.267812728881836,7424.10009765625,2.55775577557747,0.29442,0.8531230521,4.525431,103.5
2017-06-25,1.267812728881836,7424.10009765625,2.55775577557747,0.29442,0.8531230521,4.525431,103.5
2017-06-26,1.2743399143218994,7446.7998046875,2.55775577557747,0.29442,0.8531230521,4.525431,103.5
2017-06-27,1.2724589109420776,7434.39990234375,2.55775577557747,0.29442,0.8531230521,4.525431,103.5
2017-06-28,1.281295657157898,7387.7998046875,2.55775577557747,0.29442,0.8531230521,4.525431,103.5
2017-06-29,1.2941465377807617,7350.2998046875,2.55775577557747,0.29442,0.8531230521,4.525431,103.5
2017-06-30,1.3011176586151123,7312.7001953125,2.55775577557747,0.29442,0.8531230521,4.525431,103.5
2017-07-01,1.3011176586151123,7312.7001953125,2.55775577557747,0.2931,0.6767560167,4.354674,103.5
2017-07-02,1.3011176586151123,7312.7001953125,2.55775577557747,0.2931,0.6767560167,4.354674,103.5
2017-07-03,1.301642656326294,7377.10009765625,2.55775577557747,0.2931,0.6767560167,4.354674,103.5
2017-07-04,1.2948671579360962,7357.2001953125,2.55775577557747,0.2931,0.6767560167,4.354674,103.5
2017-07-05,1.2934937477111816,7367.60009765625,2.55775577557747,0.2931,0.6767560167,4.354674,103.5
2017-07-06,1.2931759357452393,7337.2998046875,2.55775577557747,0.2931,0.6767560167,4.354674,103.5
2017-07-07,1.2973533868789673,7350.89990234375,2.55775577557747,0.2931,0.6767560167,4.354674,103.5
2017-07-08,1.2973533868789673,7350.89990234375,2.55775577557747,0.2931,0.6767560167,4.354674,103.5
2017-07-09,1.2973533868789673,7350.89990234375,2.55775577557747,0.2931,0.6767560167,4.354674,103.5
2017-07-10,1.2891249656677246,7370.0,2.55775577557747,0.2931,0.6767560167,4.354674,103.5
2017-07-11,1.2891249656677246,7329.7998046875,2.55775577557747,0.2931,0.6767560167,4.354674,103.5
2017-07-12,1.2859586477279663,7416.89990234375,2.55775577557747,0.2931,0.6767560167,4.354674,103.5
2017-07-13,1.2893743515014648,7413.39990234375,2.55775577557747,0.2931,0.6767560167,4.354674,103.5
2017-07-14,1.294716238975525,7378.39990234375,2.55775577557747,0.2931,0.6767560167,4.354674,103.5
2017-07-15,1.294716238975525,7378.39990234375,2.55775577557747,0.2931,0.6767560167,4.354674,103.5
2017-07-16,1.294716238975525,7378.39990234375,2.55775577557747,0.2931,0.6767560167,4.354674,103.5
2017-07-17,1.311131477355957,7404.10009765625,2.55775577557747,0.2931,0.6767560167,4.354674,103.5
2017-07-18,1.3053126335144043,7390.2001953125,2.55775577557747,0.2931,0.6767560167,4.354674,103.5
2017-07-19,1.303865909576416,7430.89990234375,2.55775577557747,0.2931,0.6767560167,4.354674,103.5
2017-07-20,1.3032711744308472,7487.89990234375,2.55775577557747,0.2931,0.6767560167,4.354674,103.5
2017-07-21,1.2965459823608398,7452.89990234375,2.55775577557747,0.2931,0.6767560167,4.354674,103.5
2017-07-22,1.2965459823608398,7452.89990234375,2.55775577557747,0.2931,0.6767560167,4.354674,103.5
2017-07-23,1.2965459823608398,7452.89990234375,2.55775577557747,0.2931,0.6767560167,4.354674,103.5
2017-07-24,1.3004746437072754,7377.7001953125,2.55775577557747,0.2931,0.6767560167,4.354674,103.5
2017-07-25,1.3031013011932373,7434.7998046875,2.55775577557747,0.2931,0.6767560167,4.354674,103.5
2017-07-26,1.3027619123458862,7452.2998046875,2.55775577557747,0.2931,0.6767560167,4.354674,103.5
2017-07-27,1.311475396156311,7443.0,2.55775577557747,0.2931,0.6767560167,4.354674,103.5
2017-07-28,1.3076680898666382,7368.39990234375,2.55775577557747,0.2931,0.6767560167,4.354674,103.5
2017-07-29,1.3076680898666382,7368.39990234375,2.55775577557747,0.2931,0.6767560167,4.354674,103.5
2017-07-30,1.3076680898666382,7368.39990234375,2.55775577557747,0.2931,0.6767560167,4.354674,103.5
2017-07-31,1.3144922256469727,7372.0,2.55775577557747,0.2931,0.6767560167,4.354674,103.5
2017-08-01,1.3195397853851318,7423.7001953125,2.55775577557747,0.28119,0.6767560167,4.354674,104.0
2017-08-02,1.3207945823669434,7411.39990234375,2.55775577557747,0.28119,0.6767560167,4.354674,104.0
2017-08-03,1.3228389024734497,7474.7998046875,2.55775577557747,0.28119,0.6767560167,4.354674,104.0
2017-08-04,1.314405918121338,7511.7001953125,2.55775577557747,0.28119,0.6767560167,4.354674,104.0
2017-08-05,1.314405918121338,7511.7001953125,2.55775577557747,0.28119,0.6767560167,4.354674,104.0
2017-08-06,1.314405918121338,7511.7001953125,2.55775577557747,0.28119,0.6767560167,4.354674,104.0
2017-08-07,1.3046995401382446,7531.89990234375,2.55775577557747,0.28119,0.6767560167,4.354674,104.0
2017-08-08,1.3037809133529663,7542.7001953125,2.55775577557747,0.28119,0.6767560167,4.354674,104.0
2017-08-09,1.2986170053482056,7498.10009765625,2.55775577557747,0.28119,0.6767560167,4.354674,104.0
2017-08-10,1.3014055490493774,7389.89990234375,2.55775577557747,0.28119,0.6767560167,4.354674,104.0
2017-08-11,1.2976733446121216,7310.0,2.55775577557747,0.28119,0.6767560167,4.354674,104.0
2017-08-12,1.2976733446121216,7310.0,2.55775577557747,0.28119,0.6767560167,4.354674,104.0
2017-08-13,1.2976733446121216,7310.0,2.55775577557747,0.28119,0.6767560167,4.354674,104.0
2017-08-14,1.3005930185317993,7353.89990234375,2.55775577557747,0.28119,0.6767560167,4.354674,104.0
2017-08-15,1.2965123653411865,7383.89990234375,2.55775577557747,0.28119,0.6767560167,4.354674,104.0
2017-08-16,1.2867032289505005,7433.0,2.55775577557747,0.28119,0.6767560167,4.354674,104.0
2017-08-17,1.2891582250595093,7387.89990234375,2.55775577557747,0.28119,0.6767560167,4.354674,104.0
2017-08-18,1.2865046262741089,7324.0,2.55775577557747,0.28119,0.6767560167,4.354674,104.0
2017-08-19,1.2865046262741089,7324.0,2.55775577557747,0.28119,0.6767560167,4.354674,104.0
2017-08-20,1.2865046262741089,7324.0,2.55775577557747,0.28119,0.6767560167,4.354674,104.0
2017-08-21,1.2873657941818237,7318.89990234375,2.55775577557747,0.28119,0.6767560167,4.354674,104.0
2017-08-22,1.289823293685913,7381.7001953125,2.55775577557747,0.28119,0.6767560167,4.354674,104.0
2017-08-23,1.2823965549468994,7382.7001953125,2.55775577557747,0.28119,0.6767560167,4.354674,104.0
2017-08-24,1.28037691116333,7407.10009765625,2.55775577557747,0.28119,0.6767560167,4.354674,104.0
2017-08-25,1.280393362045288,7401.5,2.55775577557747,0.28119,0.6767560167,4.354674,104.0
2017-08-26,1.280393362045288,7401.5,2.55775577557747,0.28119,0.6767560167,4.354674,104.0
2017-08-27,1.280393362045288,7401.5,2.55775577557747,0.28119,0.6767560167,4.354674,104.0
2017-08-28,1.2905224561691284,7401.5,2.55775577557747,0.28119,0.6767560167,4.354674,104.0
2017-08-29,1.2927078008651733,7337.39990234375,2.55775577557747,0.28119,0.6767560167,4.354674,104.0
2017-08-30,1.292657732963562,7365.2998046875,2.55775577557747,0.28119,0.6767560167,4.354674,104.0
2017-08-31,1.2920564413070679,7430.60009765625,2.55775577557747,0.28119,0.6767560167,4.354674,104.0
2017-09-01,1.2941633462905884,7438.5,2.55775577557747,0.30911,0.6767560167,4.354674,104.3
2017-09-02,1.2941633462905884,7438.5,2.55775577557747,0.30911,0.6767560167,4.354674,104.3
2017-09-03,1.2941633462905884,7438.5,2.55775577557747,0.30911,0.6767560167,4.354674,104.3
2017-09-04,1.2965123653411865,7411.5,2.55775577557747,0.30911,0.6767560167,4.354674,104.3
2017-09-05,1.2924071550369263,7372.89990234375,2.55775577557747,0.30911,0.6767560167,4.354674,104.3
2017-09-06,1.3041210174560547,7354.10009765625,2.55775577557747,0.30911,0.6767560167,4.354674,104.3
2017-09-07,1.3049719333648682,7397.0,2.55775577557747,0.30911,0.6767560167,4.354674,104.3
2017-09-08,1.3104785680770874,7377.60009765625,2.55775577557747,0.30911,0.6767560167,4.354674,104.3
2017-09-09,1.3104785680770874,7377.60009765625,2.55775577557747,0.30911,0.6767560167,4.354674,104.3
2017-09-10,1.3104785680770874,7377.60009765625,2.55775577557747,0.30911,0.6767560167,4.354674,104.3
2017-09-11,1.3197661638259888,7413.60009765625,2.55775577557747,0.30911,0.6767560167,4.354674,104.3
2017-09-12,1.3169677257537842,7400.7001953125,2.55775577557747,0.30911,0.6767560167,4.354674,104.3
2017-09-13,1.3289213180541992,7379.7001953125,2.55775577557747,0.30911,0.6767560167,4.354674,104.3
2017-09-14,1.3206027746200562,7295.39990234375,2.55775577557747,0.30911,0.6767560167,4.354674,104.3
2017-09-15,1.3399077653884888,7215.5,2.55775577557747,0.30911,0.6767560167,4.354674,104.3
2017-09-16,1.3399077653884888,7215.5,2.55775577557747,0.30911,0.6767560167,4.354674,104.3
2017-09-17,1.3399077653884888,7215.5,2.55775577557747,0.30911,0.6767560167,4.354674,104.3
2017-09-18,1.3575152158737183,7253.2998046875,2.55775577557747,0.30911,0.6767560167,4.354674,104.3
2017-09-19,1.3516618013381958,7275.2998046875,2.55775577557747,0.30911,0.6767560167,4.354674,104.3
2017-09-20,1.3515340089797974,7272.0,2.55775577557747,0.30911,0.6767560167,4.354674,104.3
2017-09-21,1.3489633798599243,7263.89990234375,2.55775577557747,0.30911,0.6767560167,4.354674,104.3
2017-09-22,1.3579760789871216,7310.60009765625,2.55775577557747,0.30911,0.6767560167,4.354674,104.3
2017-09-23,1.3579760789871216,7310.60009765625,2.55775577557747,0.30911,0.6767560167,4.354674,104.3
2017-09-24,1.3579760789871216,7310.60009765625,2.55775577557747,0.30911,0.6767560167,4.354674,104.3
2017-09-25,1.3507307767868042,7301.2998046875,2.55775577557747,0.30911,0.6767560167,4.354674,104.3
2017-09-26,1.3477815389633179,7285.7001953125,2.55775577557747,0.30911,0.6767560167,4.354674,104.3
2017-09-27,1.3448090553283691,7313.5,2.55775577557747,0.30911,0.6767560167,4.354674,104.3
2017-09-28,1.3398897647857666,7322.7998046875,2.55775577557747,0.30911,0.6767560167,4.354674,104.3
2017-09-29,1.343021035194397,7372.7998046875,2.55775577557747,0.30911,0.6767560167,4.354674,104.3
2017-09-30,1.343021035194397,7372.7998046875,2.55775577557747,0.30911,0.6767560167,4.354674,104.3
2017-10-01,1.343021035194397,7372.7998046875,2.55775577557747,0.38187,0.7505415208,4.449094,104.4
2017-10-02,1.3394052982330322,7438.7998046875,2.55775577557747,0.38187,0.7505415208,4.449094,104.4
2017-10-03,1.3275628089904785,7468.10009765625,2.55775577557747,0.38187,0.7505415208,4.449094,104.4
2017-10-04,1.3241175413131714,7467.60009765625,2.55775577557747,0.38187,0.7505415208,4.449094,104.4
2017-10-05,1.323276400566101,7508.0,2.55775577557747,0.38187,0.7505415208,4.449094,104.4
2017-10-06,1.3112690448760986,7522.89990234375,2.55775577557747,0.38187,0.7505415208,4.449094,104.4
2017-10-07,1.3112690448760986,7522.89990234375,2.55775577557747,0.38187,0.7505415208,4.449094,104.4
2017-10-08,1.3112690448760986,7522.89990234375,2.55775577557747,0.38187,0.7505415208,4.449094,104.4
2017-10-09,1.3084039688110352,7507.89990234375,2.55775577557747,0.38187,0.7505415208,4.449094,104.4
2017-10-10,1.314405918121338,7538.2998046875,2.55775577557747,0.38187,0.7505415208,4.449094,104.4
2017-10-11,1.3211086988449097,7533.7998046875,2.55775577557747,0.38187,0.7505415208,4.449094,104.4
2017-10-12,1.3239772319793701,7556.2001953125,2.55775577557747,0.38187,0.7505415208,4.449094,104.4
2017-10-13,1.326435923576355,7535.39990234375,2.55775577557747,0.38187,0.7505415208,4.449094,104.4
2017-10-14,1.326435923576355,7535.39990234375,2.55775577557747,0.38187,0.7505415208,4.449094,104.4
2017-10-15,1.326435923576355,7535.39990234375,2.55775577557747,0.38187,0.7505415208,4.449094,104.4
2017-10-16,1.3288860321044922,7527.0,2.55775577557747,0.38187,0.7505415208,4.449094,104.4
2017-10-17,1.3252933025360107,7516.2001953125,2.55775577557747,0.38187,0.7505415208,4.449094,104.4
2017-10-18,1.319487452507019,7542.89990234375,2.55775577557747,0.38187,0.7505415208,4.449094,104.4
2017-10-19,1.321300745010376,7523.0,2.55775577557747,0.38187,0.7505415208,4.449094,104.4
2017-10-20,1.3150626420974731,7523.2001953125,2.55775577557747,0.38187,0.7505415208,4.449094,104.4
2017-10-21,1.3150626420974731,7523.2001953125,2.55775577557747,0.38187,0.7505415208,4.449094,104.4
2017-10-22,1.3150626420974731,7523.2001953125,2.55775577557747,0.38187,0.7505415208,4.449094,104.4
2017-10-23,1.3189828395843506,7524.5,2.55775577557747,0.38187,0.7505415208,4.449094,104.4
2017-10-24,1.3206549882888794,7526.5,2.55775577557747,0.38187,0.7505415208,4.449094,104.4
2017-10-25,1.3131976127624512,7447.2001953125,2.55775577557747,0.38187,0.7505415208,4.449094,104.4
2017-10-26,1.327351450920105,7486.5,2.55775577557747,0.38187,0.7505415208,4.449094,104.4
2017-10-27,1.3130252361297607,7505.0,2.55775577557747,0.38187,0.7505415208,4.449094,104.4
2017-10-28,1.3130252361297607,7505.0,2.55775577557747,0.38187,0.7505415208,4.449094,104.4
2017-10-29,1.3130252361297607,7505.0,2.55775577557747,0.38187,0.7505415208,4.449094,104.4
2017-10-30,1.3134045600891113,7487.7998046875,2.55775577557747,0.38187,0.7505415208,4.449094,104.4
2017-10-31,1.3212482929229736,7493.10009765625,2.55775577557747,0.38187,0.7505415208,4.449094,104.4
2017-11-01,1.3292216062545776,7488.0,2.55775577557747,0.51857,0.7505415208,4.449094,104.7
2017-11-02,1.3255391120910645,7555.2998046875,2.55775577557747,0.51857,0.7505415208,4.449094,104.7
2017-11-03,1.30532968044281,7560.39990234375,2.55775577557747,0.51857,0.7505415208,4.449094,104.7
2017-11-04,1.30532968044281,7560.39990234375,2.55775577557747,0.51857,0.7505415208,4.449094,104.7
2017-11-05,1.30532968044281,7560.39990234375,2.55775577557747,0.51857,0.7505415208,4.449094,104.7
2017-11-06,1.30804443359375,7562.2998046875,2.55775577557747,0.51857,0.7505415208,4.449094,104.7
2017-11-07,1.3175057172775269,7513.10009765625,2.55775577557747,0.51857,0.7505415208,4.449094,104.7
2017-11-08,1.3172106742858887,7529.7001953125,2.55775577557747,0.51857,0.7505415208,4.449094,104.7
2017-11-09,1.3113033771514893,7484.10009765625,2.55775577557747,0.51857,0.7505415208,4.449094,104.7
2017-11-10,1.3144404888153076,7433.0,2.55775577557747,0.51857,0.7505415208,4.449094,104.7
2017-11-11,1.3144404888153076,7433.0,2.55775577557747,0.51857,0.7505415208,4.449094,104.7
2017-11-12,1.3144404888153076,7433.0,2.55775577557747,0.51857,0.7505415208,4.449094,104.7
2017-11-13,1.312026023864746,7415.2001953125,2.55775577557747,0.51857,0.7505415208,4.449094,104.7
2017-11-14,1.3123359680175781,7414.39990234375,2.55775577557747,0.51857,0.7505415208,4.449094,104.7
2017-11-15,1.3157894611358643,7372.60009765625,2.55775577557747,0.51857,0.7505415208,4.449094,104.7
2017-11-16,1.3157894611358643,7386.89990234375,2.55775577557747,0.51857,0.7505415208,4.449094,104.7
2017-11-17,1.3200448751449585,7380.7001953125,2.55775577557747,0.51857,0.7505415208,4.449094,104.7
2017-11-18,1.3200448751449585,7380.7001953125,2.55775577557747,0.51857,0.7505415208,4.449094,104.7
2017-11-19,1.3200448751449585,7380.7001953125,2.55775577557747,0.51857,0.7505415208,4.449094,104.7
2017-11-20,1.3202714920043945,7389.5,2.55775577557747,0.51857,0.7505415208,4.449094,104.7
2017-11-21,1.3245033025741577,7411.2998046875,2.55775577557747,0.51857,0.7505415208,4.449094,104.7
2017-11-22,1.3245558738708496,7419.0,2.55775577557747,0.51857,0.7505415208,4.449094,104.7
2017-11-23,1.3316820859909058,7417.2001953125,2.55775577557747,0.51857,0.7505415208,4.449094,104.7
2017-11-24,1.330672025680542,7409.60009765625,2.55775577557747,0.51857,0.7505415208,4.449094,104.7
2017-11-25,1.330672025680542,7409.60009765625,2.55775577557747,0.51857,0.7505415208,4.449094,104.7
2017-11-26,1.330672025680542,7409.60009765625,2.55775577557747,0.51857,0.7505415208,4.449094,104.7
2017-11-27,1.3324450254440308,7383.89990234375,2.55775577557747,0.51857,0.7505415208,4.449094,104.7
2017-11-28,1.3322319984436035,7460.7001953125,2.55775577557747,0.51857,0.7505415208,4.449094,104.7
2017-11-29,1.3365410566329956,7393.60009765625,2.55775577557747,0.51857,0.7505415208,4.449094,104.7
2017-11-30,1.3417235612869263,7326.7001953125,2.55775577557747,0.51857,0.7505415208,4.449094,104.7
2017-12-01,1.3529969453811646,7300.5,2.55775577557747,0.51871,0.7505415208,4.449094,105.0
2017-12-02,1.3529969453811646,7300.5,2.55775577557747,0.51871,0.7505415208,4.449094,105.0
2017-12-03,1.3529969453811646,7300.5,2.55775577557747,0.51871,0.7505415208,4.449094,105.0
2017-12-04,1.349400281906128,7339.0,2.55775577557747,0.51871,0.7505415208,4.449094,105.0
2017-12-05,1.347527265548706,7327.5,2.55775577557747,0.51871,0.7505415208,4.449094,105.0
2017-12-06,1.341525673866272,7348.0,2.55775577557747,0.51871,0.7505415208,4.449094,105.0
2017-12-07,1.3392258882522583,7320.7998046875,2.55775577557747,0.51871,0.7505415208,4.449094,105.0
2017-12-08,1.348435878753662,7394.0,2.55775577557747,0.51871,0.7505415208,4.449094,105.0
2017-12-09,1.348435878753662,7394.0,2.55775577557747,0.51871,0.7505415208,4.449094,105.0
2017-12-10,1.348435878753662,7394.0,2.55775577557747,0.51871,0.7505415208,4.449094,105.0
2017-12-11,1.3392080068588257,7453.5,2.55775577557747,0.51871,0.7505415208,4.449094,105.0
2017-12-12,1.334935188293457,7500.39990234375,2.55775577557747,0.51871,0.7505415208,4.449094,105.0
2017-12-13,1.331948161125183,7496.5,2.55775577557747,0.51871,0.7505415208,4.449094,105.0
2017-12-14,1.3409678936004639,7448.10009765625,2.55775577557747,0.51871,0.7505415208,4.449094,105.0
2017-12-15,1.3432915210723877,7490.60009765625,2.55775577557747,0.51871,0.7505415208,4.449094,105.0
2017-12-16,1.3432915210723877,7490.60009765625,2.55775577557747,0.51871,0.7505415208,4.449094,105.0
2017-12-17,1.3432915210723877,7490.60009765625,2.55775577557747,0.51871,0.7505415208,4.449094,105.0
2017-12-18,1.3317352533340454,7537.0,2.55775577557747,0.51871,0.7505415208,4.449094,105.0
2017-12-19,1.3380789756774902,7544.10009765625,2.55775577557747,0.51871,0.7505415208,4.449094,105.0
2017-12-20,1.3386881351470947,7525.2001953125,2.55775577557747,0.51871,0.7505415208,4.449094,105.0
2017-12-21,1.3372023105621338,7604.0,2.55775577557747,0.51871,0.7505415208,4.449094,105.0
2017-12-22,1.338043212890625,7592.7001953125,2.55775577557747,0.51871,0.7505415208,4.449094,105.0
2017-12-23,1.338043212890625,7592.7001953125,2.55775577557747,0.51871,0.7505415208,4.449094,105.0
2017-12-24,1.338043212890625,7592.7001953125,2.55775577557747,0.51871,0.7505415208,4.449094,105.0
2017-12-25,1.3365052938461304,7592.7001953125,2.55775577557747,0.51871,0.7505415208,4.449094,105.0
2017-12-26,1.3376137018203735,7592.7001953125,2.55775577557747,0.51871,0.7505415208,4.449094,105.0
2017-12-27,1.337470531463623,7620.7001953125,2.55775577557747,0.51871,0.7505415208,4.449094,105.0
2017-12-28,1.3403927087783813,7622.89990234375,2.55775577557747,0.51871,0.7505415208,4.449094,105.0
2017-12-29,1.344085931777954,7687.7998046875,2.55775577557747,0.51871,0.7505415208,4.449094,105.0
2017-12-30,1.344085931777954,7687.7998046875,2.55775577557747,0.51871,0.7505415208,4.449094,105.0
2017-12-31,1.344085931777954,7687.7998046875,2.55775577557747,0.51871,0.7505415208,4.449094,105.0
2018-01-01,1.351607084274292,7687.7998046875,2.29283990345938,0.5225,0.0785119195,4.290267,104.5
2018-01-02,1.3511322736740112,7648.10009765625,2.29283990345938,0.5225,0.0785119195,4.290267,104.5
2018-01-03,1.359619379043579,7671.10009765625,2.29283990345938,0.5225,0.0785119195,4.290267,104.5
2018-01-04,1.3511322736740112,7695.89990234375,2.29283990345938,0.5225,0.0785119195,4.290267,104.5
2018-01-05,1.3552889823913574,7724.2001953125,2.29283990345938,0.5225,0.0785119195,4.290267,104.5
2018-01-06,1.3552889823913574,7724.2001953125,2.29283990345938,0.5225,0.0785119195,4.290267,104.5
2018-01-07,1.3552889823913574,7724.2001953125,2.29283990345938,0.5225,0.0785119195,4.290267,104.5
2018-01-08,1.3575890064239502,7696.5,2.29283990345938,0.5225,0.0785119195,4.290267,104.5
2018-01-09,1.3571282625198364,7731.0,2.29283990345938,0.5225,0.0785119195,4.290267,104.5
2018-01-10,1.353234887123108,7748.5,2.29283990345938,0.5225,0.0785119195,4.290267,104.5
2018-01-11,1.351278305053711,7762.89990234375,2.29283990345938,0.5225,0.0785119195,4.290267,104.5
2018-01-12,1.3541878461837769,7778.60009765625,2.29283990345938,0.5225,0.0785119195,4.290267,104.5
2018-01-13,1.3541878461837769,7778.60009765625,2.29283990345938,0.5225,0.0785119195,4.290267,104.5
2018-01-14,1.3541878461837769,7778.60009765625,2.29283990345938,0.5225,0.0785119195,4.290267,104.5
2018-01-15,1.3733056783676147,7769.10009765625,2.29283990345938,0.5225,0.0785119195,4.290267,104.5
2018-01-16,1.379824161529541,7755.89990234375,2.29283990345938,0.5225,0.0785119195,4.290267,104.5
2018-01-17,1.3798813819885254,7725.39990234375,2.29283990345938,0.5225,0.0785119195,4.290267,104.5
2018-01-18,1.382800817489624,7701.0,2.29283990345938,0.5225,0.0785119195,4.290267,104.5
2018-01-19,1.3894678354263306,7730.7998046875,2.29283990345938,0.5225,0.0785119195,4.290267,104.5
2018-01-20,1.3894678354263306,7730.7998046875,2.29283990345938,0.5225,0.0785119195,4.290267,104.5
2018-01-21,1.3894678354263306,7730.7998046875,2.29283990345938,0.5225,0.0785119195,4.290267,104.5
2018-01-22,1.3891589641571045,7715.39990234375,2.29283990345938,0.5225,0.0785119195,4.290267,104.5
2018-01-23,1.3984841108322144,7731.7998046875,2.29283990345938,0.5225,0.0785119195,4.290267,104.5
2018-01-24,1.401738166809082,7643.39990234375,2.29283990345938,0.5225,0.0785119195,4.290267,104.5
2018-01-25,1.4220906496047974,7615.7998046875,2.29283990345938,0.5225,0.0785119195,4.290267,104.5
2018-01-26,1.4150274991989136,7665.5,2.29283990345938,0.5225,0.0785119195,4.290267,104.5
2018-01-27,1.4150274991989136,7665.5,2.29283990345938,0.5225,0.0785119195,4.290267,104.5
2018-01-28,1.4150274991989136,7665.5,2.29283990345938,0.5225,0.0785119195,4.290267,104.5
2018-01-29,1.4149274826049805,7671.5,2.29283990345938,0.5225,0.0785119195,4.290267,104.5
2018-01-30,1.4076577425003052,7588.0,2.29283990345938,0.5225,0.0785119195,4.290267,104.5
2018-01-31,1.4155884981155396,7533.60009765625,2.29283990345938,0.5225,0.0785119195,4.290267,104.5
2018-02-01,1.420051097869873,7490.39990234375,2.29283990345938,0.54683,0.0785119195,4.290267,104.9
2018-02-02,1.4266760349273682,7443.39990234375,2.29283990345938,0.54683,0.0785119195,4.290267,104.9
2018-02-03,1.4266760349273682,7443.39990234375,2.29283990345938,0.54683,0.0785119195,4.290267,104.9
2018-02-04,1.4266760349273682,7443.39990234375,2.29283990345938,0.54683,0.0785119195,4.290267,104.9
2018-02-05,1.411133885383606,7335.0,2.29283990345938,0.54683,0.0785119195,4.290267,104.9
2018-02-06,1.3943694829940796,7141.39990234375,2.29283990345938,0.54683,0.0785119195,4.290267,104.9
2018-02-07,1.395868182182312,7279.39990234375,2.29283990345938,0.54683,0.0785119195,4.290267,104.9
2018-02-08,1.3879250288009644,7170.7001953125,2.29283990345938,0.54683,0.0785119195,4.290267,104.9
2018-02-09,1.3934950828552246,7092.39990234375,2.29283990345938,0.54683,0.0785119195,4.290267,104.9
2018-02-10,1.3934950828552246,7092.39990234375,2.29283990345938,0.54683,0.0785119195,4.290267,104.9
2018-02-11,1.3934950828552246,7092.39990234375,2.29283990345938,0.54683,0.0785119195,4.290267,104.9
2018-02-12,1.3827433586120605,7177.10009765625,2.29283990345938,0.54683,0.0785119195,4.290267,104.9
2018-02-13,1.3852334022521973,7168.0,2.29283990345938,0.54683,0.0785119195,4.290267,104.9
2018-02-14,1.3886960744857788,7214.0,2.29283990345938,0.54683,0.0785119195,4.290267,104.9
2018-02-15,1.401581048965454,7234.7998046875,2.29283990345938,0.54683,0.0785119195,4.290267,104.9
2018-02-16,1.4104173183441162,7294.7001953125,2.29283990345938,0.54683,0.0785119195,4.290267,104.9
2018-02-17,1.4104173183441162,7294.7001953125,2.29283990345938,0.54683,0.0785119195,4.290267,104.9
2018-02-18,1.4104173183441162,7294.7001953125,2.29283990345938,0.54683,0.0785119195,4.290267,104.9
2018-02-19,1.4031543731689453,7247.7001953125,2.29283990345938,0.54683,0.0785119195,4.290267,104.9
2018-02-20,1.3992668390274048,7246.7998046875,2.29283990345938,0.54683,0.0785119195,4.290267,104.9
2018-02-21,1.4001091718673706,7281.60009765625,2.29283990345938,0.54683,0.0785119195,4.290267,104.9
2018-02-22,1.3910139799118042,7252.39990234375,2.29283990345938,0.54683,0.0785119195,4.290267,104.9
2018-02-23,1.3953033685684204,7244.39990234375,2.29283990345938,0.54683,0.0785119195,4.290267,104.9
2018-02-24,1.3953033685684204,7244.39990234375,2.29283990345938,0.54683,0.0785119195,4.290267,104.9
2018-02-25,1.3953033685684204,7244.39990234375,2.29283990345938,0.54683,0.0785119195,4.290267,104.9
2018-02-26,1.3968042135238647,7289.60009765625,2.29283990345938,0.54683,0.0785119195,4.290267,104.9
2018-02-27,1.3966480493545532,7282.5,2.29283990345938,0.54683,0.0785119195,4.290267,104.9
2018-02-28,1.3906078338623047,7231.89990234375,2.29283990345938,0.54683,0.0785119195,4.290267,104.9
2018-03-01,1.375421166419983,7175.60009765625,2.29283990345938,0.62842,0.0785119195,4.290267,105.1
2018-03-02,1.377543330192566,7069.89990234375,2.29283990345938,0.62842,0.0785119195,4.290267,105.1
2018-03-03,1.377543330192566,7069.89990234375,2.29283990345938,0.62842,0.0785119195,4.290267,105.1
2018-03-04,1.377543330192566,7069.89990234375,2.29283990345938,0.62842,0.0785119195,4.290267,105.1
2018-03-05,1.3795006275177002,7116.0,2.29283990345938,0.62842,0.0785119195,4.290267,105.1
2018-03-06,1.3852334022521973,7146.7998046875,2.29283990345938,0.62842,0.0785119195,4.290267,105.1
2018-03-07,1.390008568763733,7157.7998046875,2.29283990345938,0.62842,0.0785119195,4.290267,105.1
2018-03-08,1.390627145767212,7203.2001953125,2.29283990345938,0.62842,0.0785119195,4.290267,105.1
2018-03-09,1.3805670738220215,7224.5,2.29283990345938,0.62842,0.0785119195,4.290267,105.1
2018-03-10,1.3805670738220215,7224.5,2.29283990345938,0.62842,0.0785119195,4.290267,105.1
2018-03-11,1.3805670738220215,7224.5,2.29283990345938,0.62842,0.0785119195,4.290267,105.1
2018-03-12,1.38554048538208,7214.7998046875,2.29283990345938,0.62842,0.0785119195,4.290267,105.1
2018-03-13,1.3907625675201416,7138.7998046875,2.29283990345938,0.62842,0.0785119195,4.290267,105.1
2018-03-14,1.397233486175537,7132.7001953125,2.29283990345938,0.62842,0.0785119195,4.290267,105.1
2018-03-15,1.3971552848815918,7139.7998046875,2.29283990345938,0.62842,0.0785119195,4.290267,105.1
2018-03-16,1.3938642740249634,7164.10009765625,2.29283990345938,0.62842,0.0785119195,4.290267,105.1
2018-03-17,1.3938642740249634,7164.10009765625,2.29283990345938,0.62842,0.0785119195,4.290267,105.1
2018-03-18,1.3938642740249634,7164.10009765625,2.29283990345938,0.62842,0.0785119195,4.290267,105.1
2018-03-19,1.3943500518798828,7042.89990234375,2.29283990345938,0.62842,0.0785119195,4.290267,105.1
2018-03-20,1.4025245904922485,7061.2998046875,2.29283990345938,0.62842,0.0785119195,4.290267,105.1
2018-03-21,1.4004818201065063,7039.0,2.29283990345938,0.62842,0.0785119195,4.290267,105.1
2018-03-22,1.414627194404602,6952.60009765625,2.29283990345938,0.62842,0.0785119195,4.290267,105.1
2018-03-23,1.4114724397659302,6921.89990234375,2.29283990345938,0.62842,0.0785119195,4.290267,105.1
2018-03-24,1.4114724397659302,6921.89990234375,2.29283990345938,0.62842,0.0785119195,4.290267,105.1
2018-03-25,1.4114724397659302,6921.89990234375,2.29283990345938,0.62842,0.0785119195,4.290267,105.1
2018-03-26,1.4147672653198242,6888.7001953125,2.29283990345938,0.62842,0.0785119195,4.290267,105.1
2018-03-27,1.423892855644226,7000.10009765625,2.29283990345938,0.62842,0.0785119195,4.290267,105.1
2018-03-28,1.417635440826416,7044.7001953125,2.29283990345938,0.62842,0.0785119195,4.290267,105.1
2018-03-29,1.4080342054367065,7056.60009765625,2.29283990345938,0.62842,0.0785119195,4.290267,105.1
2018-03-30,1.4029377698898315,7056.60009765625,2.29283990345938,0.62842,0.0785119195,4.290267,105.1
2018-03-31,1.4029377698898315,7056.60009765625,2.29283990345938,0.62842,0.0785119195,4.290267,105.1
2018-04-01,1.4029377698898315,7056.60009765625,2.29283990345938,0.75629,0.2175628376,4.144935,105.5
2018-04-02,1.403823971748352,7056.60009765625,2.29283990345938,0.75629,0.2175628376,4.144935,105.5
2018-04-03,1.4046719074249268,7030.5,2.29283990345938,0.75629,0.2175628376,4.144935,105.5
2018-04-04,1.4068654775619507,7034.0,2.29283990345938,0.75629,0.2175628376,4.144935,105.5
2018-04-05,1.4088078737258911,7199.5,2.29283990345938,0.75629,0.2175628376,4.144935,105.5
2018-04-06,1.400874137878418,7183.60009765625,2.29283990345938,0.75629,0.2175628376,4.144935,105.5
2018-04-07,1.400874137878418,7183.60009765625,2.29283990345938,0.75629,0.2175628376,4.144935,105.5
2018-04-08,1.400874137878418,7183.60009765625,2.29283990345938,0.75629,0.2175628376,4.144935,105.5
2018-04-09,1.4091651439666748,7194.7998046875,2.29283990345938,0.75629,0.2175628376,4.144935,105.5
2018-04-10,1.4138271808624268,7266.7998046875,2.29283990345938,0.75629,0.2175628376,4.144935,105.5
2018-04-11,1.4182183742523193,7257.10009765625,2.29283990345938,0.75629,0.2175628376,4.144935,105.5
2018-04-12,1.4189025163650513,7258.2998046875,2.29283990345938,0.75629,0.2175628376,4.144935,105.5
2018-04-13,1.4238117933273315,7264.60009765625,2.29283990345938,0.75629,0.2175628376,4.144935,105.5
2018-04-14,1.4238117933273315,7264.60009765625,2.29283990345938,0.75629,0.2175628376,4.144935,105.5
2018-04-15,1.4238117933273315,7264.60009765625,2.29283990345938,0.75629,0.2175628376,4.144935,105.5
2018-04-16,1.4246840476989746,7198.2001953125,2.29283990345938,0.75629,0.2175628376,4.144935,105.5
2018-04-17,1.4342057704925537,7226.10009765625,2.29283990345938,0.75629,0.2175628376,4.144935,105.5
2018-04-18,1.4296538829803467,7317.2998046875,2.29283990345938,0.75629,0.2175628376,4.144935,105.5
2018-04-19,1.4204343557357788,7328.89990234375,2.29283990345938,0.75629,0.2175628376,4.144935,105.5
2018-04-20,1.4086490869522095,7368.2001953125,2.29283990345938,0.75629,0.2175628376,4.144935,105.5
2018-04-21,1.4086490869522095,7368.2001953125,2.29283990345938,0.75629,0.2175628376,4.144935,105.5
2018-04-22,1.4086490869522095,7368.2001953125,2.29283990345938,0.75629,0.2175628376,4.144935,105.5
2018-04-23,1.4001679420471191,7398.89990234375,2.29283990345938,0.75629,0.2175628376,4.144935,105.5
2018-04-24,1.3938252925872803,7425.39990234375,2.29283990345938,0.75629,0.2175628376,4.144935,105.5
2018-04-25,1.3993842601776123,7379.2998046875,2.29283990345938,0.75629,0.2175628376,4.144935,105.5
2018-04-26,1.3939224481582642,7421.39990234375,2.29283990345938,0.75629,0.2175628376,4.144935,105.5
2018-04-27,1.391943335533142,7502.2001953125,2.29283990345938,0.75629,0.2175628376,4.144935,105.5
2018-04-28,1.391943335533142,7502.2001953125,2.29283990345938,0.75629,0.2175628376,4.144935,105.5
2018-04-29,1.391943335533142,7502.2001953125,2.29283990345938,0.75629,0.2175628376,4.144935,105.5
2018-04-30,1.37710702419281,7509.2998046875,2.29283990345938,0.75629,0.2175628376,4.144935,105.5
2018-05-01,1.3772207498550415,7520.39990234375,2.29283990345938,0.64355,0.2175628376,4.144935,105.9
2018-05-02,1.3609329462051392,7543.2001953125,2.29283990345938,0.64355,0.2175628376,4.144935,105.9
2018-05-03,1.3573862314224243,7502.7001953125,2.29283990345938,0.64355,0.2175628376,4.144935,105.9
2018-05-04,1.3572388887405396,7567.10009765625,2.29283990345938,0.64355,0.2175628376,4.144935,105.9
2018-05-05,1.3572388887405396,7567.10009765625,2.29283990345938,0.64355,0.2175628376,4.144935,105.9
2018-05-06,1.3572388887405396,7567.10009765625,2.29283990345938,0.64355,0.2175628376,4.144935,105.9
2018-05-07,1.3531982898712158,7567.10009765625,2.29283990345938,0.64355,0.2175628376,4.144935,105.9
2018-05-08,1.3570362329483032,7565.7998046875,2.29283990345938,0.64355,0.2175628376,4.144935,105.9
2018-05-09,1.3553440570831299,7662.5,2.29283990345938,0.64355,0.2175628376,4.144935,105.9
2018-05-10,1.3544628620147705,7701.0,2.29283990345938,0.64355,0.2175628376,4.144935,105.9
2018-05-11,1.352338194847107,7724.60009765625,2.29283990345938,0.64355,0.2175628376,4.144935,105.9
2018-05-12,1.352338194847107,7724.60009765625,2.29283990345938,0.64355,0.2175628376,4.144935,105.9
2018-05-13,1.352338194847107,7724.60009765625,2.29283990345938,0.64355,0.2175628376,4.144935,105.9
2018-05-14,1.355380892753601,7711.0,2.29283990345938,0.64355,0.2175628376,4.144935,105.9
2018-05-15,1.3562448024749756,7723.0,2.29283990345938,0.64355,0.2175628376,4.144935,105.9
2018-05-16,1.3500195741653442,7734.2001953125,2.29283990345938,0.64355,0.2175628376,4.144935,105.9
2018-05-17,1.354830026626587,7788.0,2.29283990345938,0.64355,0.2175628376,4.144935,105.9
2018-05-18,1.3515340089797974,7778.7998046875,2.29283990345938,0.64355,0.2175628376,4.144935,105.9
2018-05-19,1.3515340089797974,7778.7998046875,2.29283990345938,0.64355,0.2175628376,4.144935,105.9
2018-05-20,1.3515340089797974,7778.7998046875,2.29283990345938,0.64355,0.2175628376,4.144935,105.9
2018-05-21,1.3477089405059814,7859.2001953125,2.29283990345938,0.64355,0.2175628376,4.144935,105.9
2018-05-22,1.3431833982467651,7877.5,2.29283990345938,0.64355,0.2175628376,4.144935,105.9
2018-05-23,1.3441040515899658,7788.39990234375,2.29283990345938,0.64355,0.2175628376,4.144935,105.9
2018-05-24,1.3371307849884033,7716.7001953125,2.29283990345938,0.64355,0.2175628376,4.144935,105.9
2018-05-25,1.3383476734161377,7730.2998046875,2.29283990345938,0.64355,0.2175628376,4.144935,105.9
2018-05-26,1.3383476734161377,7730.2998046875,2.29283990345938,0.64355,0.2175628376,4.144935,105.9
2018-05-27,1.3383476734161377,7730.2998046875,2.29283990345938,0.64355,0.2175628376,4.144935,105.9
2018-05-28,1.3309022188186646,7730.2998046875,2.29283990345938,0.64355,0.2175628376,4.144935,105.9
2018-05-29,1.3315579891204834,7632.60009765625,2.29283990345938,0.64355,0.2175628376,4.144935,105.9
2018-05-30,1.3253810405731201,7689.60009765625,2.29283990345938,0.64355,0.2175628376,4.144935,105.9
2018-05-31,1.328356385231018,7678.2001953125,2.29283990345938,0.64355,0.2175628376,4.144935,105.9
2018-06-01,1.3289390802383423,7701.7998046875,2.29283990345938,0.63868,0.2175628376,4.144935,105.9
2018-06-02,1.3289390802383423,7701.7998046875,2.29283990345938,0.63868,0.2175628376,4.144935,105.9
2018-06-03,1.3289390802383423,7701.7998046875,2.29283990345938,0.63868,0.2175628376,4.144935,105.9
2018-06-04,1.3356484174728394,7741.2998046875,2.29283990345938,0.63868,0.2175628376,4.144935,105.9
2018-06-05,1.3316465616226196,7686.7998046875,2.29283990345938,0.63868,0.2175628376,4.144935,105.9
2018-06-06,1.3406083583831787,7712.39990234375,2.29283990345938,0.63868,0.2175628376,4.144935,105.9
2018-06-07,1.3421558141708374,7704.39990234375,2.29283990345938,0.63868,0.2175628376,4.144935,105.9
2018-06-08,1.3419216871261597,7681.10009765625,2.29283990345938,0.63868,0.2175628376,4.144935,105.9
2018-06-09,1.3419216871261597,7681.10009765625,2.29283990345938,0.63868,0.2175628376,4.144935,105.9
2018-06-10,1.3419216871261597,7681.10009765625,2.29283990345938,0.63868,0.2175628376,4.144935,105.9
2018-06-11,1.341381549835205,7737.39990234375,2.29283990345938,0.63868,0.2175628376,4.144935,105.9
2018-06-12,1.3374348878860474,7703.7998046875,2.29283990345938,0.63868,0.2175628376,4.144935,105.9
2018-06-13,1.3372559547424316,7703.7001953125,2.29283990345938,0.63868,0.2175628376,4.144935,105.9
2018-06-14,1.3382760286331177,7765.7998046875,2.29283990345938,0.63868,0.2175628376,4.144935,105.9
2018-06-15,1.3256621360778809,7633.89990234375,2.29283990345938,0.63868,0.2175628376,4.144935,105.9
2018-06-16,1.3256621360778809,7633.89990234375,2.29283990345938,0.63868,0.2175628376,4.144935,105.9
2018-06-17,1.3256621360778809,7633.89990234375,2.29283990345938,0.63868,0.2175628376,4.144935,105.9
2018-06-18,1.3275099992752075,7631.2998046875,2.29283990345938,0.63868,0.2175628376,4.144935,105.9
2018-06-19,1.3258730173110962,7603.89990234375,2.29283990345938,0.63868,0.2175628376,4.144935,105.9
2018-06-20,1.317332148551941,7627.39990234375,2.29283990345938,0.63868,0.2175628376,4.144935,105.9
2018-06-21,1.3175230026245117,7556.39990234375,2.29283990345938,0.63868,0.2175628376,4.144935,105.9
2018-06-22,1.3247840404510498,7682.2998046875,2.29283990345938,0.63868,0.2175628376,4.144935,105.9
2018-06-23,1.3247840404510498,7682.2998046875,2.29283990345938,0.63868,0.2175628376,4.144935,105.9
2018-06-24,1.3247840404510498,7682.2998046875,2.29283990345938,0.63868,0.2175628376,4.144935,105.9
2018-06-25,1.3262423276901245,7509.7998046875,2.29283990345938,0.63868,0.2175628376,4.144935,105.9
2018-06-26,1.3278449773788452,7537.89990234375,2.29283990345938,0.63868,0.2175628376,4.144935,105.9
2018-06-27,1.3221042156219482,7621.7001953125,2.29283990345938,0.63868,0.2175628376,4.144935,105.9
2018-06-28,1.3120431900024414,7615.60009765625,2.29283990345938,0.63868,0.2175628376,4.144935,105.9
2018-06-29,1.3075141906738281,7636.89990234375,2.29283990345938,0.63868,0.2175628376,4.144935,105.9
2018-06-30,1.3075141906738281,7636.89990234375,2.29283990345938,0.63868,0.2175628376,4.144935,105.9
2018-07-01,1.3075141906738281,7636.89990234375,2.29283990345938,0.74619,0.3170644428,4.192332,105.9
2018-07-02,1.3207770586013794,7547.89990234375,2.29283990345938,0.74619,0.3170644428,4.192332,105.9
2018-07-03,1.314405918121338,7593.2998046875,2.29283990345938,0.74619,0.3170644428,4.192332,105.9
2018-07-04,1.3194352388381958,7573.10009765625,2.29283990345938,0.74619,0.3170644428,4.192332,105.9
2018-07-05,1.3229262828826904,7603.2001953125,2.29283990345938,0.74619,0.3170644428,4.192332,105.9
2018-07-06,1.3225764036178589,7617.7001953125,2.29283990345938,0.74619,0.3170644428,4.192332,105.9
2018-07-07,1.3225764036178589,7617.7001953125,2.29283990345938,0.74619,0.3170644428,4.192332,105.9
2018-07-08,1.3225764036178589,7617.7001953125,2.29283990345938,0.74619,0.3170644428,4.192332,105.9
2018-07-09,1.329787254333496,7688.0,2.29283990345938,0.74619,0.3170644428,4.192332,105.9
2018-07-10,1.325556755065918,7692.0,2.29283990345938,0.74619,0.3170644428,4.192332,105.9
2018-07-11,1.3257324695587158,7592.0,2.29283990345938,0.74619,0.3170644428,4.192332,105.9
2018-07-12,1.3210039138793945,7651.2998046875,2.29283990345938,0.74619,0.3170644428,4.192332,105.9
2018-07-13,1.3180439472198486,7661.89990234375,2.29283990345938,0.74619,0.3170644428,4.192332,105.9
2018-07-14,1.3180439472198486,7661.89990234375,2.29283990345938,0.74619,0.3170644428,4.192332,105.9
2018-07-15,1.3180439472198486,7661.89990234375,2.29283990345938,0.74619,0.3170644428,4.192332,105.9
2018-07-16,1.3227688074111938,7600.5,2.29283990345938,0.74619,0.3170644428,4.192332,105.9
2018-07-17,1.3236442804336548,7626.2998046875,2.29283990345938,0.74619,0.3170644428,4.192332,105.9
2018-07-18,1.3106160163879395,7676.2998046875,2.29283990345938,0.74619,0.3170644428,4.192332,105.9
2018-07-19,1.3078221082687378,7684.0,2.29283990345938,0.74619,0.3170644428,4.192332,105.9
2018-07-20,1.3023037910461426,7678.7998046875,2.29283990345938,0.74619,0.3170644428,4.192332,105.9
2018-07-21,1.3023037910461426,7678.7998046875,2.29283990345938,0.74619,0.3170644428,4.192332,105.9
2018-07-22,1.3023037910461426,7678.7998046875,2.29283990345938,0.74619,0.3170644428,4.192332,105.9
2018-07-23,1.3147169351577759,7655.7998046875,2.29283990345938,0.74619,0.3170644428,4.192332,105.9
2018-07-24,1.3102725744247437,7709.10009765625,2.29283990345938,0.74619,0.3170644428,4.192332,105.9
2018-07-25,1.3152183294296265,7658.2998046875,2.29283990345938,0.74619,0.3170644428,4.192332,105.9
2018-07-26,1.3199577331542969,7663.2001953125,2.29283990345938,0.74619,0.3170644428,4.192332,105.9
2018-07-27,1.3108737468719482,7701.2998046875,2.29283990345938,0.74619,0.3170644428,4.192332,105.9
2018-07-28,1.3108737468719482,7701.2998046875,2.29283990345938,0.74619,0.3170644428,4.192332,105.9
2018-07-29,1.3108737468719482,7701.2998046875,2.29283990345938,0.74619,0.3170644428,4.192332,105.9
2018-07-30,1.3111830949783325,7700.89990234375,2.29283990345938,0.74619,0.3170644428,4.192332,105.9
2018-07-31,1.3135426044464111,7748.7998046875,2.29283990345938,0.74619,0.3170644428,4.192332,105.9
2018-08-01,1.3121638298034668,7652.89990234375,2.29283990345938,0.80519,0.3170644428,4.192332,106.5
2018-08-02,1.3126115798950195,7575.89990234375,2.29283990345938,0.80519,0.3170644428,4.192332,106.5
2018-08-03,1.3018121719360352,7659.10009765625,2.29283990345938,0.80519,0.3170644428,4.192332,106.5
2018-08-04,1.3018121719360352,7659.10009765625,2.29283990345938,0.80519,0.3170644428,4.192332,106.5
2018-08-05,1.3018121719360352,7659.10009765625,2.29283990345938,0.80519,0.3170644428,4.192332,106.5
2018-08-06,1.3003562688827515,7663.7998046875,2.29283990345938,0.80519,0.3170644428,4.192332,106.5
2018-08-07,1.2944984436035156,7718.5,2.29283990345938,0.80519,0.3170644428,4.192332,106.5
2018-08-08,1.2946659326553345,7776.7001953125,2.29283990345938,0.80519,0.3170644428,4.192332,106.5
2018-08-09,1.2881617546081543,7741.7998046875,2.29283990345938,0.80519,0.3170644428,4.192332,106.5
2018-08-10,1.2828407287597656,7667.0,2.29283990345938,0.80519,0.3170644428,4.192332,106.5
2018-08-11,1.2828407287597656,7667.0,2.29283990345938,0.80519,0.3170644428,4.192332,106.5
2018-08-12,1.2828407287597656,7667.0,2.29283990345938,0.80519,0.3170644428,4.192332,106.5
2018-08-13,1.2758845090866089,7642.5,2.29283990345938,0.80519,0.3170644428,4.192332,106.5
2018-08-14,1.2762752771377563,7611.60009765625,2.29283990345938,0.80519,0.3170644428,4.192332,106.5
2018-08-15,1.271779179573059,7497.89990234375,2.29283990345938,0.80519,0.3170644428,4.192332,106.5
2018-08-16,1.2693899869918823,7556.39990234375,2.29283990345938,0.80519,0.3170644428,4.192332,106.5
2018-08-17,1.2714558839797974,7558.60009765625,2.29283990345938,0.80519,0.3170644428,4.192332,106.5
2018-08-18,1.2714558839797974,7558.60009765625,2.29283990345938,0.80519,0.3170644428,4.192332,106.5
2018-08-19,1.2714558839797974,7558.60009765625,2.29283990345938,0.80519,0.3170644428,4.192332,106.5
2018-08-20,1.2747135162353516,7591.2998046875,2.29283990345938,0.80519,0.3170644428,4.192332,106.5
2018-08-21,1.2804261445999146,7565.7001953125,2.29283990345938,0.80519,0.3170644428,4.192332,106.5
2018-08-22,1.290555715560913,7574.2001953125,2.29283990345938,0.80519,0.3170644428,4.192332,106.5
2018-08-23,1.2904725074768066,7563.2001953125,2.29283990345938,0.80519,0.3170644428,4.192332,106.5
2018-08-24,1.281065821647644,7577.5,2.29283990345938,0.80519,0.3170644428,4.192332,106.5
2018-08-25,1.281065821647644,7577.5,2.29283990345938,0.80519,0.3170644428,4.192332,106.5
2018-08-26,1.281065821647644,7577.5,2.29283990345938,0.80519,0.3170644428,4.192332,106.5
2018-08-27,1.2860909700393677,7577.5,2.29283990345938,0.80519,0.3170644428,4.192332,106.5
2018-08-28,1.2896735668182373,7617.2001953125,2.29283990345938,0.80519,0.3170644428,4.192332,106.5
2018-08-29,1.2867693901062012,7563.2001953125,2.29283990345938,0.80519,0.3170644428,4.192332,106.5
2018-08-30,1.3035939931869507,7516.0,2.29283990345938,0.80519,0.3170644428,4.192332,106.5
2018-08-31,1.301100730895996,7432.39990234375,2.29283990345938,0.80519,0.3170644428,4.192332,106.5
2018-09-01,1.301100730895996,7432.39990234375,2.29283990345938,0.80093,0.3170644428,4.192332,106.6
2018-09-02,1.301100730895996,7432.39990234375,2.29283990345938,0.80093,0.3170644428,4.192332,106.6
2018-09-03,1.292306900024414,7504.60009765625,2.29283990345938,0.80093,0.3170644428,4.192332,106.6
2018-09-04,1.2869019508361816,7457.89990234375,2.29283990345938,0.80093,0.3170644428,4.192332,106.6
2018-09-05,1.2858428955078125,7383.2998046875,2.29283990345938,0.80093,0.3170644428,4.192332,106.6
2018-09-06,1.2914891242980957,7319.0,2.29283990345938,0.80093,0.3170644428,4.192332,106.6
2018-09-07,1.2925406694412231,7277.7001953125,2.29283990345938,0.80093,0.3170644428,4.192332,106.6
2018-09-08,1.2925406694412231,7277.7001953125,2.29283990345938,0.80093,0.3170644428,4.192332,106.6
2018-09-09,1.2925406694412231,7277.7001953125,2.29283990345938,0.80093,0.3170644428,4.192332,106.6
2018-09-10,1.2930254936218262,7279.2998046875,2.29283990345938,0.80093,0.3170644428,4.192332,106.6
2018-09-11,1.302643060684204,7273.5,2.29283990345938,0.80093,0.3170644428,4.192332,106.6
2018-09-12,1.3015578985214233,7313.39990234375,2.29283990345938,0.80093,0.3170644428,4.192332,106.6
2018-09-13,1.3045463562011719,7281.60009765625,2.29283990345938,0.80093,0.3170644428,4.192332,106.6
2018-09-14,1.311131477355957,7304.0,2.29283990345938,0.80093,0.3170644428,4.192332,106.6
2018-09-15,1.311131477355957,7304.0,2.29283990345938,0.80093,0.3170644428,4.192332,106.6
2018-09-16,1.311131477355957,7304.0,2.29283990345938,0.80093,0.3170644428,4.192332,106.6
2018-09-17,1.307326316833496,7302.10009765625,2.29283990345938,0.80093,0.3170644428,4.192332,106.6
2018-09-18,1.3146305084228516,7300.2001953125,2.29283990345938,0.80093,0.3170644428,4.192332,106.6
2018-09-19,1.3168463706970215,7331.10009765625,2.29283990345938,0.80093,0.3170644428,4.192332,106.6
2018-09-20,1.3141123056411743,7367.2998046875,2.29283990345938,0.80093,0.3170644428,4.192332,106.6
2018-09-21,1.327087163925171,7490.2001953125,2.29283990345938,0.80093,0.3170644428,4.192332,106.6
2018-09-22,1.327087163925171,7490.2001953125,2.29283990345938,0.80093,0.3170644428,4.192332,106.6
2018-09-23,1.327087163925171,7490.2001953125,2.29283990345938,0.80093,0.3170644428,4.192332,106.6
2018-09-24,1.30804443359375,7458.39990234375,2.29283990345938,0.80093,0.3170644428,4.192332,106.6
2018-09-25,1.311733365058899,7507.60009765625,2.29283990345938,0.80093,0.3170644428,4.192332,106.6
2018-09-26,1.3179919719696045,7511.5,2.29283990345938,0.80093,0.3170644428,4.192332,106.6
2018-09-27,1.3172800540924072,7545.39990234375,2.29283990345938,0.80093,0.3170644428,4.192332,106.6
2018-09-28,1.3078734874725342,7510.2001953125,2.29283990345938,0.80093,0.3170644428,4.192332,106.6
2018-09-29,1.3078734874725342,7510.2001953125,2.29283990345938,0.80093,0.3170644428,4.192332,106.6
2018-09-30,1.3078734874725342,7510.2001953125,2.29283990345938,0.80093,0.3170644428,4.192332,106.6
2018-10-01,1.3039000034332275,7495.7001953125,2.29283990345938,0.80618,0.1297518992,4.125065,106.7
2018-10-02,1.3043591976165771,7474.60009765625,2.29283990345938,0.80618,0.1297518992,4.125065,106.7
2018-10-03,1.2981956005096436,7510.2998046875,2.29283990345938,0.80618,0.1297518992,4.125065,106.7
2018-10-04,1.294062852859497,7418.2998046875,2.29283990345938,0.80618,0.1297518992,4.125065,106.7
2018-10-05,1.3024225234985352,7318.5,2.29283990345938,0.80618,0.1297518992,4.125065,106.7
2018-10-06,1.3024225234985352,7318.5,2.29283990345938,0.80618,0.1297518992,4.125065,106.7
2018-10-07,1.3024225234985352,7318.5,2.29283990345938,0.80618,0.1297518992,4.125065,106.7
2018-10-08,1.31271493434906,7233.2998046875,2.29283990345938,0.80618,0.1297518992,4.125065,106.7
2018-10-09,1.309311866760254,7237.60009765625,2.29283990345938,0.80618,0.1297518992,4.125065,106.7
2018-10-10,1.3157029151916504,7145.7001953125,2.29283990345938,0.80618,0.1297518992,4.125065,106.7
2018-10-11,1.3206725120544434,7006.89990234375,2.29283990345938,0.80618,0.1297518992,4.125065,106.7
2018-10-12,1.3234164714813232,6995.89990234375,2.29283990345938,0.80618,0.1297518992,4.125065,106.7
2018-10-13,1.3234164714813232,6995.89990234375,2.29283990345938,0.80618,0.1297518992,4.125065,106.7
2018-10-14,1.3234164714813232,6995.89990234375,2.29283990345938,0.80618,0.1297518992,4.125065,106.7
2018-10-15,1.3103927373886108,7029.2001953125,2.29283990345938,0.80618,0.1297518992,4.125065,106.7
2018-10-16,1.315477967262268,7059.39990234375,2.29283990345938,0.80618,0.1297518992,4.125065,106.7
2018-10-17,1.318721890449524,7054.60009765625,2.29283990345938,0.80618,0.1297518992,4.125065,106.7
2018-10-18,1.3104442358016968,7027.0,2.29283990345938,0.80618,0.1297518992,4.125065,106.7
2018-10-19,1.3024225234985352,7049.7998046875,2.29283990345938,0.80618,0.1297518992,4.125065,106.7
2018-10-20,1.3024225234985352,7049.7998046875,2.29283990345938,0.80618,0.1297518992,4.125065,106.7
2018-10-21,1.3024225234985352,7049.7998046875,2.29283990345938,0.80618,0.1297518992,4.125065,106.7
2018-10-22,1.3065404891967773,7042.7998046875,2.29283990345938,0.80618,0.1297518992,4.125065,106.7
2018-10-23,1.2965964078903198,6955.2001953125,2.29283990345938,0.80618,0.1297518992,4.125065,106.7
2018-10-24,1.2981280088424683,6963.0,2.29283990345938,0.80618,0.1297518992,4.125065,106.7
2018-10-25,1.2888258695602417,7004.10009765625,2.29283990345938,0.80618,0.1297518992,4.125065,106.7
2018-10-26,1.2824623584747314,6939.60009765625,2.29283990345938,0.80618,0.1297518992,4.125065,106.7
2018-10-27,1.2824623584747314,6939.60009765625,2.29283990345938,0.80618,0.1297518992,4.125065,106.7
2018-10-28,1.2824623584747314,6939.60009765625,2.29283990345938,0.80618,0.1297518992,4.125065,106.7
2018-10-29,1.2831040620803833,7026.2998046875,2.29283990345938,0.80618,0.1297518992,4.125065,106.7
2018-10-30,1.2802459001541138,7035.89990234375,2.29283990345938,0.80618,0.1297518992,4.125065,106.7
2018-10-31,1.2708903551101685,7128.10009765625,2.29283990345938,0.80618,0.1297518992,4.125065,106.7
2018-11-01,1.276943564414978,7114.7001953125,2.29283990345938,0.87483,0.1297518992,4.125065,106.9
2018-11-02,1.3003731966018677,7094.10009765625,2.29283990345938,0.87483,0.1297518992,4.125065,106.9
2018-11-03,1.3003731966018677,7094.10009765625,2.29283990345938,0.87483,0.1297518992,4.125065,106.9
2018-11-04,1.3003731966018677,7094.10009765625,2.29283990345938,0.87483,0.1297518992,4.125065,106.9
2018-11-05,1.3005592823028564,7103.7998046875,2.29283990345938,0.87483,0.1297518992,4.125065,106.9
2018-11-06,1.3058068752288818,7040.7001953125,2.29283990345938,0.87483,0.1297518992,4.125065,106.9
2018-11-07,1.3112518787384033,7117.2998046875,2.29283990345938,0.87483,0.1297518992,4.125065,106.9
2018-11-08,1.3128528594970703,7140.7001953125,2.29283990345938,0.87483,0.1297518992,4.125065,106.9
2018-11-09,1.3066771030426025,7105.2998046875,2.29283990345938,0.87483,0.1297518992,4.125065,106.9
2018-11-10,1.3066771030426025,7105.2998046875,2.29283990345938,0.87483,0.1297518992,4.125065,106.9
2018-11-11,1.3066771030426025,7105.2998046875,2.29283990345938,0.87483,0.1297518992,4.125065,106.9
2018-11-12,1.2938451766967773,7053.10009765625,2.29283990345938,0.87483,0.1297518992,4.125065,106.9
2018-11-13,1.2857933044433594,7053.7998046875,2.29283990345938,0.87483,0.1297518992,4.125065,106.9
2018-11-14,1.3014055490493774,7033.7998046875,2.29283990345938,0.87483,0.1297518992,4.125065,106.9
2018-11-15,1.2986170053482056,7038.0,2.29283990345938,0.87483,0.1297518992,4.125065,106.9
2018-11-16,1.276650071144104,7013.89990234375,2.29283990345938,0.87483,0.1297518992,4.125065,106.9
2018-11-17,1.276650071144104,7013.89990234375,2.29283990345938,0.87483,0.1297518992,4.125065,106.9
2018-11-18,1.276650071144104,7013.89990234375,2.29283990345938,0.87483,0.1297518992,4.125065,106.9
2018-11-19,1.2833181619644165,7000.89990234375,2.29283990345938,0.87483,0.1297518992,4.125065,106.9
2018-11-20,1.2859750986099243,6947.89990234375,2.29283990345938,0.87483,0.1297518992,4.125065,106.9
2018-11-21,1.2789195775985718,7050.2001953125,2.29283990345938,0.87483,0.1297518992,4.125065,106.9
2018-11-22,1.277726650238037,6960.2998046875,2.29283990345938,0.87483,0.1297518992,4.125065,106.9
2018-11-23,1.287597894668579,6952.89990234375,2.29283990345938,0.87483,0.1297518992,4.125065,106.9
2018-11-24,1.287597894668579,6952.89990234375,2.29283990345938,0.87483,0.1297518992,4.125065,106.9
2018-11-25,1.287597894668579,6952.89990234375,2.29283990345938,0.87483,0.1297518992,4.125065,106.9
2018-11-26,1.2812299728393555,7036.0,2.29283990345938,0.87483,0.1297518992,4.125065,106.9
2018-11-27,1.2812299728393555,7016.89990234375,2.29283990345938,0.87483,0.1297518992,4.125065,106.9
2018-11-28,1.2743724584579468,7004.5,2.29283990345938,0.87483,0.1297518992,4.125065,106.9
2018-11-29,1.2824130058288574,7039.0,2.29283990345938,0.87483,0.1297518992,4.125065,106.9
2018-11-30,1.2784454822540283,6980.2001953125,2.29283990345938,0.87483,0.1297518992,4.125065,106.9
2018-12-01,1.2784454822540283,6980.2001953125,2.29283990345938,0.90444,0.1297518992,4.125065,107.1
2018-12-02,1.2784454822540283,6980.2001953125,2.29283990345938,0.90444,0.1297518992,4.125065,107.1
2018-12-03,1.2753475904464722,7062.39990234375,2.29283990345938,0.90444,0.1297518992,4.125065,107.1
2018-12-04,1.2725884914398193,7022.7998046875,2.29283990345938,0.90444,0.1297518992,4.125065,107.1
2018-12-05,1.2720541954040527,6921.7998046875,2.29283990345938,0.90444,0.1297518992,4.125065,107.1
2018-12-06,1.2727665901184082,6704.10009765625,2.29283990345938,0.90444,0.1297518992,4.125065,107.1
2018-12-07,1.2778573036193848,6778.10009765625,2.29283990345938,0.90444,0.1297518992,4.125065,107.1
2018-12-08,1.2778573036193848,6778.10009765625,2.29283990345938,0.90444,0.1297518992,4.125065,107.1
2018-12-09,1.2778573036193848,6778.10009765625,2.29283990345938,0.90444,0.1297518992,4.125065,107.1
2018-12-10,1.2721028327941895,6721.5,2.29283990345938,0.90444,0.1297518992,4.125065,107.1
2018-12-11,1.2561235427856445,6806.89990234375,2.29283990345938,0.90444,0.1297518992,4.125065,107.1
2018-12-12,1.2492972612380981,6880.2001953125,2.29283990345938,0.90444,0.1297518992,4.125065,107.1
2018-12-13,1.2628655433654785,6877.5,2.29283990345938,0.90444,0.1297518992,4.125065,107.1
2018-12-14,1.2655024528503418,6845.2001953125,2.29283990345938,0.90444,0.1297518992,4.125065,107.1
2018-12-15,1.2655024528503418,6845.2001953125,2.29283990345938,0.90444,0.1297518992,4.125065,107.1
2018-12-16,1.2655024528503418,6845.2001953125,2.29283990345938,0.90444,0.1297518992,4.125065,107.1
2018-12-17,1.2585581541061401,6773.2001953125,2.29283990345938,0.90444,0.1297518992,4.125065,107.1
2018-12-18,1.2615749835968018,6701.60009765625,2.29283990345938,0.90444,0.1297518992,4.125065,107.1
2018-12-19,1.2655024528503418,6765.89990234375,2.29283990345938,0.90444,0.1297518992,4.125065,107.1
2018-12-20,1.262785792350769,6711.89990234375,2.29283990345938,0.90444,0.1297518992,4.125065,107.1
2018-12-21,1.2669775485992432,6721.2001953125,2.29283990345938,0.90444,0.1297518992,4.125065,107.1
2018-12-22,1.2669775485992432,6721.2001953125,2.29283990345938,0.90444,0.1297518992,4.125065,107.1
2018-12-23,1.2669775485992432,6721.2001953125,2.29283990345938,0.90444,0.1297518992,4.125065,107.1
2018-12-24,1.2648941278457642,6686.0,2.29283990345938,0.90444,0.1297518992,4.125065,107.1
2018-12-25,1.2710840702056885,6686.0,2.29283990345938,0.90444,0.1297518992,4.125065,107.1
2018-12-26,1.2688745260238647,6686.0,2.29283990345938,0.90444,0.1297518992,4.125065,107.1
2018-12-27,1.2648781538009644,6584.7001953125,2.29283990345938,0.90444,0.1297518992,4.125065,107.1
2018-12-28,1.2646220922470093,6734.0,2.29283990345938,0.90444,0.1297518992,4.125065,107.1
2018-12-29,1.2646220922470093,6734.0,2.29283990345938,0.90444,0.1297518992,4.125065,107.1
2018-12-30,1.2646220922470093,6734.0,2.29283990345938,0.90444,0.1297518992,4.125065,107.1
2018-12-31,1.269357681274414,6728.10009765625,2.29283990345938,0.90444,0.1297518992,4.125065,107.1
2019-01-01,1.2738043069839478,6728.10009765625,1.73810460086513,0.91822,0.5038361638,3.923541,106.4
2019-01-02,1.2754288911819458,6734.2001953125,1.73810460086513,0.91822,0.5038361638,3.923541,106.4
2019-01-03,1.2521913051605225,6692.7001953125,1.73810460086513,0.91822,0.5038361638,3.923541,106.4
2019-01-04,1.2628813982009888,6837.39990234375,1.73810460086513,0.91822,0.5038361638,3.923541,106.4
2019-01-05,1.2628813982009888,6837.39990234375,1.73810460086513,0.91822,0.5038361638,3.923541,106.4
2019-01-06,1.2628813982009888,6837.39990234375,1.73810460086513,0.91822,0.5038361638,3.923541,106.4
2019-01-07,1.2734960317611694,6810.89990234375,1.73810460086513,0.91822,0.5038361638,3.923541,106.4
2019-01-08,1.278608798980713,6861.60009765625,1.73810460086513,0.91822,0.5038361638,3.923541,106.4
2019-01-09,1.2737879753112793,6906.60009765625,1.73810460086513,0.91822,0.5038361638,3.923541,106.4
2019-01-10,1.279967188835144,6942.89990234375,1.73810460086513,0.91822,0.5038361638,3.923541,106.4
2019-01-11,1.2753963470458984,6918.2001953125,1.73810460086513,0.91822,0.5038361638,3.923541,106.4
2019-01-12,1.2753963470458984,6918.2001953125,1.73810460086513,0.91822,0.5038361638,3.923541,106.4
2019-01-13,1.2753963470458984,6918.2001953125,1.73810460086513,0.91822,0.5038361638,3.923541,106.4
2019-01-14,1.2849836349487305,6855.0,1.73810460086513,0.91822,0.5038361638,3.923541,106.4
2019-01-15,1.2874983549118042,6895.0,1.73810460086513,0.91822,0.5038361638,3.923541,106.4
2019-01-16,1.2872166633605957,6862.7001953125,1.73810460086513,0.91822,0.5038361638,3.923541,106.4
2019-01-17,1.2885768413543701,6834.89990234375,1.73810460086513,0.91822,0.5038361638,3.923541,106.4
2019-01-18,1.2983977794647217,6968.2998046875,1.73810460086513,0.91822,0.5038361638,3.923541,106.4
2019-01-19,1.2983977794647217,6968.2998046875,1.73810460086513,0.91822,0.5038361638,3.923541,106.4
2019-01-20,1.2983977794647217,6968.2998046875,1.73810460086513,0.91822,0.5038361638,3.923541,106.4
2019-01-21,1.2853471040725708,6970.60009765625,1.73810460086513,0.91822,0.5038361638,3.923541,106.4
2019-01-22,1.2891747951507568,6901.39990234375,1.73810460086513,0.91822,0.5038361638,3.923541,106.4
2019-01-23,1.2957731485366821,6842.89990234375,1.73810460086513,0.91822,0.5038361638,3.923541,106.4
2019-01-24,1.308215618133545,6819.0,1.73810460086513,0.91822,0.5038361638,3.923541,106.4
2019-01-25,1.3121638298034668,6809.2001953125,1.73810460086513,0.91822,0.5038361638,3.923541,106.4
2019-01-26,1.3121638298034668,6809.2001953125,1.73810460086513,0.91822,0.5038361638,3.923541,106.4
2019-01-27,1.3121638298034668,6809.2001953125,1.73810460086513,0.91822,0.5038361638,3.923541,106.4
2019-01-28,1.3208470344543457,6747.10009765625,1.73810460086513,0.91822,0.5038361638,3.923541,106.4
2019-01-29,1.3160146474838257,6833.89990234375,1.73810460086513,0.91822,0.5038361638,3.923541,106.4
2019-01-30,1.30804443359375,6941.60009765625,1.73810460086513,0.91822,0.5038361638,3.923541,106.4
2019-01-31,1.3117163181304932,6968.89990234375,1.73810460086513,0.91822,0.5038361638,3.923541,106.4
2019-02-01,1.3109424114227295,7020.2001953125,1.73810460086513,0.87598,0.5038361638,3.923541,106.8
2019-02-02,1.3109424114227295,7020.2001953125,1.73810460086513,0.87598,0.5038361638,3.923541,106.8
2019-02-03,1.3109424114227295,7020.2001953125,1.73810460086513,0.87598,0.5038361638,3.923541,106.8
2019-02-04,1.3077365159988403,7034.10009765625,1.73810460086513,0.87598,0.5038361638,3.923541,106.8
2019-02-05,1.3031013011932373,7177.39990234375,1.73810460086513,0.87598,0.5038361638,3.923541,106.8
2019-02-06,1.2957228422164917,7173.10009765625,1.73810460086513,0.87598,0.5038361638,3.923541,106.8
2019-02-07,1.2934435606002808,7093.60009765625,1.73810460086513,0.87598,0.5038361638,3.923541,106.8
2019-02-08,1.2949174642562866,7071.2001953125,1.73810460086513,0.87598,0.5038361638,3.923541,106.8
2019-02-09,1.2949174642562866,7071.2001953125,1.73810460086513,0.87598,0.5038361638,3.923541,106.8
2019-02-10,1.2949174642562866,7071.2001953125,1.73810460086513,0.87598,0.5038361638,3.923541,106.8
2019-02-11,1.293677806854248,7129.10009765625,1.73810460086513,0.87598,0.5038361638,3.923541,106.8
2019-02-12,1.2864052057266235,7133.10009765625,1.73810460086513,0.87598,0.5038361638,3.923541,106.8
2019-02-13,1.2892080545425415,7190.7998046875,1.73810460086513,0.87598,0.5038361638,3.923541,106.8
2019-02-14,1.2856775522232056,7197.0,1.73810460086513,0.87598,0.5038361638,3.923541,106.8
2019-02-15,1.2798361778259277,7236.7001953125,1.73810460086513,0.87598,0.5038361638,3.923541,106.8
2019-02-16,1.2798361778259277,7236.7001953125,1.73810460086513,0.87598,0.5038361638,3.923541,106.8
2019-02-17,1.2798361778259277,7236.7001953125,1.73810460086513,0.87598,0.5038361638,3.923541,106.8
2019-02-18,1.290555715560913,7219.5,1.73810460086513,0.87598,0.5038361638,3.923541,106.8
2019-02-19,1.2924071550369263,7179.2001953125,1.73810460086513,0.87598,0.5038361638,3.923541,106.8
2019-02-20,1.3061310052871704,7228.60009765625,1.73810460086513,0.87598,0.5038361638,3.923541,106.8
2019-02-21,1.30451238155365,7167.39990234375,1.73810460086513,0.87598,0.5038361638,3.923541,106.8
2019-02-22,1.3041380643844604,7178.60009765625,1.73810460086513,0.87598,0.5038361638,3.923541,106.8
2019-02-23,1.3041380643844604,7178.60009765625,1.73810460086513,0.87598,0.5038361638,3.923541,106.8
2019-02-24,1.3041380643844604,7178.60009765625,1.73810460086513,0.87598,0.5038361638,3.923541,106.8
2019-02-25,1.306557536125183,7183.7001953125,1.73810460086513,0.87598,0.5038361638,3.923541,106.8
2019-02-26,1.31271493434906,7151.10009765625,1.73810460086513,0.87598,0.5038361638,3.923541,106.8
2019-02-27,1.3258028030395508,7107.2001953125,1.73810460086513,0.87598,0.5038361638,3.923541,106.8
2019-02-28,1.3318239450454712,7074.7001953125,1.73810460086513,0.87598,0.5038361638,3.923541,106.8
2019-03-01,1.3264886140823364,7106.7001953125,1.73810460086513,0.84,0.5038361638,3.923541,107.0
2019-03-02,1.3264886140823364,7106.7001953125,1.73810460086513,0.84,0.5038361638,3.923541,107.0
2019-03-03,1.3264886140823364,7106.7001953125,1.73810460086513,0.84,0.5038361638,3.923541,107.0
2019-03-04,1.3239772319793701,7134.39990234375,1.73810460086513,0.84,0.5038361638,3.923541,107.0
2019-03-05,1.3178529739379883,7183.39990234375,1.73810460086513,0.84,0.5038361638,3.923541,107.0
2019-03-06,1.3156682252883911,7196.0,1.73810460086513,0.84,0.5038361638,3.923541,107.0
2019-03-07,1.3182177543640137,7157.60009765625,1.73810460086513,0.84,0.5038361638,3.923541,107.0
2019-03-08,1.3092432022094727,7104.2998046875,1.73810460086513,0.84,0.5038361638,3.923541,107.0
2019-03-09,1.3092432022094727,7104.2998046875,1.73810460086513,0.84,0.5038361638,3.923541,107.0
2019-03-10,1.3092432022094727,7104.2998046875,1.73810460086513,0.84,0.5038361638,3.923541,107.0
2019-03-11,1.2988362312316895,7130.60009765625,1.73810460086513,0.84,0.5038361638,3.923541,107.0
2019-03-12,1.3248542547225952,7151.2001953125,1.73810460086513,0.84,0.5038361638,3.923541,107.0
2019-03-13,1.3066771030426025,7159.2001953125,1.73810460086513,0.84,0.5038361638,3.923541,107.0
2019-03-14,1.3285682201385498,7185.39990234375,1.73810460086513,0.84,0.5038361638,3.923541,107.0
2019-03-15,1.3258554935455322,7228.2998046875,1.73810460086513,0.84,0.5038361638,3.923541,107.0
2019-03-16,1.3258554935455322,7228.2998046875,1.73810460086513,0.84,0.5038361638,3.923541,107.0
2019-03-17,1.3258554935455322,7228.2998046875,1.73810460086513,0.84,0.5038361638,3.923541,107.0
2019-03-18,1.329716444015503,7299.2001953125,1.73810460086513,0.84,0.5038361638,3.923541,107.0
2019-03-19,1.326435923576355,7324.0,1.73810460086513,0.84,0.5038361638,3.923541,107.0
2019-03-20,1.3271400928497314,7291.0,1.73810460086513,0.84,0.5038361638,3.923541,107.0
2019-03-21,1.320533037185669,7355.2998046875,1.73810460086513,0.84,0.5038361638,3.923541,107.0
2019-03-22,1.313232183456421,7207.60009765625,1.73810460086513,0.84,0.5038361638,3.923541,107.0
2019-03-23,1.313232183456421,7207.60009765625,1.73810460086513,0.84,0.5038361638,3.923541,107.0
2019-03-24,1.313232183456421,7207.60009765625,1.73810460086513,0.84,0.5038361638,3.923541,107.0
2019-03-25,1.3206549882888794,7177.60009765625,1.73810460086513,0.84,0.5038361638,3.923541,107.0
2019-03-26,1.3215277194976807,7196.2998046875,1.73810460086513,0.84,0.5038361638,3.923541,107.0
2019-03-27,1.321143627166748,7194.2001953125,1.73810460086513,0.84,0.5038361638,3.923541,107.0
2019-03-28,1.3152703046798706,7234.2998046875,1.73810460086513,0.84,0.5038361638,3.923541,107.0
2019-03-29,1.30565345287323,7279.2001953125,1.73810460086513,0.84,0.5038361638,3.923541,107.0
2019-03-30,1.30565345287323,7279.2001953125,1.73810460086513,0.84,0.5038361638,3.923541,107.0
2019-03-31,1.30565345287323,7279.2001953125,1.73810460086513,0.84,0.5038361638,3.923541,107.0
2019-04-01,1.3022867441177368,7317.39990234375,1.73810460086513,0.82,0.2132372397,3.99004,107.6
2019-04-02,1.3068991899490356,7391.10009765625,1.73810460086513,0.82,0.2132372397,3.99004,107.6
2019-04-03,1.312766671180725,7418.2998046875,1.73810460086513,0.82,0.2132372397,3.99004,107.6
2019-04-04,1.3176966905593872,7401.89990234375,1.73810460086513,0.82,0.2132372397,3.99004,107.6
2019-04-05,1.3077024221420288,7446.89990234375,1.73810460086513,0.82,0.2132372397,3.99004,107.6
2019-04-06,1.3077024221420288,7446.89990234375,1.73810460086513,0.82,0.2132372397,3.99004,107.6
2019-04-07,1.3077024221420288,7446.89990234375,1.73810460086513,0.82,0.2132372397,3.99004,107.6
2019-04-08,1.3038150072097778,7451.89990234375,1.73810460086513,0.82,0.2132372397,3.99004,107.6
2019-04-09,1.306335687637329,7425.60009765625,1.73810460086513,0.82,0.2132372397,3.99004,107.6
2019-04-10,1.305721640586853,7421.89990234375,1.73810460086513,0.82,0.2132372397,3.99004,107.6
2019-04-11,1.3099292516708374,7418.0,1.73810460086513,0.82,0.2132372397,3.99004,107.6
2019-04-12,1.3056023120880127,7437.10009765625,1.73810460086513,0.82,0.2132372397,3.99004,107.6
2019-04-13,1.3056023120880127,7437.10009765625,1.73810460086513,0.82,0.2132372397,3.99004,107.6
2019-04-14,1.3056023120880127,7437.10009765625,1.73810460086513,0.82,0.2132372397,3.99004,107.6
2019-04-15,1.3083868026733398,7436.89990234375,1.73810460086513,0.82,0.2132372397,3.99004,107.6
2019-04-16,1.3102725744247437,7469.89990234375,1.73810460086513,0.82,0.2132372397,3.99004,107.6
2019-04-17,1.3046314716339111,7471.2998046875,1.73810460086513,0.82,0.2132372397,3.99004,107.6
2019-04-18,1.3039339780807495,7459.89990234375,1.73810460086513,0.82,0.2132372397,3.99004,107.6
2019-04-19,1.2994438409805298,7459.89990234375,1.73810460086513,0.82,0.2132372397,3.99004,107.6
2019-04-20,1.2994438409805298,7459.89990234375,1.73810460086513,0.82,0.2132372397,3.99004,107.6
2019-04-21,1.2994438409805298,7459.89990234375,1.73810460086513,0.82,0.2132372397,3.99004,107.6
2019-04-22,1.299376368522644,7459.89990234375,1.73810460086513,0.82,0.2132372397,3.99004,107.6
2019-04-23,1.2981449365615845,7523.10009765625,1.73810460086513,0.82,0.2132372397,3.99004,107.6
2019-04-24,1.2938116788864136,7471.7998046875,1.73810460086513,0.82,0.2132372397,3.99004,107.6
2019-04-25,1.2904890775680542,7434.10009765625,1.73810460086513,0.82,0.2132372397,3.99004,107.6
2019-04-26,1.289607048034668,7428.2001953125,1.73810460086513,0.82,0.2132372397,3.99004,107.6
2019-04-27,1.289607048034668,7428.2001953125,1.73810460086513,0.82,0.2132372397,3.99004,107.6
2019-04-28,1.289607048034668,7428.2001953125,1.73810460086513,0.82,0.2132372397,3.99004,107.6
2019-04-29,1.2920230627059937,7440.7001953125,1.73810460086513,0.82,0.2132372397,3.99004,107.6
2019-04-30,1.2932428121566772,7418.2001953125,1.73810460086513,0.82,0.2132372397,3.99004,107.6
2019-05-01,1.3039849996566772,7385.2998046875,1.73810460086513,0.8,0.2132372397,3.99004,107.9
2019-05-02,1.3053126335144043,7351.2998046875,1.73810460086513,0.8,0.2132372397,3.99004,107.9
2019-05-03,1.3033220767974854,7380.60009765625,1.73810460086513,0.8,0.2132372397,3.99004,107.9
2019-05-04,1.3033220767974854,7380.60009765625,1.73810460086513,0.8,0.2132372397,3.99004,107.9
2019-05-05,1.3033220767974854,7380.60009765625,1.73810460086513,0.8,0.2132372397,3.99004,107.9
2019-05-06,1.3150626420974731,7380.60009765625,1.73810460086513,0.8,0.2132372397,3.99004,107.9
2019-05-07,1.3099292516708374,7260.5,1.73810460086513,0.8,0.2132372397,3.99004,107.9
2019-05-08,1.3068820238113403,7271.0,1.73810460086513,0.8,0.2132372397,3.99004,107.9
2019-05-09,1.3012022972106934,7207.39990234375,1.73810460086513,0.8,0.2132372397,3.99004,107.9
2019-05-10,1.3009653091430664,7203.2998046875,1.73810460086513,0.8,0.2132372397,3.99004,107.9
2019-05-11,1.3009653091430664,7203.2998046875,1.73810460086513,0.8,0.2132372397,3.99004,107.9
2019-05-12,1.3009653091430664,7203.2998046875,1.73810460086513,0.8,0.2132372397,3.99004,107.9
2019-05-13,1.3010668754577637,7163.7001953125,1.73810460086513,0.8,0.2132372397,3.99004,107.9
2019-05-14,1.2963106632232666,7241.60009765625,1.73810460086513,0.8,0.2132372397,3.99004,107.9
2019-05-15,1.2906556129455566,7297.0,1.73810460086513,0.8,0.2132372397,3.99004,107.9
2019-05-16,1.2847524881362915,7353.5,1.73810460086513,0.8,0.2132372397,3.99004,107.9
2019-05-17,1.2797706127166748,7348.60009765625,1.73810460086513,0.8,0.2132372397,3.99004,107.9
2019-05-18,1.2797706127166748,7348.60009765625,1.73810460086513,0.8,0.2132372397,3.99004,107.9
2019-05-19,1.2797706127166748,7348.60009765625,1.73810460086513,0.8,0.2132372397,3.99004,107.9
2019-05-20,1.2731555700302124,7310.89990234375,1.73810460086513,0.8,0.2132372397,3.99004,107.9
2019-05-21,1.2729123830795288,7328.89990234375,1.73810460086513,0.8,0.2132372397,3.99004,107.9
2019-05-22,1.2729123830795288,7334.2001953125,1.73810460086513,0.8,0.2132372397,3.99004,107.9
2019-05-23,1.2664159536361694,7231.0,1.73810460086513,0.8,0.2132372397,3.99004,107.9
2019-05-24,1.2664639949798584,7277.7001953125,1.73810460086513,0.8,0.2132372397,3.99004,107.9
2019-05-25,1.2664639949798584,7277.7001953125,1.73810460086513,0.8,0.2132372397,3.99004,107.9
2019-05-26,1.2664639949798584,7277.7001953125,1.73810460086513,0.8,0.2132372397,3.99004,107.9
2019-05-27,1.2724751234054565,7277.7001953125,1.73810460086513,0.8,0.2132372397,3.99004,107.9
2019-05-28,1.2682307958602905,7269.0,1.73810460086513,0.8,0.2132372397,3.99004,107.9
2019-05-29,1.2659670114517212,7185.2998046875,1.73810460086513,0.8,0.2132372397,3.99004,107.9
2019-05-30,1.2629451751708984,7218.2001953125,1.73810460086513,0.8,0.2132372397,3.99004,107.9
2019-05-31,1.2609704732894897,7161.7001953125,1.73810460086513,0.8,0.2132372397,3.99004,107.9
2019-06-01,1.2609704732894897,7161.7001953125,1.73810460086513,0.78,0.2132372397,3.99004,107.9
2019-06-02,1.2609704732894897,7161.7001953125,1.73810460086513,0.78,0.2132372397,3.99004,107.9
2019-06-03,1.2639508247375488,7184.7998046875,1.73810460086513,0.78,0.2132372397,3.99004,107.9
2019-06-04,1.2664159536361694,7214.2998046875,1.73810460086513,0.78,0.2132372397,3.99004,107.9
2019-06-05,1.2702767848968506,7220.2001953125,1.73810460086513,0.78,0.2132372397,3.99004,107.9
2019-06-06,1.2688584327697754,7259.89990234375,1.73810460086513,0.78,0.2132372397,3.99004,107.9
2019-06-07,1.269841194152832,7331.89990234375,1.73810460086513,0.78,0.2132372397,3.99004,107.9
2019-06-08,1.269841194152832,7331.89990234375,1.73810460086513,0.78,0.2132372397,3.99004,107.9
2019-06-09,1.269841194152832,7331.89990234375,1.73810460086513,0.78,0.2132372397,3.99004,107.9
2019-06-10,1.2722970247268677,7375.5,1.73810460086513,0.78,0.2132372397,3.99004,107.9
2019-06-11,1.2691160440444946,7398.5,1.73810460086513,0.78,0.2132372397,3.99004,107.9
2019-06-12,1.2724426984786987,7367.60009765625,1.73810460086513,0.78,0.2132372397,3.99004,107.9
2019-06-13,1.2693415880203247,7368.60009765625,1.73810460086513,0.78,0.2132372397,3.99004,107.9
2019-06-14,1.268005609512329,7345.7998046875,1.73810460086513,0.78,0.2132372397,3.99004,107.9
2019-06-15,1.268005609512329,7345.7998046875,1.73810460086513,0.78,0.2132372397,3.99004,107.9
2019-06-16,1.268005609512329,7345.7998046875,1.73810460086513,0.78,0.2132372397,3.99004,107.9
2019-06-17,1.2596044540405273,7357.2998046875,1.73810460086513,0.78,0.2132372397,3.99004,107.9
2019-06-18,1.2541544437408447,7443.0,1.73810460086513,0.78,0.2132372397,3.99004,107.9
2019-06-19,1.2566603422164917,7403.5,1.73810460086513,0.78,0.2132372397,3.99004,107.9
2019-06-20,1.2656625509262085,7424.39990234375,1.73810460086513,0.78,0.2132372397,3.99004,107.9
2019-06-21,1.2707933187484741,7407.5,1.73810460086513,0.78,0.2132372397,3.99004,107.9
2019-06-22,1.2707933187484741,7407.5,1.73810460086513,0.78,0.2132372397,3.99004,107.9
2019-06-23,1.2707933187484741,7407.5,1.73810460086513,0.78,0.2132372397,3.99004,107.9
2019-06-24,1.2750873565673828,7416.7001953125,1.73810460086513,0.78,0.2132372397,3.99004,107.9
2019-06-25,1.2739664316177368,7422.39990234375,1.73810460086513,0.78,0.2132372397,3.99004,107.9
2019-06-26,1.2690677642822266,7416.39990234375,1.73810460086513,0.78,0.2132372397,3.99004,107.9
2019-06-27,1.269841194152832,7402.2998046875,1.73810460086513,0.78,0.2132372397,3.99004,107.9
2019-06-28,1.267748475074768,7425.60009765625,1.73810460086513,0.78,0.2132372397,3.99004,107.9
2019-06-29,1.267748475074768,7425.60009765625,1.73810460086513,0.78,0.2132372397,3.99004,107.9
2019-06-30,1.267748475074768,7425.60009765625,1.73810460086513,0.78,0.2132372397,3.99004,107.9
2019-07-01,1.2694543600082397,7497.5,1.73810460086513,0.77,0.5506279285,3.977877,108.0
2019-07-02,1.2644623517990112,7559.2001953125,1.73810460086513,0.77,0.5506279285,3.977877,108.0
2019-07-03,1.25982666015625,7609.2998046875,1.73810460086513,0.77,0.5506279285,3.977877,108.0
2019-07-04,1.2582731246948242,7603.60009765625,1.73810460086513,0.77,0.5506279285,3.977877,108.0
2019-07-05,1.2583048343658447,7553.10009765625,1.73810460086513,0.77,0.5506279285,3.977877,108.0
2019-07-06,1.2583048343658447,7553.10009765625,1.73810460086513,0.77,0.5506279285,3.977877,108.0
2019-07-07,1.2583048343658447,7553.10009765625,1.73810460086513,0.77,0.5506279285,3.977877,108.0
2019-07-08,1.2525520324707031,7549.2998046875,1.73810460086513,0.77,0.5506279285,3.977877,108.0
2019-07-09,1.2516427040100098,7536.5,1.73810460086513,0.77,0.5506279285,3.977877,108.0
2019-07-10,1.2458575963974,7530.7001953125,1.73810460086513,0.77,0.5506279285,3.977877,108.0
2019-07-11,1.2508130073547363,7509.7998046875,1.73810460086513,0.77,0.5506279285,3.977877,108.0
2019-07-12,1.2523481845855713,7506.0,1.73810460086513,0.77,0.5506279285,3.977877,108.0
2019-07-13,1.2523481845855713,7506.0,1.73810460086513,0.77,0.5506279285,3.977877,108.0
2019-07-14,1.2523481845855713,7506.0,1.73810460086513,0.77,0.5506279285,3.977877,108.0
2019-07-15,1.2571974992752075,7531.7001953125,1.73810460086513,0.77,0.5506279285,3.977877,108.0
2019-07-16,1.251799464225769,7577.2001953125,1.73810460086513,0.77,0.5506279285,3.977877,108.0
2019-07-17,1.2412029504776,7535.5,1.73810460086513,0.77,0.5506279285,3.977877,108.0
2019-07-18,1.2434717416763306,7493.10009765625,1.73810460086513,0.77,0.5506279285,3.977877,108.0
2019-07-19,1.2541857957839966,7508.7001953125,1.73810460086513,0.77,0.5506279285,3.977877,108.0
2019-07-20,1.2541857957839966,7508.7001953125,1.73810460086513,0.77,0.5506279285,3.977877,108.0
2019-07-21,1.2541857957839966,7508.7001953125,1.73810460086513,0.77,0.5506279285,3.977877,108.0
2019-07-22,1.2512825727462769,7514.89990234375,1.73810460086513,0.77,0.5506279285,3.977877,108.0
2019-07-23,1.2474894523620605,7556.89990234375,1.73810460086513,0.77,0.5506279285,3.977877,108.0
2019-07-24,1.243904948234558,7501.5,1.73810460086513,0.77,0.5506279285,3.977877,108.0
2019-07-25,1.2485953569412231,7489.10009765625,1.73810460086513,0.77,0.5506279285,3.977877,108.0
2019-07-26,1.2453454732894897,7549.10009765625,1.73810460086513,0.77,0.5506279285,3.977877,108.0
2019-07-27,1.2453454732894897,7549.10009765625,1.73810460086513,0.77,0.5506279285,3.977877,108.0
2019-07-28,1.2453454732894897,7549.10009765625,1.73810460086513,0.77,0.5506279285,3.977877,108.0
2019-07-29,1.2376697063446045,7686.60009765625,1.73810460086513,0.77,0.5506279285,3.977877,108.0
2019-07-30,1.2217471599578857,7646.7998046875,1.73810460086513,0.77,0.5506279285,3.977877,108.0
2019-07-31,1.2161602973937988,7586.7998046875,1.73810460086513,0.77,0.5506279285,3.977877,108.0
2019-08-01,1.215376853942871,7584.89990234375,1.73810460086513,0.76,0.5506279285,3.977877,108.3
2019-08-02,1.2124298810958862,7407.10009765625,1.73810460086513,0.76,0.5506279285,3.977877,108.3
2019-08-03,1.2124298810958862,7407.10009765625,1.73810460086513,0.76,0.5506279285,3.977877,108.3
2019-08-04,1.2124298810958862,7407.10009765625,1.73810460086513,0.76,0.5506279285,3.977877,108.3
2019-08-05,1.215214490890503,7223.89990234375,1.73810460086513,0.76,0.5506279285,3.977877,108.3
2019-08-06,1.2158203125,7171.7001953125,1.73810460086513,0.76,0.5506279285,3.977877,108.3
2019-08-07,1.2169743776321411,7198.7001953125,1.73810460086513,0.76,0.5506279285,3.977877,108.3
2019-08-08,1.2143291234970093,7285.89990234375,1.73810460086513,0.76,0.5506279285,3.977877,108.3
2019-08-09,1.2143733501434326,7253.89990234375,1.73810460086513,0.76,0.5506279285,3.977877,108.3
2019-08-10,1.2143733501434326,7253.89990234375,1.73810460086513,0.76,0.5506279285,3.977877,108.3
2019-08-11,1.2143733501434326,7253.89990234375,1.73810460086513,0.76,0.5506279285,3.977877,108.3
2019-08-12,1.2021976709365845,7226.7001953125,1.73810460086513,0.76,0.5506279285,3.977877,108.3
2019-08-13,1.207875370979309,7250.89990234375,1.73810460086513,0.76,0.5506279285,3.977877,108.3
2019-08-14,1.2064181566238403,7147.89990234375,1.73810460086513,0.76,0.5506279285,3.977877,108.3
2019-08-15,1.2060399055480957,7067.0,1.73810460086513,0.76,0.5506279285,3.977877,108.3
2019-08-16,1.209160566329956,7117.2001953125,1.73810460086513,0.76,0.5506279285,3.977877,108.3
2019-08-17,1.209160566329956,7117.2001953125,1.73810460086513,0.76,0.5506279285,3.977877,108.3
2019-08-18,1.209160566329956,7117.2001953125,1.73810460086513,0.76,0.5506279285,3.977877,108.3
2019-08-19,1.2161011695861816,7189.7001953125,1.73810460086513,0.76,0.5506279285,3.977877,108.3
2019-08-20,1.2131506204605103,7125.0,1.73810460086513,0.76,0.5506279285,3.977877,108.3
2019-08-21,1.2162343263626099,7204.0,1.73810460086513,0.76,0.5506279285,3.977877,108.3
2019-08-22,1.213224172592163,7128.2001953125,1.73810460086513,0.76,0.5506279285,3.977877,108.3
2019-08-23,1.2251899242401123,7095.0,1.73810460086513,0.76,0.5506279285,3.977877,108.3
2019-08-24,1.2251899242401123,7095.0,1.73810460086513,0.76,0.5506279285,3.977877,108.3
2019-08-25,1.2251899242401123,7095.0,1.73810460086513,0.76,0.5506279285,3.977877,108.3
2019-08-26,1.2262415885925293,7095.0,1.73810460086513,0.76,0.5506279285,3.977877,108.3
2019-08-27,1.222195029258728,7089.60009765625,1.73810460086513,0.76,0.5506279285,3.977877,108.3
2019-08-28,1.2283201217651367,7114.7001953125,1.73810460086513,0.76,0.5506279285,3.977877,108.3
2019-08-29,1.2218515872955322,7184.2998046875,1.73810460086513,0.76,0.5506279285,3.977877,108.3
2019-08-30,1.218650221824646,7207.2001953125,1.73810460086513,0.76,0.5506279285,3.977877,108.3
2019-08-31,1.218650221824646,7207.2001953125,1.73810460086513,0.76,0.5506279285,3.977877,108.3
2019-09-01,1.218650221824646,7207.2001953125,1.73810460086513,0.77,0.5506279285,3.977877,108.4
2019-09-02,1.21592378616333,7281.89990234375,1.73810460086513,0.77,0.5506279285,3.977877,108.4
2019-09-03,1.2066656351089478,7268.2001953125,1.73810460086513,0.77,0.5506279285,3.977877,108.4
2019-09-04,1.2090436220169067,7311.2998046875,1.73810460086513,0.77,0.5506279285,3.977877,108.4
2019-09-05,1.2248897552490234,7271.2001953125,1.73810460086513,0.77,0.5506279285,3.977877,108.4
2019-09-06,1.2323921918869019,7282.2998046875,1.73810460086513,0.77,0.5506279285,3.977877,108.4
2019-09-07,1.2323921918869019,7282.2998046875,1.73810460086513,0.77,0.5506279285,3.977877,108.4
2019-09-08,1.2323921918869019,7282.2998046875,1.73810460086513,0.77,0.5506279285,3.977877,108.4
2019-09-09,1.2283051013946533,7235.7998046875,1.73810460086513,0.77,0.5506279285,3.977877,108.4
2019-09-10,1.2345373630523682,7268.0,1.73810460086513,0.77,0.5506279285,3.977877,108.4
2019-09-11,1.2354830503463745,7338.0,1.73810460086513,0.77,0.5506279285,3.977877,108.4
2019-09-12,1.233471393585205,7344.7001953125,1.73810460086513,0.77,0.5506279285,3.977877,108.4
2019-09-13,1.2329391241073608,7367.5,1.73810460086513,0.77,0.5506279285,3.977877,108.4
2019-09-14,1.2329391241073608,7367.5,1.73810460086513,0.77,0.5506279285,3.977877,108.4
2019-09-15,1.2329391241073608,7367.5,1.73810460086513,0.77,0.5506279285,3.977877,108.4
2019-09-16,1.2497344017028809,7321.39990234375,1.73810460086513,0.77,0.5506279285,3.977877,108.4
2019-09-17,1.2428536415100098,7320.39990234375,1.73810460086513,0.77,0.5506279285,3.977877,108.4
2019-09-18,1.2502655982971191,7314.10009765625,1.73810460086513,0.77,0.5506279285,3.977877,108.4
2019-09-19,1.247053861618042,7356.39990234375,1.73810460086513,0.77,0.5506279285,3.977877,108.4
2019-09-20,1.2525050640106201,7344.89990234375,1.73810460086513,0.77,0.5506279285,3.977877,108.4
2019-09-21,1.2525050640106201,7344.89990234375,1.73810460086513,0.77,0.5506279285,3.977877,108.4
2019-09-22,1.2525050640106201,7344.89990234375,1.73810460086513,0.77,0.5506279285,3.977877,108.4
2019-09-23,1.2471938133239746,7326.10009765625,1.73810460086513,0.77,0.5506279285,3.977877,108.4
2019-09-24,1.243456244468689,7291.39990234375,1.73810460086513,0.77,0.5506279285,3.977877,108.4
2019-09-25,1.2485953569412231,7290.0,1.73810460086513,0.77,0.5506279285,3.977877,108.4
2019-09-26,1.2359564304351807,7351.10009765625,1.73810460086513,0.77,0.5506279285,3.977877,108.4
2019-09-27,1.2331976890563965,7426.2001953125,1.73810460086513,0.77,0.5506279285,3.977877,108.4
2019-09-28,1.2331976890563965,7426.2001953125,1.73810460086513,0.77,0.5506279285,3.977877,108.4
2019-09-29,1.2331976890563965,7426.2001953125,1.73810460086513,0.77,0.5506279285,3.977877,108.4
2019-09-30,1.2293167114257812,7408.2001953125,1.73810460086513,0.77,0.5506279285,3.977877,108.4
2019-10-01,1.2289994955062866,7360.2998046875,1.73810460086513,0.78,0.0059652802,3.789416,108.3
2019-10-02,1.2292261123657227,7122.5,1.73810460086513,0.78,0.0059652802,3.789416,108.3
2019-10-03,1.230436086654663,7077.60009765625,1.73810460086513,0.78,0.0059652802,3.789416,108.3
2019-10-04,1.2342326641082764,7155.39990234375,1.73810460086513,0.78,0.0059652802,3.789416,108.3
2019-10-05,1.2342326641082764,7155.39990234375,1.73810460086513,0.78,0.0059652802,3.789416,108.3
2019-10-06,1.2342326641082764,7155.39990234375,1.73810460086513,0.78,0.0059652802,3.789416,108.3
2019-10-07,1.2334411144256592,7197.89990234375,1.73810460086513,0.78,0.0059652802,3.789416,108.3
2019-10-08,1.2288031578063965,7143.2001953125,1.73810460086513,0.78,0.0059652802,3.789416,108.3
2019-10-09,1.2219561338424683,7166.5,1.73810460086513,0.78,0.0059652802,3.789416,108.3
2019-10-10,1.2212995290756226,7186.39990234375,1.73810460086513,0.78,0.0059652802,3.789416,108.3
2019-10-11,1.2433171272277832,7247.10009765625,1.73810460086513,0.78,0.0059652802,3.789416,108.3
2019-10-12,1.2433171272277832,7247.10009765625,1.73810460086513,0.78,0.0059652802,3.789416,108.3
2019-10-13,1.2433171272277832,7247.10009765625,1.73810460086513,0.78,0.0059652802,3.789416,108.3
2019-10-14,1.261899709701538,7213.5,1.73810460086513,0.78,0.0059652802,3.789416,108.3
2019-10-15,1.2611771821975708,7211.60009765625,1.73810460086513,0.78,0.0059652802,3.789416,108.3
2019-10-16,1.2760635614395142,7168.0,1.73810460086513,0.78,0.0059652802,3.789416,108.3
2019-10-17,1.2823801040649414,7182.2998046875,1.73810460086513,0.78,0.0059652802,3.789416,108.3
2019-10-18,1.286860466003418,7150.60009765625,1.73810460086513,0.78,0.0059652802,3.789416,108.3
2019-10-19,1.286860466003418,7150.60009765625,1.73810460086513,0.78,0.0059652802,3.789416,108.3
2019-10-20,1.286860466003418,7150.60009765625,1.73810460086513,0.78,0.0059652802,3.789416,108.3
2019-10-21,1.2900229692459106,7163.60009765625,1.73810460086513,0.78,0.0059652802,3.789416,108.3
2019-10-22,1.297168254852295,7212.5,1.73810460086513,0.78,0.0059652802,3.789416,108.3
2019-10-23,1.2884771823883057,7260.7001953125,1.73810460086513,0.78,0.0059652802,3.789416,108.3
2019-10-24,1.2923235893249512,7328.2998046875,1.73810460086513,0.78,0.0059652802,3.789416,108.3
2019-10-25,1.2840267419815063,7324.5,1.73810460086513,0.78,0.0059652802,3.789416,108.3
2019-10-26,1.2840267419815063,7324.5,1.73810460086513,0.78,0.0059652802,3.789416,108.3
2019-10-27,1.2840267419815063,7324.5,1.73810460086513,0.78,0.0059652802,3.789416,108.3
2019-10-28,1.283202886581421,7331.2998046875,1.73810460086513,0.78,0.0059652802,3.789416,108.3
2019-10-29,1.2857435941696167,7306.2998046875,1.73810460086513,0.78,0.0059652802,3.789416,108.3
2019-10-30,1.2866700887680054,7330.7998046875,1.73810460086513,0.78,0.0059652802,3.789416,108.3
2019-10-31,1.290172815322876,7248.39990234375,1.73810460086513,0.78,0.0059652802,3.789416,108.3
2019-11-01,1.2939623594284058,7302.39990234375,1.73810460086513,0.79,0.0059652802,3.789416,108.5
2019-11-02,1.2939623594284058,7302.39990234375,1.73810460086513,0.79,0.0059652802,3.789416,108.5
2019-11-03,1.2939623594284058,7302.39990234375,1.73810460086513,0.79,0.0059652802,3.789416,108.5
2019-11-04,1.2937614917755127,7369.7001953125,1.73810460086513,0.79,0.0059652802,3.789416,108.5
2019-11-05,1.2891582250595093,7388.10009765625,1.73810460086513,0.79,0.0059652802,3.789416,108.5
2019-11-06,1.288062334060669,7396.7001953125,1.73810460086513,0.79,0.0059652802,3.789416,108.5
2019-11-07,1.2856775522232056,7406.39990234375,1.73810460086513,0.79,0.0059652802,3.789416,108.5
2019-11-08,1.2779992818832397,7359.39990234375,1.73810460086513,0.79,0.0059652802,3.789416,108.5
2019-11-09,1.2779992818832397,7359.39990234375,1.73810460086513,0.79,0.0059652802,3.789416,108.5
2019-11-10,1.2779992818832397,7359.39990234375,1.73810460086513,0.79,0.0059652802,3.789416,108.5
2019-11-11,1.2796396017074585,7328.5,1.73810460086513,0.79,0.0059652802,3.789416,108.5
2019-11-12,1.2858428955078125,7365.39990234375,1.73810460086513,0.79,0.0059652802,3.789416,108.5
2019-11-13,1.285214900970459,7351.2001953125,1.73810460086513,0.79,0.0059652802,3.789416,108.5
2019-11-14,1.2853800058364868,7292.7998046875,1.73810460086513,0.79,0.0059652802,3.789416,108.5
2019-11-15,1.2881784439086914,7302.89990234375,1.73810460086513,0.79,0.0059652802,3.789416,108.5
2019-11-16,1.2881784439086914,7302.89990234375,1.73810460086513,0.79,0.0059652802,3.789416,108.5
2019-11-17,1.2881784439086914,7302.89990234375,1.73810460086513,0.79,0.0059652802,3.789416,108.5
2019-11-18,1.2921231985092163,7307.7001953125,1.73810460086513,0.79,0.0059652802,3.789416,108.5
2019-11-19,1.2950851917266846,7323.7998046875,1.73810460086513,0.79,0.0059652802,3.789416,108.5
2019-11-20,1.2929502725601196,7262.5,1.73810460086513,0.79,0.0059652802,3.789416,108.5
2019-11-21,1.2927078008651733,7238.60009765625,1.73810460086513,0.79,0.0059652802,3.789416,108.5
2019-11-22,1.2919896841049194,7326.7998046875,1.73810460086513,0.79,0.0059652802,3.789416,108.5
2019-11-23,1.2919896841049194,7326.7998046875,1.73810460086513,0.79,0.0059652802,3.789416,108.5
2019-11-24,1.2919896841049194,7326.7998046875,1.73810460086513,0.79,0.0059652802,3.789416,108.5
2019-11-25,1.2853471040725708,7396.2998046875,1.73810460086513,0.79,0.0059652802,3.789416,108.5
2019-11-26,1.289723515510559,7403.10009765625,1.73810460086513,0.79,0.0059652802,3.789416,108.5
2019-11-27,1.2860909700393677,7429.7998046875,1.73810460086513,0.79,0.0059652802,3.789416,108.5
2019-11-28,1.2929919958114624,7416.39990234375,1.73810460086513,0.79,0.0059652802,3.789416,108.5
2019-11-29,1.29128897190094,7346.5,1.73810460086513,0.79,0.0059652802,3.789416,108.5
2019-11-30,1.29128897190094,7346.5,1.73810460086513,0.79,0.0059652802,3.789416,108.5
2019-12-01,1.29128897190094,7346.5,1.73810460086513,0.79,0.0059652802,3.789416,108.5
2019-12-02,1.29128897190094,7285.89990234375,1.73810460086513,0.79,0.0059652802,3.789416,108.5
2019-12-03,1.294062852859497,7158.7998046875,1.73810460086513,0.79,0.0059652802,3.789416,108.5
2019-12-04,1.2997816801071167,7188.5,1.73810460086513,0.79,0.0059652802,3.789416,108.5
2019-12-05,1.311131477355957,7137.89990234375,1.73810460086513,0.79,0.0059652802,3.789416,108.5
2019-12-06,1.3158414363861084,7239.7001953125,1.73810460086513,0.79,0.0059652802,3.789416,108.5
2019-12-07,1.3158414363861084,7239.7001953125,1.73810460086513,0.79,0.0059652802,3.789416,108.5
2019-12-08,1.3158414363861084,7239.7001953125,1.73810460086513,0.79,0.0059652802,3.789416,108.5
2019-12-09,1.3139568567276,7233.89990234375,1.73810460086513,0.79,0.0059652802,3.789416,108.5
2019-12-10,1.314578652381897,7213.7998046875,1.73810460086513,0.79,0.0059652802,3.789416,108.5
2019-12-11,1.3131287097930908,7216.2998046875,1.73810460086513,0.79,0.0059652802,3.789416,108.5
2019-12-12,1.3200099468231201,7273.5,1.73810460086513,0.79,0.0059652802,3.789416,108.5
2019-12-13,1.347527265548706,7353.39990234375,1.73810460086513,0.79,0.0059652802,3.789416,108.5
2019-12-14,1.347527265548706,7353.39990234375,1.73810460086513,0.79,0.0059652802,3.789416,108.5
2019-12-15,1.347527265548706,7353.39990234375,1.73810460086513,0.79,0.0059652802,3.789416,108.5
2019-12-16,1.335327386856079,7519.10009765625,1.73810460086513,0.79,0.0059652802,3.789416,108.5
2019-12-17,1.3272457122802734,7525.2998046875,1.73810460086513,0.79,0.0059652802,3.789416,108.5
2019-12-18,1.3122154474258423,7540.7998046875,1.73810460086513,0.79,0.0059652802,3.789416,108.5
2019-12-19,1.3087291717529297,7573.7998046875,1.73810460086513,0.79,0.0059652802,3.789416,108.5
2019-12-20,1.3017443418502808,7582.5,1.73810460086513,0.79,0.0059652802,3.789416,108.5
2019-12-21,1.3017443418502808,7582.5,1.73810460086513,0.79,0.0059652802,3.789416,108.5
2019-12-22,1.3017443418502808,7582.5,1.73810460086513,0.79,0.0059652802,3.789416,108.5
2019-12-23,1.3005423545837402,7623.60009765625,1.73810460086513,0.79,0.0059652802,3.789416,108.5
2019-12-24,1.2944984436035156,7632.2001953125,1.73810460086513,0.79,0.0059652802,3.789416,108.5
2019-12-25,1.2934937477111816,7632.2001953125,1.73810460086513,0.79,0.0059652802,3.789416,108.5
2019-12-26,1.2973533868789673,7632.2001953125,1.73810460086513,0.79,0.0059652802,3.789416,108.5
2019-12-27,1.3002209663391113,7644.89990234375,1.73810460086513,0.79,0.0059652802,3.789416,108.5
2019-12-28,1.3002209663391113,7644.89990234375,1.73810460086513,0.79,0.0059652802,3.789416,108.5
2019-12-29,1.3002209663391113,7644.89990234375,1.73810460086513,0.79,0.0059652802,3.789416,108.5
2019-12-30,1.3091918230056763,7587.10009765625,1.73810460086513,0.79,0.0059652802,3.789416,108.5
2019-12-31,1.3113033771514893,7542.39990234375,1.73810460086513,0.79,0.0059652802,3.789416,108.5
2020-01-01,1.326259970664978,7542.39990234375,0.989486703772491,0.74,-2.7449085659,4.195231,108.3
2020-01-02,1.3250298500061035,7604.2998046875,0.989486703772491,0.74,-2.7449085659,4.195231,108.3
2020-01-03,1.3152703046798706,7622.39990234375,0.989486703772491,0.74,-2.7449085659,4.195231,108.3
2020-01-04,1.3152703046798706,7622.39990234375,0.989486703772491,0.74,-2.7449085659,4.195231,108.3
2020-01-05,1.3152703046798706,7622.39990234375,0.989486703772491,0.74,-2.7449085659,4.195231,108.3
2020-01-06,1.308010220527649,7575.2998046875,0.989486703772491,0.74,-2.7449085659,4.195231,108.3
2020-01-07,1.317002534866333,7573.89990234375,0.989486703772491,0.74,-2.7449085659,4.195231,108.3
2020-01-08,1.31137216091156,7574.89990234375,0.989486703772491,0.74,-2.7449085659,4.195231,108.3
2020-01-09,1.3105130195617676,7598.10009765625,0.989486703772491,0.74,-2.7449085659,4.195231,108.3
2020-01-10,1.3070186376571655,7587.89990234375,0.989486703772491,0.74,-2.7449085659,4.195231,108.3
2020-01-11,1.3070186376571655,7587.89990234375,0.989486703772491,0.74,-2.7449085659,4.195231,108.3
2020-01-12,1.3070186376571655,7587.89990234375,0.989486703772491,0.74,-2.7449085659,4.195231,108.3
2020-01-13,1.3045634031295776,7617.60009765625,0.989486703772491,0.74,-2.7449085659,4.195231,108.3
2020-01-14,1.2988194227218628,7622.39990234375,0.989486703772491,0.74,-2.7449085659,4.195231,108.3
2020-01-15,1.3022528886795044,7642.7998046875,0.989486703772491,0.74,-2.7449085659,4.195231,108.3
2020-01-16,1.3041210174560547,7609.7998046875,0.989486703772491,0.74,-2.7449085659,4.195231,108.3
2020-01-17,1.3078734874725342,7674.60009765625,0.989486703772491,0.74,-2.7449085659,4.195231,108.3
2020-01-18,1.3078734874725342,7674.60009765625,0.989486703772491,0.74,-2.7449085659,4.195231,108.3
2020-01-19,1.3078734874725342,7674.60009765625,0.989486703772491,0.74,-2.7449085659,4.195231,108.3
2020-01-20,1.3007283210754395,7651.39990234375,0.989486703772491,0.74,-2.7449085659,4.195231,108.3
2020-01-21,1.3005592823028564,7610.7001953125,0.989486703772491,0.74,-2.7449085659,4.195231,108.3
2020-01-22,1.3048017024993896,7571.89990234375,0.989486703772491,0.74,-2.7449085659,4.195231,108.3
2020-01-23,1.3144749402999878,7507.7001953125,0.989486703772491,0.74,-2.7449085659,4.195231,108.3
2020-01-24,1.311991572380066,7586.0,0.989486703772491,0.74,-2.7449085659,4.195231,108.3
2020-01-25,1.311991572380066,7586.0,0.989486703772491,0.74,-2.7449085659,4.195231,108.3
2020-01-26,1.311991572380066,7586.0,0.989486703772491,0.74,-2.7449085659,4.195231,108.3
2020-01-27,1.3061821460723877,7412.10009765625,0.989486703772491,0.74,-2.7449085659,4.195231,108.3
2020-01-28,1.3060115575790405,7480.7001953125,0.989486703772491,0.74,-2.7449085659,4.195231,108.3
2020-01-29,1.3024563789367676,7483.60009765625,0.989486703772491,0.74,-2.7449085659,4.195231,108.3
2020-01-30,1.3022021055221558,7382.0,0.989486703772491,0.74,-2.7449085659,4.195231,108.3
2020-01-31,1.3089004755020142,7286.0,0.989486703772491,0.74,-2.7449085659,4.195231,108.3
2020-02-01,1.3089004755020142,7286.0,0.989486703772491,0.75,-2.7449085659,4.195231,108.6
2020-02-02,1.3089004755020142,7286.0,0.989486703772491,0.75,-2.7449085659,4.195231,108.6
2020-02-03,1.31816565990448,7326.2998046875,0.989486703772491,0.75,-2.7449085659,4.195231,108.6
2020-02-04,1.2997479438781738,7439.7998046875,0.989486703772491,0.75,-2.7449085659,4.195231,108.6
2020-02-05,1.3032711744308472,7482.5,0.989486703772491,0.75,-2.7449085659,4.195231,108.6
2020-02-06,1.2997140884399414,7504.7998046875,0.989486703772491,0.75,-2.7449085659,4.195231,108.6
2020-02-07,1.2930254936218262,7466.7001953125,0.989486703772491,0.75,-2.7449085659,4.195231,108.6
2020-02-08,1.2930254936218262,7466.7001953125,0.989486703772491,0.75,-2.7449085659,4.195231,108.6
2020-02-09,1.2930254936218262,7466.7001953125,0.989486703772491,0.75,-2.7449085659,4.195231,108.6
2020-02-10,1.2891582250595093,7446.89990234375,0.989486703772491,0.75,-2.7449085659,4.195231,108.6
2020-02-11,1.2918227910995483,7499.39990234375,0.989486703772491,0.75,-2.7449085659,4.195231,108.6
2020-02-12,1.2956557273864746,7534.39990234375,0.989486703772491,0.75,-2.7449085659,4.195231,108.6
2020-02-13,1.295756459236145,7452.0,0.989486703772491,0.75,-2.7449085659,4.195231,108.6
2020-02-14,1.3046824932098389,7409.10009765625,0.989486703772491,0.75,-2.7449085659,4.195231,108.6
2020-02-15,1.3046824932098389,7409.10009765625,0.989486703772491,0.75,-2.7449085659,4.195231,108.6
2020-02-16,1.3046824932098389,7409.10009765625,0.989486703772491,0.75,-2.7449085659,4.195231,108.6
2020-02-17,1.3052955865859985,7433.2998046875,0.989486703772491,0.75,-2.7449085659,4.195231,108.6
2020-02-18,1.3008975982666016,7382.0,0.989486703772491,0.75,-2.7449085659,4.195231,108.6
2020-02-19,1.3002209663391113,7457.0,0.989486703772491,0.75,-2.7449085659,4.195231,108.6
2020-02-20,1.2928247451782227,7436.60009765625,0.989486703772491,0.75,-2.7449085659,4.195231,108.6
2020-02-21,1.2883278131484985,7403.89990234375,0.989486703772491,0.75,-2.7449085659,4.195231,108.6
2020-02-22,1.2883278131484985,7403.89990234375,0.989486703772491,0.75,-2.7449085659,4.195231,108.6
2020-02-23,1.2883278131484985,7403.89990234375,0.989486703772491,0.75,-2.7449085659,4.195231,108.6
2020-02-24,1.29537034034729,7156.7998046875,0.989486703772491,0.75,-2.7449085659,4.195231,108.6
2020-02-25,1.292657732963562,7017.89990234375,0.989486703772491,0.75,-2.7449085659,4.195231,108.6
2020-02-26,1.3003394603729248,7042.5,0.989486703772491,0.75,-2.7449085659,4.195231,108.6
2020-02-27,1.2906889915466309,6796.39990234375,0.989486703772491,0.75,-2.7449085659,4.195231,108.6
2020-02-28,1.2888922691345215,6580.60009765625,0.989486703772491,0.75,-2.7449085659,4.195231,108.6
2020-02-29,1.2888922691345215,6580.60009765625,0.989486703772491,0.75,-2.7449085659,4.195231,108.6
2020-03-01,1.2888922691345215,6580.60009765625,0.989486703772491,0.53,-2.7449085659,4.195231,108.6
2020-03-02,1.2807048559188843,6654.89990234375,0.989486703772491,0.53,-2.7449085659,4.195231,108.6
2020-03-03,1.2767152786254883,6718.2001953125,0.989486703772491,0.53,-2.7449085659,4.195231,108.6
2020-03-04,1.2820841073989868,6815.60009765625,0.989486703772491,0.53,-2.7449085659,4.195231,108.6
2020-03-05,1.2874983549118042,6705.39990234375,0.989486703772491,0.53,-2.7449085659,4.195231,108.6
2020-03-06,1.295068383216858,6462.60009765625,0.989486703772491,0.53,-2.7449085659,4.195231,108.6
2020-03-07,1.295068383216858,6462.60009765625,0.989486703772491,0.53,-2.7449085659,4.195231,108.6
2020-03-08,1.295068383216858,6462.60009765625,0.989486703772491,0.53,-2.7449085659,4.195231,108.6
2020-03-09,1.3099292516708374,5965.7998046875,0.989486703772491,0.53,-2.7449085659,4.195231,108.6
2020-03-10,1.3075313568115234,5960.2001953125,0.989486703772491,0.53,-2.7449085659,4.195231,108.6
2020-03-11,1.2909722328186035,5876.5,0.989486703772491,0.53,-2.7449085659,4.195231,108.6
2020-03-12,1.2818212509155273,5237.5,0.989486703772491,0.53,-2.7449085659,4.195231,108.6
2020-03-13,1.257023572921753,5366.10009765625,0.989486703772491,0.53,-2.7449085659,4.195231,108.6
2020-03-14,1.257023572921753,5366.10009765625,0.989486703772491,0.53,-2.7449085659,4.195231,108.6
2020-03-15,1.257023572921753,5366.10009765625,0.989486703772491,0.53,-2.7449085659,4.195231,108.6
2020-03-16,1.2399870157241821,5151.10009765625,0.989486703772491,0.53,-2.7449085659,4.195231,108.6
2020-03-17,1.2266627550125122,5294.89990234375,0.989486703772491,0.53,-2.7449085659,4.195231,108.6
2020-03-18,1.2121652364730835,5080.60009765625,0.989486703772491,0.53,-2.7449085659,4.195231,108.6
2020-03-19,1.1625338792800903,5151.60009765625,0.989486703772491,0.53,-2.7449085659,4.195231,108.6
2020-03-20,1.149438500404358,5190.7998046875,0.989486703772491,0.53,-2.7449085659,4.195231,108.6
2020-03-21,1.149438500404358,5190.7998046875,0.989486703772491,0.53,-2.7449085659,4.195231,108.6
2020-03-22,1.149438500404358,5190.7998046875,0.989486703772491,0.53,-2.7449085659,4.195231,108.6
2020-03-23,1.162304162979126,4993.89990234375,0.989486703772491,0.53,-2.7449085659,4.195231,108.6
2020-03-24,1.1595547199249268,5446.0,0.989486703772491,0.53,-2.7449085659,4.195231,108.6
2020-03-25,1.1792036294937134,5688.2001953125,0.989486703772491,0.53,-2.7449085659,4.195231,108.6
2020-03-26,1.1851149797439575,5815.7001953125,0.989486703772491,0.53,-2.7449085659,4.195231,108.6
2020-03-27,1.2200626134872437,5510.2998046875,0.989486703772491,0.53,-2.7449085659,4.195231,108.6
2020-03-28,1.2200626134872437,5510.2998046875,0.989486703772491,0.53,-2.7449085659,4.195231,108.6
2020-03-29,1.2200626134872437,5510.2998046875,0.989486703772491,0.53,-2.7449085659,4.195231,108.6
2020-03-30,1.245319128036499,5563.7001953125,0.989486703772491,0.53,-2.7449085659,4.195231,108.6
2020-03-31,1.2371643781661987,5672.0,0.989486703772491,0.53,-2.7449085659,4.195231,108.6
2020-04-01,1.2408487796783447,5454.60009765625,0.989486703772491,0.65,-19.9061608768,4.180153,108.6
2020-04-02,1.238236665725708,5480.2001953125,0.989486703772491,0.65,-19.9061608768,4.180153,108.6
2020-04-03,1.2394952774047852,5415.5,0.989486703772491,0.65,-19.9061608768,4.180153,108.6
2020-04-04,1.2394952774047852,5415.5,0.989486703772491,0.65,-19.9061608768,4.180153,108.6
2020-04-05,1.2394952774047852,5415.5,0.989486703772491,0.65,-19.9061608768,4.180153,108.6
2020-04-06,1.2220158576965332,5582.39990234375,0.989486703772491,0.65,-19.9061608768,4.180153,108.6
2020-04-07,1.2240501642227173,5704.5,0.989486703772491,0.65,-19.9061608768,4.180153,108.6
2020-04-08,1.2338672876358032,5677.7001953125,0.989486703772491,0.65,-19.9061608768,4.180153,108.6
2020-04-09,1.23931086063385,5842.7001953125,0.989486703772491,0.65,-19.9061608768,4.180153,108.6
2020-04-10,1.2454850673675537,5842.7001953125,0.989486703772491,0.65,-19.9061608768,4.180153,108.6
2020-04-11,1.2454850673675537,5842.7001953125,0.989486703772491,0.65,-19.9061608768,4.180153,108.6
2020-04-12,1.2454850673675537,5842.7001953125,0.989486703772491,0.65,-19.9061608768,4.180153,108.6
2020-04-13,1.2461059093475342,5842.7001953125,0.989486703772491,0.65,-19.9061608768,4.180153,108.6
2020-04-14,1.2523951530456543,5791.2998046875,0.989486703772491,0.65,-19.9061608768,4.180153,108.6
2020-04-15,1.26262629032135,5597.7001953125,0.989486703772491,0.65,-19.9061608768,4.180153,108.6
2020-04-16,1.252097249031067,5628.39990234375,0.989486703772491,0.65,-19.9061608768,4.180153,108.6
2020-04-17,1.2487823963165283,5787.0,0.989486703772491,0.65,-19.9061608768,4.180153,108.6
2020-04-18,1.2487823963165283,5787.0,0.989486703772491,0.65,-19.9061608768,4.180153,108.6
2020-04-19,1.2487823963165283,5787.0,0.989486703772491,0.65,-19.9061608768,4.180153,108.6
2020-04-20,1.248751163482666,5812.7998046875,0.989486703772491,0.65,-19.9061608768,4.180153,108.6
2020-04-21,1.2442762851715088,5641.0,0.989486703772491,0.65,-19.9061608768,4.180153,108.6
2020-04-22,1.2298610210418701,5770.60009765625,0.989486703772491,0.65,-19.9061608768,4.180153,108.6
2020-04-23,1.2323921918869019,5826.60009765625,0.989486703772491,0.65,-19.9061608768,4.180153,108.6
2020-04-24,1.235223650932312,5752.2001953125,0.989486703772491,0.65,-19.9061608768,4.180153,108.6
2020-04-25,1.235223650932312,5752.2001953125,0.989486703772491,0.65,-19.9061608768,4.180153,108.6
2020-04-26,1.235223650932312,5752.2001953125,0.989486703772491,0.65,-19.9061608768,4.180153,108.6
2020-04-27,1.2366595268249512,5846.7998046875,0.989486703772491,0.65,-19.9061608768,4.180153,108.6
2020-04-28,1.2422668933868408,5958.5,0.989486703772491,0.65,-19.9061608768,4.180153,108.6
2020-04-29,1.2435646057128906,6115.2998046875,0.989486703772491,0.65,-19.9061608768,4.180153,108.6
2020-04-30,1.2471472024917603,5901.2001953125,0.989486703772491,0.65,-19.9061608768,4.180153,108.6
2020-05-01,1.2581465244293213,5763.10009765625,0.989486703772491,0.33,-19.9061608768,4.180153,108.6
2020-05-02,1.2581465244293213,5763.10009765625,0.989486703772491,0.33,-19.9061608768,4.180153,108.6
2020-05-03,1.2581465244293213,5763.10009765625,0.989486703772491,0.33,-19.9061608768,4.180153,108.6
2020-05-04,1.2454230785369873,5753.7998046875,0.989486703772491,0.33,-19.9061608768,4.180153,108.6
2020-05-05,1.244555115699768,5849.39990234375,0.989486703772491,0.33,-19.9061608768,4.180153,108.6
2020-05-06,1.2444202899932861,5853.7998046875,0.989486703772491,0.33,-19.9061608768,4.180153,108.6
2020-05-07,1.232559323310852,5936.0,0.989486703772491,0.33,-19.9061608768,4.180153,108.6
2020-05-08,1.237593173980713,5936.0,0.989486703772491,0.33,-19.9061608768,4.180153,108.6
2020-05-09,1.237593173980713,5936.0,0.989486703772491,0.33,-19.9061608768,4.180153,108.6
2020-05-10,1.237593173980713,5936.0,0.989486703772491,0.33,-19.9061608768,4.180153,108.6
2020-05-11,1.2417423725128174,5939.7001953125,0.989486703772491,0.33,-19.9061608768,4.180153,108.6
2020-05-12,1.2333498001098633,5994.7998046875,0.989486703772491,0.33,-19.9061608768,4.180153,108.6
2020-05-13,1.2254902124404907,5904.10009765625,0.989486703772491,0.33,-19.9061608768,4.180153,108.6
2020-05-14,1.224155068397522,5741.5,0.989486703772491,0.33,-19.9061608768,4.180153,108.6
2020-05-15,1.2233912944793701,5799.7998046875,0.989486703772491,0.33,-19.9061608768,4.180153,108.6
2020-05-16,1.2233912944793701,5799.7998046875,0.989486703772491,0.33,-19.9061608768,4.180153,108.6
2020-05-17,1.2233912944793701,5799.7998046875,0.989486703772491,0.33,-19.9061608768,4.180153,108.6
2020-05-18,1.2085760831832886,6048.60009765625,0.989486703772491,0.33,-19.9061608768,4.180153,108.6
2020-05-19,1.2200031280517578,6002.2001953125,0.989486703772491,0.33,-19.9061608768,4.180153,108.6
2020-05-20,1.2255953550338745,6067.2001953125,0.989486703772491,0.33,-19.9061608768,4.180153,108.6
2020-05-21,1.2236906290054321,6015.2998046875,0.989486703772491,0.33,-19.9061608768,4.180153,108.6
2020-05-22,1.2223445177078247,5993.2998046875,0.989486703772491,0.33,-19.9061608768,4.180153,108.6
2020-05-23,1.2223445177078247,5993.2998046875,0.989486703772491,0.33,-19.9061608768,4.180153,108.6
2020-05-24,1.2223445177078247,5993.2998046875,0.989486703772491,0.33,-19.9061608768,4.180153,108.6
2020-05-25,1.218605637550354,5993.2998046875,0.989486703772491,0.33,-19.9061608768,4.180153,108.6
2020-05-26,1.220137119293213,6067.7998046875,0.989486703772491,0.33,-19.9061608768,4.180153,108.6
2020-05-27,1.23350191116333,6144.2998046875,0.989486703772491,0.33,-19.9061608768,4.180153,108.6
2020-05-28,1.2264822721481323,6218.7998046875,0.989486703772491,0.33,-19.9061608768,4.180153,108.6
2020-05-29,1.2321492433547974,6076.60009765625,0.989486703772491,0.33,-19.9061608768,4.180153,108.6
2020-05-30,1.2321492433547974,6076.60009765625,0.989486703772491,0.33,-19.9061608768,4.180153,108.6
2020-05-31,1.2321492433547974,6076.60009765625,0.989486703772491,0.33,-19.9061608768,4.180153,108.6
2020-06-01,1.2347996234893799,6166.39990234375,0.989486703772491,0.19,-19.9061608768,4.180153,108.8
2020-06-02,1.248704433441162,6220.10009765625,0.989486703772491,0.19,-19.9061608768,4.180153,108.8
2020-06-03,1.2581465244293213,6382.39990234375,0.989486703772491,0.19,-19.9061608768,4.180153,108.8
2020-06-04,1.2575136423110962,6341.39990234375,0.989486703772491,0.19,-19.9061608768,4.180153,108.8
2020-06-05,1.2609069347381592,6484.2998046875,0.989486703772491,0.19,-19.9061608768,4.180153,108.8
2020-06-06,1.2609069347381592,6484.2998046875,0.989486703772491,0.19,-19.9061608768,4.180153,108.8
2020-06-07,1.2609069347381592,6484.2998046875,0.989486703772491,0.19,-19.9061608768,4.180153,108.8
2020-06-08,1.2725722789764404,6472.60009765625,0.989486703772491,0.19,-19.9061608768,4.180153,108.8
2020-06-09,1.2735283374786377,6335.7001953125,0.989486703772491,0.19,-19.9061608768,4.180153,108.8
2020-06-10,1.2711325883865356,6329.10009765625,0.989486703772491,0.19,-19.9061608768,4.180153,108.8
2020-06-11,1.2710679769515991,6076.7001953125,0.989486703772491,0.19,-19.9061608768,4.180153,108.8
2020-06-12,1.257703423500061,6105.2001953125,0.989486703772491,0.19,-19.9061608768,4.180153,108.8
2020-06-13,1.257703423500061,6105.2001953125,0.989486703772491,0.19,-19.9061608768,4.180153,108.8
2020-06-14,1.257703423500061,6105.2001953125,0.989486703772491,0.19,-19.9061608768,4.180153,108.8
2020-06-15,1.2508755922317505,6064.7001953125,0.989486703772491,0.19,-19.9061608768,4.180153,108.8
2020-06-16,1.2637752294540405,6242.7998046875,0.989486703772491,0.19,-19.9061608768,4.180153,108.8
2020-06-17,1.258510708808899,6253.2998046875,0.989486703772491,0.19,-19.9061608768,4.180153,108.8
2020-06-18,1.2552721500396729,6224.10009765625,0.989486703772491,0.19,-19.9061608768,4.180153,108.8
2020-06-19,1.2426837682724,6292.60009765625,0.989486703772491,0.19,-19.9061608768,4.180153,108.8
2020-06-20,1.2426837682724,6292.60009765625,0.989486703772491,0.19,-19.9061608768,4.180153,108.8
2020-06-21,1.2426837682724,6292.60009765625,0.989486703772491,0.19,-19.9061608768,4.180153,108.8
2020-06-22,1.234811782836914,6244.60009765625,0.989486703772491,0.19,-19.9061608768,4.180153,108.8
2020-06-23,1.250156283378601,6320.10009765625,0.989486703772491,0.19,-19.9061608768,4.180153,108.8
2020-06-24,1.2524893283843994,6123.7001953125,0.989486703772491,0.19,-19.9061608768,4.180153,108.8
2020-06-25,1.2412954568862915,6147.10009765625,0.989486703772491,0.19,-19.9061608768,4.180153,108.8
2020-06-26,1.2425447702407837,6159.2998046875,0.989486703772491,0.19,-19.9061608768,4.180153,108.8
2020-06-27,1.2425447702407837,6159.2998046875,0.989486703772491,0.19,-19.9061608768,4.180153,108.8
2020-06-28,1.2425447702407837,6159.2998046875,0.989486703772491,0.19,-19.9061608768,4.180153,108.8
2020-06-29,1.2342174053192139,6225.7998046875,0.989486703772491,0.19,-19.9061608768,4.180153,108.8
2020-06-30,1.2310571670532227,6169.7001953125,0.989486703772491,0.19,-19.9061608768,4.180153,108.8
2020-07-01,1.2389271259307861,6158.0,0.989486703772491,0.1,16.9646754339,5.067547,109.2
2020-07-02,1.2464786767959595,6240.39990234375,0.989486703772491,0.1,16.9646754339,5.067547,109.2
2020-07-03,1.2466403245925903,6157.2998046875,0.989486703772491,0.1,16.9646754339,5.067547,109.2
2020-07-04,1.2466403245925903,6157.2998046875,0.989486703772491,0.1,16.9646754339,5.067547,109.2
2020-07-05,1.2466403245925903,6157.2998046875,0.989486703772491,0.1,16.9646754339,5.067547,109.2
2020-07-06,1.247551679611206,6285.89990234375,0.989486703772491,0.1,16.9646754339,5.067547,109.2
2020-07-07,1.249547004699707,6189.89990234375,0.989486703772491,0.1,16.9646754339,5.067547,109.2
2020-07-08,1.2542802095413208,6156.2001953125,0.989486703772491,0.1,16.9646754339,5.067547,109.2
2020-07-09,1.2613521814346313,6049.60009765625,0.989486703772491,0.1,16.9646754339,5.067547,109.2
2020-07-10,1.2605094909667969,6095.39990234375,0.989486703772491,0.1,16.9646754339,5.067547,109.2
2020-07-11,1.2605094909667969,6095.39990234375,0.989486703772491,0.1,16.9646754339,5.067547,109.2
2020-07-12,1.2605094909667969,6095.39990234375,0.989486703772491,0.1,16.9646754339,5.067547,109.2
2020-07-13,1.2627506256103516,6176.2001953125,0.989486703772491,0.1,16.9646754339,5.067547,109.2
2020-07-14,1.255177617073059,6179.7998046875,0.989486703772491,0.1,16.9646754339,5.067547,109.2
2020-07-15,1.25692880153656,6292.7001953125,0.989486703772491,0.1,16.9646754339,5.067547,109.2
2020-07-16,1.2591001987457275,6250.7001953125,0.989486703772491,0.1,16.9646754339,5.067547,109.2
2020-07-17,1.2559500932693481,6290.2998046875,0.989486703772491,0.1,16.9646754339,5.067547,109.2
2020-07-18,1.2559500932693481,6290.2998046875,0.989486703772491,0.1,16.9646754339,5.067547,109.2
2020-07-19,1.2559500932693481,6290.2998046875,0.989486703772491,0.1,16.9646754339,5.067547,109.2
2020-07-20,1.2571184635162354,6261.5,0.989486703772491,0.1,16.9646754339,5.067547,109.2
2020-07-21,1.266175389289856,6269.7001953125,0.989486703772491,0.1,16.9646754339,5.067547,109.2
2020-07-22,1.2730745077133179,6207.10009765625,0.989486703772491,0.1,16.9646754339,5.067547,109.2
2020-07-23,1.2729934453964233,6211.39990234375,0.989486703772491,0.1,16.9646754339,5.067547,109.2
2020-07-24,1.2730745077133179,6123.7998046875,0.989486703772491,0.1,16.9646754339,5.067547,109.2
2020-07-25,1.2730745077133179,6123.7998046875,0.989486703772491,0.1,16.9646754339,5.067547,109.2
2020-07-26,1.2730745077133179,6123.7998046875,0.989486703772491,0.1,16.9646754339,5.067547,109.2
2020-07-27,1.2795906066894531,6104.89990234375,0.989486703772491,0.1,16.9646754339,5.067547,109.2
2020-07-28,1.2889753580093384,6129.2998046875,0.989486703772491,0.1,16.9646754339,5.067547,109.2
2020-07-29,1.292373776435852,6131.5,0.989486703772491,0.1,16.9646754339,5.067547,109.2
2020-07-30,1.298246145248413,5990.0,0.989486703772491,0.1,16.9646754339,5.067547,109.2
2020-07-31,1.311785101890564,5897.7998046875,0.989486703772491,0.1,16.9646754339,5.067547,109.2
2020-08-01,1.311785101890564,5897.7998046875,0.989486703772491,0.07,16.9646754339,5.067547,108.8
2020-08-02,1.311785101890564,5897.7998046875,0.989486703772491,0.07,16.9646754339,5.067547,108.8
2020-08-03,1.3101695775985718,6032.89990234375,0.989486703772491,0.07,16.9646754339,5.067547,108.8
2020-08-04,1.3078734874725342,6036.0,0.989486703772491,0.07,16.9646754339,5.067547,108.8
2020-08-05,1.3086093664169312,6104.7001953125,0.989486703772491,0.07,16.9646754339,5.067547,108.8
2020-08-06,1.3126804828643799,6026.89990234375,0.989486703772491,0.07,16.9646754339,5.067547,108.8
2020-08-07,1.3138015270233154,6032.2001953125,0.989486703772491,0.07,16.9646754339,5.067547,108.8
2020-08-08,1.3138015270233154,6032.2001953125,0.989486703772491,0.07,16.9646754339,5.067547,108.8
2020-08-09,1.3138015270233154,6032.2001953125,0.989486703772491,0.07,16.9646754339,5.067547,108.8
2020-08-10,1.3052273988723755,6050.60009765625,0.989486703772491,0.07,16.9646754339,5.067547,108.8
2020-08-11,1.3077194690704346,6154.2998046875,0.989486703772491,0.07,16.9646754339,5.067547,108.8
2020-08-12,1.3050740957260132,6280.10009765625,0.989486703772491,0.07,16.9646754339,5.067547,108.8
2020-08-13,1.3048017024993896,6185.60009765625,0.989486703772491,0.07,16.9646754339,5.067547,108.8
2020-08-14,1.3070528507232666,6090.0,0.989486703772491,0.07,16.9646754339,5.067547,108.8
2020-08-15,1.3070528507232666,6090.0,0.989486703772491,0.07,16.9646754339,5.067547,108.8
2020-08-16,1.3070528507232666,6090.0,0.989486703772491,0.07,16.9646754339,5.067547,108.8
2020-08-17,1.3107001781463623,6127.39990234375,0.989486703772491,0.07,16.9646754339,5.067547,108.8
2020-08-18,1.3107877969741821,6076.60009765625,0.989486703772491,0.07,16.9646754339,5.067547,108.8
2020-08-19,1.325398564338684,6112.0,0.989486703772491,0.07,16.9646754339,5.067547,108.8
2020-08-20,1.311079978942871,6013.2998046875,0.989486703772491,0.07,16.9646754339,5.067547,108.8
2020-08-21,1.3220343589782715,6001.89990234375,0.989486703772491,0.07,16.9646754339,5.067547,108.8
2020-08-22,1.3220343589782715,6001.89990234375,0.989486703772491,0.07,16.9646754339,5.067547,108.8
2020-08-23,1.3220343589782715,6001.89990234375,0.989486703772491,0.07,16.9646754339,5.067547,108.8
2020-08-24,1.3094146251678467,6104.7001953125,0.989486703772491,0.07,16.9646754339,5.067547,108.8
2020-08-25,1.307138204574585,6037.0,0.989486703772491,0.07,16.9646754339,5.067547,108.8
2020-08-26,1.3152183294296265,6045.60009765625,0.989486703772491,0.07,16.9646754339,5.067547,108.8
2020-08-27,1.3219819068908691,6000.0,0.989486703772491,0.07,16.9646754339,5.067547,108.8
2020-08-28,1.3199577331542969,5963.60009765625,0.989486703772491,0.07,16.9646754339,5.067547,108.8
2020-08-29,1.3199577331542969,5963.60009765625,0.989486703772491,0.07,16.9646754339,5.067547,108.8
2020-08-30,1.3199577331542969,5963.60009765625,0.989486703772491,0.07,16.9646754339,5.067547,108.8
2020-08-31,1.3356484174728394,5963.60009765625,0.989486703772491,0.07,16.9646754339,5.067547,108.8
2020-09-01,1.3364516496658325,5862.10009765625,0.989486703772491,0.06,16.9646754339,5.067547,109.2
2020-09-02,1.339943766593933,5941.0,0.989486703772491,0.06,16.9646754339,5.067547,109.2
2020-09-03,1.335131287574768,5850.89990234375,0.989486703772491,0.06,16.9646754339,5.067547,109.2
2020-09-04,1.3262248039245605,5799.10009765625,0.989486703772491,0.06,16.9646754339,5.067547,109.2
2020-09-05,1.3262248039245605,5799.10009765625,0.989486703772491,0.06,16.9646754339,5.067547,109.2
2020-09-06,1.3262248039245605,5799.10009765625,0.989486703772491,0.06,16.9646754339,5.067547,109.2
2020-09-07,1.3245735168457031,5937.39990234375,0.989486703772491,0.06,16.9646754339,5.067547,109.2
2020-09-08,1.3162224292755127,5930.2998046875,0.989486703772491,0.06,16.9646754339,5.067547,109.2
2020-09-09,1.2968486547470093,6012.7998046875,0.989486703772491,0.06,16.9646754339,5.067547,109.2
2020-09-10,1.2999167442321777,6003.2998046875,0.989486703772491,0.06,16.9646754339,5.067547,109.2
2020-09-11,1.2808295488357544,6032.10009765625,0.989486703772491,0.06,16.9646754339,5.067547,109.2
2020-09-12,1.2808295488357544,6032.10009765625,0.989486703772491,0.06,16.9646754339,5.067547,109.2
2020-09-13,1.2808295488357544,6032.10009765625,0.989486703772491,0.06,16.9646754339,5.067547,109.2
2020-09-14,1.2806557416915894,6026.2998046875,0.989486703772491,0.06,16.9646754339,5.067547,109.2
2020-09-15,1.2849671840667725,6105.5,0.989486703772491,0.06,16.9646754339,5.067547,109.2
2020-09-16,1.2884771823883057,6078.5,0.989486703772491,0.06,16.9646754339,5.067547,109.2
2020-09-17,1.2959998846054077,6049.89990234375,0.989486703772491,0.06,16.9646754339,5.067547,109.2
2020-09-18,1.2975554466247559,6007.10009765625,0.989486703772491,0.06,16.9646754339,5.067547,109.2
2020-09-19,1.2975554466247559,6007.10009765625,0.989486703772491,0.06,16.9646754339,5.067547,109.2
2020-09-20,1.2975554466247559,6007.10009765625,0.989486703772491,0.06,16.9646754339,5.067547,109.2
2020-09-21,1.2932761907577515,5804.2998046875,0.989486703772491,0.06,16.9646754339,5.067547,109.2
2020-09-22,1.2820513248443604,5829.5,0.989486703772491,0.06,16.9646754339,5.067547,109.2
2020-09-23,1.2744048833847046,5899.2998046875,0.989486703772491,0.06,16.9646754339,5.067547,109.2
2020-09-24,1.2717468738555908,5822.7998046875,0.989486703772491,0.06,16.9646754339,5.067547,109.2
2020-09-25,1.2757054567337036,5842.7001953125,0.989486703772491,0.06,16.9646754339,5.067547,109.2
2020-09-26,1.2757054567337036,5842.7001953125,0.989486703772491,0.06,16.9646754339,5.067547,109.2
2020-09-27,1.2757054567337036,5842.7001953125,0.989486703772491,0.06,16.9646754339,5.067547,109.2
2020-09-28,1.2766826152801514,5927.89990234375,0.989486703772491,0.06,16.9646754339,5.067547,109.2
2020-09-29,1.2873492240905762,5897.5,0.989486703772491,0.06,16.9646754339,5.067547,109.2
2020-09-30,1.2866535186767578,5866.10009765625,0.989486703772491,0.06,16.9646754339,5.067547,109.2
2020-10-01,1.2917560338974,5879.5,0.989486703772491,0.05,1.367984133,5.374767,109.2
2020-10-02,1.2886265516281128,5902.10009765625,0.989486703772491,0.05,1.367984133,5.374767,109.2
2020-10-03,1.2886265516281128,5902.10009765625,0.989486703772491,0.05,1.367984133,5.374767,109.2
2020-10-04,1.2886265516281128,5902.10009765625,0.989486703772491,0.05,1.367984133,5.374767,109.2
2020-10-05,1.2931090593338013,5942.89990234375,0.989486703772491,0.05,1.367984133,5.374767,109.2
2020-10-06,1.2992581129074097,5949.89990234375,0.989486703772491,0.05,1.367984133,5.374767,109.2
2020-10-07,1.2883278131484985,5946.2998046875,0.989486703772491,0.05,1.367984133,5.374767,109.2
2020-10-08,1.2917560338974,5978.0,0.989486703772491,0.05,1.367984133,5.374767,109.2
2020-10-09,1.29404616355896,6016.7001953125,0.989486703772491,0.05,1.367984133,5.374767,109.2
2020-10-10,1.29404616355896,6016.7001953125,0.989486703772491,0.05,1.367984133,5.374767,109.2
2020-10-11,1.29404616355896,6016.7001953125,0.989486703772491,0.05,1.367984133,5.374767,109.2
2020-10-12,1.3031693696975708,6001.39990234375,0.989486703772491,0.05,1.367984133,5.374767,109.2
2020-10-13,1.3065747022628784,5969.7001953125,0.989486703772491,0.05,1.367984133,5.374767,109.2
2020-10-14,1.2935272455215454,5935.10009765625,0.989486703772491,0.05,1.367984133,5.374767,109.2
2020-10-15,1.3012362718582153,5832.5,0.989486703772491,0.05,1.367984133,5.374767,109.2
2020-10-16,1.2902060747146606,5919.60009765625,0.989486703772491,0.05,1.367984133,5.374767,109.2
2020-10-17,1.2902060747146606,5919.60009765625,0.989486703772491,0.05,1.367984133,5.374767,109.2
2020-10-18,1.2902060747146606,5919.60009765625,0.989486703772491,0.05,1.367984133,5.374767,109.2
2020-10-19,1.2927746772766113,5884.7001953125,0.989486703772491,0.05,1.367984133,5.374767,109.2
2020-10-20,1.2948671579360962,5889.2001953125,0.989486703772491,0.05,1.367984133,5.374767,109.2
2020-10-21,1.2954038381576538,5776.5,0.989486703772491,0.05,1.367984133,5.374767,109.2
2020-10-22,1.3131976127624512,5785.7001953125,0.989486703772491,0.05,1.367984133,5.374767,109.2
2020-10-23,1.307805061340332,5860.2998046875,0.989486703772491,0.05,1.367984133,5.374767,109.2
2020-10-24,1.307805061340332,5860.2998046875,0.989486703772491,0.05,1.367984133,5.374767,109.2
2020-10-25,1.307805061340332,5860.2998046875,0.989486703772491,0.05,1.367984133,5.374767,109.2
2020-10-26,1.3054660558700562,5792.0,0.989486703772491,0.05,1.367984133,5.374767,109.2
2020-10-27,1.301574945449829,5729.0,0.989486703772491,0.05,1.367984133,5.374767,109.2
2020-10-28,1.303186297416687,5582.7998046875,0.989486703772491,0.05,1.367984133,5.374767,109.2
2020-10-29,1.2989881038665771,5581.7998046875,0.989486703772491,0.05,1.367984133,5.374767,109.2
2020-10-30,1.2931926250457764,5577.2998046875,0.989486703772491,0.05,1.367984133,5.374767,109.2
2020-10-31,1.2931926250457764,5577.2998046875,0.989486703772491,0.05,1.367984133,5.374767,109.2
2020-11-01,1.2931926250457764,5577.2998046875,0.989486703772491,0.04,1.367984133,5.374767,109.1
2020-11-02,1.2926744222640991,5655.0,0.989486703772491,0.04,1.367984133,5.374767,109.1
2020-11-03,1.2923903465270996,5786.7998046875,0.989486703772491,0.04,1.367984133,5.374767,109.1
2020-11-04,1.3121638298034668,5883.2998046875,0.989486703772491,0.04,1.367984133,5.374767,109.1
2020-11-05,1.2966804504394531,5906.2001953125,0.989486703772491,0.04,1.367984133,5.374767,109.1
2020-11-06,1.3139395713806152,5910.0,0.989486703772491,0.04,1.367984133,5.374767,109.1
2020-11-07,1.3139395713806152,5910.0,0.989486703772491,0.04,1.367984133,5.374767,109.1
2020-11-08,1.3139395713806152,5910.0,0.989486703772491,0.04,1.367984133,5.374767,109.1
2020-11-09,1.318061351776123,6186.2998046875,0.989486703772491,0.04,1.367984133,5.374767,109.1
2020-11-10,1.3169677257537842,6296.89990234375,0.989486703772491,0.04,1.367984133,5.374767,109.1
2020-11-11,1.3261544704437256,6382.10009765625,0.989486703772491,0.04,1.367984133,5.374767,109.1
2020-11-12,1.3224189281463623,6338.89990234375,0.989486703772491,0.04,1.367984133,5.374767,109.1
2020-11-13,1.3121638298034668,6316.39990234375,0.989486703772491,0.04,1.367984133,5.374767,109.1
2020-11-14,1.3121638298034668,6316.39990234375,0.989486703772491,0.04,1.367984133,5.374767,109.1
2020-11-15,1.3121638298034668,6316.39990234375,0.989486703772491,0.04,1.367984133,5.374767,109.1
2020-11-16,1.3220518827438354,6421.2998046875,0.989486703772491,0.04,1.367984133,5.374767,109.1
2020-11-17,1.322209119796753,6365.2998046875,0.989486703772491,0.04,1.367984133,5.374767,109.1
2020-11-18,1.3259083032608032,6385.2001953125,0.989486703772491,0.04,1.367984133,5.374767,109.1
2020-11-19,1.325644612312317,6334.39990234375,0.989486703772491,0.04,1.367984133,5.374767,109.1
2020-11-20,1.3249244689941406,6351.5,0.989486703772491,0.04,1.367984133,5.374767,109.1
2020-11-21,1.3249244689941406,6351.5,0.989486703772491,0.04,1.367984133,5.374767,109.1
2020-11-22,1.3249244689941406,6351.5,0.989486703772491,0.04,1.367984133,5.374767,109.1
2020-11-23,1.3305126428604126,6333.7998046875,0.989486703772491,0.04,1.367984133,5.374767,109.1
2020-11-24,1.332906723022461,6432.2001953125,0.989486703772491,0.04,1.367984133,5.374767,109.1
2020-11-25,1.3363267183303833,6391.10009765625,0.989486703772491,0.04,1.367984133,5.374767,109.1
2020-11-26,1.3385447263717651,6362.89990234375,0.989486703772491,0.04,1.367984133,5.374767,109.1
2020-11-27,1.3354523181915283,6367.60009765625,0.989486703772491,0.04,1.367984133,5.374767,109.1
2020-11-28,1.3354523181915283,6367.60009765625,0.989486703772491,0.04,1.367984133,5.374767,109.1
2020-11-29,1.3354523181915283,6367.60009765625,0.989486703772491,0.04,1.367984133,5.374767,109.1
2020-11-30,1.333191156387329,6266.2001953125,0.989486703772491,0.04,1.367984133,5.374767,109.1
2020-12-01,1.3336889743804932,6384.7001953125,0.989486703772491,0.03,1.367984133,5.374767,109.4
2020-12-02,1.3422638177871704,6463.39990234375,0.989486703772491,0.03,1.367984133,5.374767,109.4
2020-12-03,1.3370771408081055,6490.2998046875,0.989486703772491,0.03,1.367984133,5.374767,109.4
2020-12-04,1.345496654510498,6550.2001953125,0.989486703772491,0.03,1.367984133,5.374767,109.4
2020-12-05,1.345496654510498,6550.2001953125,0.989486703772491,0.03,1.367984133,5.374767,109.4
2020-12-06,1.345496654510498,6550.2001953125,0.989486703772491,0.03,1.367984133,5.374767,109.4
2020-12-07,1.3417415618896484,6555.39990234375,0.989486703772491,0.03,1.367984133,5.374767,109.4
2020-12-08,1.3357375860214233,6558.7998046875,0.989486703772491,0.03,1.367984133,5.374767,109.4
2020-12-09,1.3365589380264282,6564.2998046875,0.989486703772491,0.03,1.367984133,5.374767,109.4
2020-12-10,1.3367018699645996,6599.7998046875,0.989486703772491,0.03,1.367984133,5.374767,109.4
2020-12-11,1.3305658102035522,6546.7998046875,0.989486703772491,0.03,1.367984133,5.374767,109.4
2020-12-12,1.3305658102035522,6546.7998046875,0.989486703772491,0.03,1.367984133,5.374767,109.4
2020-12-13,1.3305658102035522,6546.7998046875,0.989486703772491,0.03,1.367984133,5.374767,109.4
2020-12-14,1.3318239450454712,6531.7998046875,0.989486703772491,0.03,1.367984133,5.374767,109.4
2020-12-15,1.3330844640731812,6513.2998046875,0.989486703772491,0.03,1.367984133,5.374767,109.4
2020-12-16,1.3444474935531616,6570.89990234375,0.989486703772491,0.03,1.367984133,5.374767,109.4
2020-12-17,1.3502929210662842,6551.10009765625,0.989486703772491,0.03,1.367984133,5.374767,109.4
2020-12-18,1.3570178747177124,6529.2001953125,0.989486703772491,0.03,1.367984133,5.374767,109.4
2020-12-19,1.3570178747177124,6529.2001953125,0.989486703772491,0.03,1.367984133,5.374767,109.4
2020-12-20,1.3570178747177124,6529.2001953125,0.989486703772491,0.03,1.367984133,5.374767,109.4
2020-12-21,1.3401951789855957,6416.2998046875,0.989486703772491,0.03,1.367984133,5.374767,109.4
2020-12-22,1.3449536561965942,6416.2998046875,0.989486703772491,0.03,1.367984133,5.374767,109.4
2020-12-23,1.339943766593933,6495.7998046875,0.989486703772491,0.03,1.367984133,5.374767,109.4
2020-12-24,1.3505300283432007,6502.10009765625,0.989486703772491,0.03,1.367984133,5.374767,109.4
2020-12-25,1.3552008867263794,6502.10009765625,0.989486703772491,0.03,1.367984133,5.374767,109.4
2020-12-26,1.3552008867263794,6502.10009765625,0.989486703772491,0.03,1.367984133,5.374767,109.4
2020-12-27,1.3552008867263794,6502.10009765625,0.989486703772491,0.03,1.367984133,5.374767,109.4
2020-12-28,1.3572388887405396,6502.10009765625,0.989486703772491,0.03,1.367984133,5.374767,109.4
2020-12-29,1.3466018438339233,6602.7001953125,0.989486703772491,0.03,1.367984133,5.374767,109.4
2020-12-30,1.3499903678894043,6555.7998046875,0.989486703772491,0.03,1.367984133,5.374767,109.4
2020-12-31,1.36306631565094,6460.5,0.989486703772491,0.03,1.367984133,5.374767,109.4
2021-01-01,1.3673007488250732,6460.5,2.51837109614213,0.03,-1.0761629516,5.007499,109.3
2021-01-02,1.3673007488250732,6460.5,2.51837109614213,0.03,-1.0761629516,5.007499,109.3
2021-01-03,1.3673007488250732,6460.5,2.51837109614213,0.03,-1.0761629516,5.007499,109.3
2021-01-04,1.3684196472167969,6571.89990234375,2.51837109614213,0.03,-1.0761629516,5.007499,109.3
2021-01-05,1.3571596145629883,6612.2998046875,2.51837109614213,0.03,-1.0761629516,5.007499,109.3
2021-01-06,1.3629549741744995,6841.89990234375,2.51837109614213,0.03,-1.0761629516,5.007499,109.3
2021-01-07,1.3625277280807495,6857.0,2.51837109614213,0.03,-1.0761629516,5.007499,109.3
2021-01-08,1.3569625616073608,6873.2998046875,2.51837109614213,0.03,-1.0761629516,5.007499,109.3
2021-01-09,1.3569625616073608,6873.2998046875,2.51837109614213,0.03,-1.0761629516,5.007499,109.3
2021-01-10,1.3569625616073608,6873.2998046875,2.51837109614213,0.03,-1.0761629516,5.007499,109.3
2021-01-11,1.3516253232955933,6798.5,2.51837109614213,0.03,-1.0761629516,5.007499,109.3
2021-01-12,1.3524113893508911,6754.10009765625,2.51837109614213,0.03,-1.0761629516,5.007499,109.3
2021-01-13,1.3670539855957031,6745.5,2.51837109614213,0.03,-1.0761629516,5.007499,109.3
2021-01-14,1.364926815032959,6802.0,2.51837109614213,0.03,-1.0761629516,5.007499,109.3
2021-01-15,1.3683634996414185,6735.7001953125,2.51837109614213,0.03,-1.0761629516,5.007499,109.3
2021-01-16,1.3683634996414185,6735.7001953125,2.51837109614213,0.03,-1.0761629516,5.007499,109.3
2021-01-17,1.3683634996414185,6735.7001953125,2.51837109614213,0.03,-1.0761629516,5.007499,109.3
2021-01-18,1.357533574104309,6720.7001953125,2.51837109614213,0.03,-1.0761629516,5.007499,109.3
2021-01-19,1.3581236600875854,6713.0,2.51837109614213,0.03,-1.0761629516,5.007499,109.3
2021-01-20,1.3644241094589233,6740.39990234375,2.51837109614213,0.03,-1.0761629516,5.007499,109.3
2021-01-21,1.3668484687805176,6715.39990234375,2.51837109614213,0.03,-1.0761629516,5.007499,109.3
2021-01-22,1.3729474544525146,6695.10009765625,2.51837109614213,0.03,-1.0761629516,5.007499,109.3
2021-01-23,1.3729474544525146,6695.10009765625,2.51837109614213,0.03,-1.0761629516,5.007499,109.3
2021-01-24,1.3729474544525146,6695.10009765625,2.51837109614213,0.03,-1.0761629516,5.007499,109.3
2021-01-25,1.3688204288482666,6638.89990234375,2.51837109614213,0.03,-1.0761629516,5.007499,109.3
2021-01-26,1.3678992986679077,6654.0,2.51837109614213,0.03,-1.0761629516,5.007499,109.3
2021-01-27,1.374154806137085,6567.39990234375,2.51837109614213,0.03,-1.0761629516,5.007499,109.3
2021-01-28,1.3669419288635254,6526.2001953125,2.51837109614213,0.03,-1.0761629516,5.007499,109.3
2021-01-29,1.3725008964538574,6407.5,2.51837109614213,0.03,-1.0761629516,5.007499,109.3
2021-01-30,1.3725008964538574,6407.5,2.51837109614213,0.03,-1.0761629516,5.007499,109.3
2021-01-31,1.3725008964538574,6407.5,2.51837109614213,0.03,-1.0761629516,5.007499,109.3
2021-02-01,1.3697690963745117,6466.39990234375,2.51837109614213,0.05,-1.0761629516,5.007499,109.4
2021-02-02,1.3678767681121826,6516.7001953125,2.51837109614213,0.05,-1.0761629516,5.007499,109.4
2021-02-03,1.3659336566925049,6507.7998046875,2.51837109614213,0.05,-1.0761629516,5.007499,109.4
2021-02-04,1.364908218383789,6503.7001953125,2.51837109614213,0.05,-1.0761629516,5.007499,109.4
2021-02-05,1.3676148653030396,6489.2998046875,2.51837109614213,0.05,-1.0761629516,5.007499,109.4
2021-02-06,1.3676148653030396,6489.2998046875,2.51837109614213,0.05,-1.0761629516,5.007499,109.4
2021-02-07,1.3676148653030396,6489.2998046875,2.51837109614213,0.05,-1.0761629516,5.007499,109.4
2021-02-08,1.3738716840744019,6523.5,2.51837109614213,0.05,-1.0761629516,5.007499,109.4
2021-02-09,1.374570369720459,6531.60009765625,2.51837109614213,0.05,-1.0761629516,5.007499,109.4
2021-02-10,1.3817994594573975,6524.39990234375,2.51837109614213,0.05,-1.0761629516,5.007499,109.4
2021-02-11,1.3832597732543945,6528.7001953125,2.51837109614213,0.05,-1.0761629516,5.007499,109.4
2021-02-12,1.381024718284607,6589.7998046875,2.51837109614213,0.05,-1.0761629516,5.007499,109.4
2021-02-13,1.381024718284607,6589.7998046875,2.51837109614213,0.05,-1.0761629516,5.007499,109.4
2021-02-14,1.381024718284607,6589.7998046875,2.51837109614213,0.05,-1.0761629516,5.007499,109.4
2021-02-15,1.3871549367904663,6756.10009765625,2.51837109614213,0.05,-1.0761629516,5.007499,109.4
2021-02-16,1.3914785385131836,6748.89990234375,2.51837109614213,0.05,-1.0761629516,5.007499,109.4
2021-02-17,1.388811707496643,6710.89990234375,2.51837109614213,0.05,-1.0761629516,5.007499,109.4
2021-02-18,1.3866355419158936,6617.2001953125,2.51837109614213,0.05,-1.0761629516,5.007499,109.4
2021-02-19,1.3967455625534058,6624.0,2.51837109614213,0.05,-1.0761629516,5.007499,109.4
2021-02-20,1.3967455625534058,6624.0,2.51837109614213,0.05,-1.0761629516,5.007499,109.4
2021-02-21,1.3967455625534058,6624.0,2.51837109614213,0.05,-1.0761629516,5.007499,109.4
2021-02-22,1.403114914894104,6612.2001953125,2.51837109614213,0.05,-1.0761629516,5.007499,109.4
2021-02-23,1.4071228504180908,6625.89990234375,2.51837109614213,0.05,-1.0761629516,5.007499,109.4
2021-02-24,1.412030577659607,6659.0,2.51837109614213,0.05,-1.0761629516,5.007499,109.4
2021-02-25,1.4148274660110474,6652.0,2.51837109614213,0.05,-1.0761629516,5.007499,109.4
2021-02-26,1.4008152484893799,6483.39990234375,2.51837109614213,0.05,-1.0761629516,5.007499,109.4
2021-02-27,1.4008152484893799,6483.39990234375,2.51837109614213,0.05,-1.0761629516,5.007499,109.4
2021-02-28,1.4008152484893799,6483.39990234375,2.51837109614213,0.05,-1.0761629516,5.007499,109.4
2021-03-01,1.3972529172897339,6588.5,2.51837109614213,0.08,-1.0761629516,5.007499,109.7
2021-03-02,1.3929517269134521,6613.7998046875,2.51837109614213,0.08,-1.0761629516,5.007499,109.7
2021-03-03,1.3954981565475464,6675.5,2.51837109614213,0.08,-1.0761629516,5.007499,109.7
2021-03-04,1.3926994800567627,6650.89990234375,2.51837109614213,0.08,-1.0761629516,5.007499,109.7
2021-03-05,1.3894098997116089,6630.5,2.51837109614213,0.08,-1.0761629516,5.007499,109.7
2021-03-06,1.3894098997116089,6630.5,2.51837109614213,0.08,-1.0761629516,5.007499,109.7
2021-03-07,1.3894098997116089,6630.5,2.51837109614213,0.08,-1.0761629516,5.007499,109.7
2021-03-08,1.385367751121521,6719.10009765625,2.51837109614213,0.08,-1.0761629516,5.007499,109.7
2021-03-09,1.3823610544204712,6730.2998046875,2.51837109614213,0.08,-1.0761629516,5.007499,109.7
2021-03-10,1.3890432119369507,6725.60009765625,2.51837109614213,0.08,-1.0761629516,5.007499,109.7
2021-03-11,1.3931456804275513,6737.0,2.51837109614213,0.08,-1.0761629516,5.007499,109.7
2021-03-12,1.3989927768707275,6761.5,2.51837109614213,0.08,-1.0761629516,5.007499,109.7
2021-03-13,1.3989927768707275,6761.5,2.51837109614213,0.08,-1.0761629516,5.007499,109.7
2021-03-14,1.3989927768707275,6761.5,2.51837109614213,0.08,-1.0761629516,5.007499,109.7
2021-03-15,1.3929517269134521,6749.7001953125,2.51837109614213,0.08,-1.0761629516,5.007499,109.7
2021-03-16,1.3899120092391968,6803.60009765625,2.51837109614213,0.08,-1.0761629516,5.007499,109.7
2021-03-17,1.3902212381362915,6762.7001953125,2.51837109614213,0.08,-1.0761629516,5.007499,109.7
2021-03-18,1.3975849151611328,6779.7001953125,2.51837109614213,0.08,-1.0761629516,5.007499,109.7
2021-03-19,1.3925055265426636,6708.7001953125,2.51837109614213,0.08,-1.0761629516,5.007499,109.7
2021-03-20,1.3925055265426636,6708.7001953125,2.51837109614213,0.08,-1.0761629516,5.007499,109.7
2021-03-21,1.3925055265426636,6708.7001953125,2.51837109614213,0.08,-1.0761629516,5.007499,109.7
2021-03-22,1.3832597732543945,6726.10009765625,2.51837109614213,0.08,-1.0761629516,5.007499,109.7
2021-03-23,1.3862512111663818,6699.2001953125,2.51837109614213,0.08,-1.0761629516,5.007499,109.7
2021-03-24,1.3730417490005493,6712.89990234375,2.51837109614213,0.08,-1.0761629516,5.007499,109.7
2021-03-25,1.3688879013061523,6674.7998046875,2.51837109614213,0.08,-1.0761629516,5.007499,109.7
2021-03-26,1.374910593032837,6740.60009765625,2.51837109614213,0.08,-1.0761629516,5.007499,109.7
2021-03-27,1.374910593032837,6740.60009765625,2.51837109614213,0.08,-1.0761629516,5.007499,109.7
2021-03-28,1.374910593032837,6740.60009765625,2.51837109614213,0.08,-1.0761629516,5.007499,109.7
2021-03-29,1.3791011571884155,6736.2001953125,2.51837109614213,0.08,-1.0761629516,5.007499,109.7
2021-03-30,1.3775053024291992,6772.10009765625,2.51837109614213,0.08,-1.0761629516,5.007499,109.7
2021-03-31,1.3746649026870728,6713.60009765625,2.51837109614213,0.08,-1.0761629516,5.007499,109.7
2021-04-01,1.3786258697509766,6737.2998046875,2.51837109614213,0.09,6.9822823221,4.743144,110.4
2021-04-02,1.383508563041687,6737.2998046875,2.51837109614213,0.09,6.9822823221,4.743144,110.4
2021-04-03,1.383508563041687,6737.2998046875,2.51837109614213,0.09,6.9822823221,4.743144,110.4
2021-04-04,1.383508563041687,6737.2998046875,2.51837109614213,0.09,6.9822823221,4.743144,110.4
2021-04-05,1.383125901222229,6737.2998046875,2.51837109614213,0.09,6.9822823221,4.743144,110.4
2021-04-06,1.3914011716842651,6823.60009765625,2.51837109614213,0.09,6.9822823221,4.743144,110.4
2021-04-07,1.383125901222229,6885.2998046875,2.51837109614213,0.09,6.9822823221,4.743144,110.4
2021-04-08,1.3743815422058105,6942.2001953125,2.51837109614213,0.09,6.9822823221,4.743144,110.4
2021-04-09,1.373437762260437,6915.7998046875,2.51837109614213,0.09,6.9822823221,4.743144,110.4
2021-04-10,1.373437762260437,6915.7998046875,2.51837109614213,0.09,6.9822823221,4.743144,110.4
2021-04-11,1.373437762260437,6915.7998046875,2.51837109614213,0.09,6.9822823221,4.743144,110.4
2021-04-12,1.3712154626846313,6889.10009765625,2.51837109614213,0.09,6.9822823221,4.743144,110.4
2021-04-13,1.3753834962844849,6890.5,2.51837109614213,0.09,6.9822823221,4.743144,110.4
2021-04-14,1.3759700059890747,6939.60009765625,2.51837109614213,0.09,6.9822823221,4.743144,110.4
2021-04-15,1.3779228925704956,6983.5,2.51837109614213,0.09,6.9822823221,4.743144,110.4
2021-04-16,1.3785498142242432,7019.5,2.51837109614213,0.09,6.9822823221,4.743144,110.4
2021-04-17,1.3785498142242432,7019.5,2.51837109614213,0.09,6.9822823221,4.743144,110.4
2021-04-18,1.3785498142242432,7019.5,2.51837109614213,0.09,6.9822823221,4.743144,110.4
2021-04-19,1.3818453550338745,7000.10009765625,2.51837109614213,0.09,6.9822823221,4.743144,110.4
2021-04-20,1.3993842601776123,6859.89990234375,2.51837109614213,0.09,6.9822823221,4.743144,110.4
2021-04-21,1.3938837051391602,6895.2998046875,2.51837109614213,0.09,6.9822823221,4.743144,110.4
2021-04-22,1.3931845426559448,6938.2001953125,2.51837109614213,0.09,6.9822823221,4.743144,110.4
2021-04-23,1.3840255737304688,6938.60009765625,2.51837109614213,0.09,6.9822823221,4.743144,110.4
2021-04-24,1.3840255737304688,6938.60009765625,2.51837109614213,0.09,6.9822823221,4.743144,110.4
2021-04-25,1.3840255737304688,6938.60009765625,2.51837109614213,0.09,6.9822823221,4.743144,110.4
2021-04-26,1.3866355419158936,6963.10009765625,2.51837109614213,0.09,6.9822823221,4.743144,110.4
2021-04-27,1.3895643949508667,6945.0,2.51837109614213,0.09,6.9822823221,4.743144,110.4
2021-04-28,1.390356421470642,6963.7001953125,2.51837109614213,0.09,6.9822823221,4.743144,110.4
2021-04-29,1.395673394203186,6961.5,2.51837109614213,0.09,6.9822823221,4.743144,110.4
2021-04-30,1.3952839374542236,6969.7998046875,2.51837109614213,0.09,6.9822823221,4.743144,110.4
2021-05-01,1.3952839374542236,6969.7998046875,2.51837109614213,0.08,6.9822823221,4.743144,111.0
2021-05-02,1.3952839374542236,6969.7998046875,2.51837109614213,0.08,6.9822823221,4.743144,111.0
2021-05-03,1.3819791078567505,6969.7998046875,2.51837109614213,0.08,6.9822823221,4.743144,111.0
2021-05-04,1.3903758525848389,6923.2001953125,2.51837109614213,0.08,6.9822823221,4.743144,111.0
2021-05-05,1.388811707496643,7039.2998046875,2.51837109614213,0.08,6.9822823221,4.743144,111.0
2021-05-06,1.3909753561019897,7076.2001953125,2.51837109614213,0.08,6.9822823221,4.743144,111.0
2021-05-07,1.389854073524475,7129.7001953125,2.51837109614213,0.08,6.9822823221,4.743144,111.0
2021-05-08,1.389854073524475,7129.7001953125,2.51837109614213,0.08,6.9822823221,4.743144,111.0
2021-05-09,1.389854073524475,7129.7001953125,2.51837109614213,0.08,6.9822823221,4.743144,111.0
2021-05-10,1.4041197299957275,7123.7001953125,2.51837109614213,0.08,6.9822823221,4.743144,111.0
2021-05-11,1.4131278991699219,6948.0,2.51837109614213,0.08,6.9822823221,4.743144,111.0
2021-05-12,1.4138271808624268,7004.60009765625,2.51837109614213,0.08,6.9822823221,4.743144,111.0
2021-05-13,1.4063708782196045,6963.2998046875,2.51837109614213,0.08,6.9822823221,4.743144,111.0
2021-05-14,1.4050863981246948,7043.60009765625,2.51837109614213,0.08,6.9822823221,4.743144,111.0
2021-05-15,1.4050863981246948,7043.60009765625,2.51837109614213,0.08,6.9822823221,4.743144,111.0
2021-05-16,1.4050863981246948,7043.60009765625,2.51837109614213,0.08,6.9822823221,4.743144,111.0
2021-05-17,1.4101786613464355,7032.89990234375,2.51837109614213,0.08,6.9822823221,4.743144,111.0
2021-05-18,1.4148674011230469,7034.2001953125,2.51837109614213,0.08,6.9822823221,4.743144,111.0
2021-05-19,1.41880202293396,6950.2001953125,2.51837109614213,0.08,6.9822823221,4.743144,111.0
2021-05-20,1.4106162786483765,7019.7998046875,2.51837109614213,0.08,6.9822823221,4.743144,111.0
2021-05-21,1.4185603857040405,7018.10009765625,2.51837109614213,0.08,6.9822823221,4.743144,111.0
2021-05-22,1.4185603857040405,7018.10009765625,2.51837109614213,0.08,6.9822823221,4.743144,111.0
2021-05-23,1.4185603857040405,7018.10009765625,2.51837109614213,0.08,6.9822823221,4.743144,111.0
2021-05-24,1.4142870903015137,7051.60009765625,2.51837109614213,0.08,6.9822823221,4.743144,111.0
2021-05-25,1.415608525276184,7029.7998046875,2.51837109614213,0.08,6.9822823221,4.743144,111.0
2021-05-26,1.4143872261047363,7026.89990234375,2.51837109614213,0.08,6.9822823221,4.743144,111.0
2021-05-27,1.4116119146347046,7019.7001953125,2.51837109614213,0.08,6.9822823221,4.743144,111.0
2021-05-28,1.4203739166259766,7022.60009765625,2.51837109614213,0.08,6.9822823221,4.743144,111.0
2021-05-29,1.4203739166259766,7022.60009765625,2.51837109614213,0.08,6.9822823221,4.743144,111.0
2021-05-30,1.4203739166259766,7022.60009765625,2.51837109614213,0.08,6.9822823221,4.743144,111.0
2021-05-31,1.4180374145507812,7022.60009765625,2.51837109614213,0.08,6.9822823221,4.743144,111.0
2021-06-01,1.4226775169372559,7080.5,2.51837109614213,0.08,6.9822823221,4.743144,111.4
2021-06-02,1.4157087802886963,7108.0,2.51837109614213,0.08,6.9822823221,4.743144,111.4
2021-06-03,1.4171934127807617,7064.39990234375,2.51837109614213,0.08,6.9822823221,4.743144,111.4
2021-06-04,1.4109944105148315,7069.0,2.51837109614213,0.08,6.9822823221,4.743144,111.4
2021-06-05,1.4109944105148315,7069.0,2.51837109614213,0.08,6.9822823221,4.743144,111.4
2021-06-06,1.4109944105148315,7069.0,2.51837109614213,0.08,6.9822823221,4.743144,111.4
2021-06-07,1.4164307117462158,7077.2001953125,2.51837109614213,0.08,6.9822823221,4.743144,111.4
2021-06-08,1.41765558719635,7095.10009765625,2.51837109614213,0.08,6.9822823221,4.743144,111.4
2021-06-09,1.414987564086914,7081.0,2.51837109614213,0.08,6.9822823221,4.743144,111.4
2021-06-10,1.4112334251403809,7088.2001953125,2.51837109614213,0.08,6.9822823221,4.743144,111.4
2021-06-11,1.4170126914978027,7134.10009765625,2.51837109614213,0.08,6.9822823221,4.743144,111.4
2021-06-12,1.4170126914978027,7134.10009765625,2.51837109614213,0.08,6.9822823221,4.743144,111.4
2021-06-13,1.4170126914978027,7134.10009765625,2.51837109614213,0.08,6.9822823221,4.743144,111.4
2021-06-14,1.411930799484253,7146.7001953125,2.51837109614213,0.08,6.9822823221,4.743144,111.4
2021-06-15,1.4109944105148315,7172.5,2.51837109614213,0.08,6.9822823221,4.743144,111.4
2021-06-16,1.4081531763076782,7185.0,2.51837109614213,0.08,6.9822823221,4.743144,111.4
2021-06-17,1.3990709781646729,7153.39990234375,2.51837109614213,0.08,6.9822823221,4.743144,111.4
2021-06-18,1.3938642740249634,7017.5,2.51837109614213,0.08,6.9822823221,4.743144,111.4
2021-06-19,1.3938642740249634,7017.5,2.51837109614213,0.08,6.9822823221,4.743144,111.4
2021-06-20,1.3938642740249634,7017.5,2.51837109614213,0.08,6.9822823221,4.743144,111.4
2021-06-21,1.381711721420288,7062.2998046875,2.51837109614213,0.08,6.9822823221,4.743144,111.4
2021-06-22,1.392540454864502,7090.0,2.51837109614213,0.08,6.9822823221,4.743144,111.4
2021-06-23,1.3949919939041138,7074.10009765625,2.51837109614213,0.08,6.9822823221,4.743144,111.4
2021-06-24,1.3967455625534058,7110.0,2.51837109614213,0.08,6.9822823221,4.743144,111.4
2021-06-25,1.3916915655136108,7136.10009765625,2.51837109614213,0.08,6.9822823221,4.743144,111.4
2021-06-26,1.3916915655136108,7136.10009765625,2.51837109614213,0.08,6.9822823221,4.743144,111.4
2021-06-27,1.3916915655136108,7136.10009765625,2.51837109614213,0.08,6.9822823221,4.743144,111.4
2021-06-28,1.389506459236145,7073.0,2.51837109614213,0.08,6.9822823221,4.743144,111.4
2021-06-29,1.3879058361053467,7087.60009765625,2.51837109614213,0.08,6.9822823221,4.743144,111.4
2021-06-30,1.3842746019363403,7037.5,2.51837109614213,0.08,6.9822823221,4.743144,111.4
2021-07-01,1.3829153776168823,7125.2001953125,2.51837109614213,0.08,1.6866455181,4.461702,111.4
2021-07-02,1.3759511709213257,7123.2998046875,2.51837109614213,0.08,1.6866455181,4.461702,111.4
2021-07-03,1.3759511709213257,7123.2998046875,2.51837109614213,0.08,1.6866455181,4.461702,111.4
2021-07-04,1.3759511709213257,7123.2998046875,2.51837109614213,0.08,1.6866455181,4.461702,111.4
2021-07-05,1.383125901222229,7164.89990234375,2.51837109614213,0.08,1.6866455181,4.461702,111.4
2021-07-06,1.3856172561645508,7100.89990234375,2.51837109614213,0.08,1.6866455181,4.461702,111.4
2021-07-07,1.3805670738220215,7151.0,2.51837109614213,0.08,1.6866455181,4.461702,111.4
2021-07-08,1.3801099061965942,7030.7001953125,2.51837109614213,0.08,1.6866455181,4.461702,111.4
2021-07-09,1.3790820837020874,7121.89990234375,2.51837109614213,0.08,1.6866455181,4.461702,111.4
2021-07-10,1.3790820837020874,7121.89990234375,2.51837109614213,0.08,1.6866455181,4.461702,111.4
2021-07-11,1.3790820837020874,7121.89990234375,2.51837109614213,0.08,1.6866455181,4.461702,111.4
2021-07-12,1.3899506330490112,7125.39990234375,2.51837109614213,0.08,1.6866455181,4.461702,111.4
2021-07-13,1.3886960744857788,7124.7001953125,2.51837109614213,0.08,1.6866455181,4.461702,111.4
2021-07-14,1.3806052207946777,7091.2001953125,2.51837109614213,0.08,1.6866455181,4.461702,111.4
2021-07-15,1.385809302330017,7012.0,2.51837109614213,0.08,1.6866455181,4.461702,111.4
2021-07-16,1.3829728364944458,7008.10009765625,2.51837109614213,0.08,1.6866455181,4.461702,111.4
2021-07-17,1.3829728364944458,7008.10009765625,2.51837109614213,0.08,1.6866455181,4.461702,111.4
2021-07-18,1.3829728364944458,7008.10009765625,2.51837109614213,0.08,1.6866455181,4.461702,111.4
2021-07-19,1.3763866424560547,6844.39990234375,2.51837109614213,0.08,1.6866455181,4.461702,111.4
2021-07-20,1.3669979572296143,6881.10009765625,2.51837109614213,0.08,1.6866455181,4.461702,111.4
2021-07-21,1.3633265495300293,6998.2998046875,2.51837109614213,0.08,1.6866455181,4.461702,111.4
2021-07-22,1.3714035749435425,6968.2998046875,2.51837109614213,0.08,1.6866455181,4.461702,111.4
2021-07-23,1.377389669418335,7027.60009765625,2.51837109614213,0.08,1.6866455181,4.461702,111.4
2021-07-24,1.377389669418335,7027.60009765625,2.51837109614213,0.08,1.6866455181,4.461702,111.4
2021-07-25,1.377389669418335,7027.60009765625,2.51837109614213,0.08,1.6866455181,4.461702,111.4
2021-07-26,1.3757808208465576,7025.39990234375,2.51837109614213,0.08,1.6866455181,4.461702,111.4
2021-07-27,1.3829153776168823,6996.10009765625,2.51837109614213,0.08,1.6866455181,4.461702,111.4
2021-07-28,1.3882719278335571,7016.60009765625,2.51837109614213,0.08,1.6866455181,4.461702,111.4
2021-07-29,1.3906852006912231,7078.39990234375,2.51837109614213,0.08,1.6866455181,4.461702,111.4
2021-07-30,1.3964334726333618,7032.2998046875,2.51837109614213,0.08,1.6866455181,4.461702,111.4
2021-07-31,1.3964334726333618,7032.2998046875,2.51837109614213,0.08,1.6866455181,4.461702,111.4
2021-08-01,1.3964334726333618,7032.2998046875,2.51837109614213,0.07,1.6866455181,4.461702,112.1
2021-08-02,1.3896223306655884,7081.7001953125,2.51837109614213,0.07,1.6866455181,4.461702,112.1
2021-08-03,1.3892748355865479,7105.7001953125,2.51837109614213,0.07,1.6866455181,4.461702,112.1
2021-08-04,1.391788363456726,7123.89990234375,2.51837109614213,0.07,1.6866455181,4.461702,112.1
2021-08-05,1.3890432119369507,7120.39990234375,2.51837109614213,0.07,1.6866455181,4.461702,112.1
2021-08-06,1.3927576541900635,7123.0,2.51837109614213,0.07,1.6866455181,4.461702,112.1
2021-08-07,1.3927576541900635,7123.0,2.51837109614213,0.07,1.6866455181,4.461702,112.1
2021-08-08,1.3927576541900635,7123.0,2.51837109614213,0.07,1.6866455181,4.461702,112.1
2021-08-09,1.3868471384048462,7132.2998046875,2.51837109614213,0.07,1.6866455181,4.461702,112.1
2021-08-10,1.3849073648452759,7161.0,2.51837109614213,0.07,1.6866455181,4.461702,112.1
2021-08-11,1.3836042881011963,7220.10009765625,2.51837109614213,0.07,1.6866455181,4.461702,112.1
2021-08-12,1.3866932392120361,7193.2001953125,2.51837109614213,0.07,1.6866455181,4.461702,112.1
2021-08-13,1.3811582326889038,7218.7001953125,2.51837109614213,0.07,1.6866455181,4.461702,112.1
2021-08-14,1.3811582326889038,7218.7001953125,2.51837109614213,0.07,1.6866455181,4.461702,112.1
2021-08-15,1.3811582326889038,7218.7001953125,2.51837109614213,0.07,1.6866455181,4.461702,112.1
2021-08-16,1.3863856792449951,7154.0,2.51837109614213,0.07,1.6866455181,4.461702,112.1
2021-08-17,1.3842746019363403,7181.10009765625,2.51837109614213,0.07,1.6866455181,4.461702,112.1
2021-08-18,1.3740416765213013,7169.2998046875,2.51837109614213,0.07,1.6866455181,4.461702,112.1
2021-08-19,1.3743815422058105,7058.89990234375,2.51837109614213,0.07,1.6866455181,4.461702,112.1
2021-08-20,1.3630849123001099,7087.89990234375,2.51837109614213,0.07,1.6866455181,4.461702,112.1
2021-08-21,1.3630849123001099,7087.89990234375,2.51837109614213,0.07,1.6866455181,4.461702,112.1
2021-08-22,1.3630849123001099,7087.89990234375,2.51837109614213,0.07,1.6866455181,4.461702,112.1
2021-08-23,1.3625277280807495,7109.0,2.51837109614213,0.07,1.6866455181,4.461702,112.1
2021-08-24,1.37247633934021,7125.7998046875,2.51837109614213,0.07,1.6866455181,4.461702,112.1
2021-08-25,1.3725517988204956,7150.10009765625,2.51837109614213,0.07,1.6866455181,4.461702,112.1
2021-08-26,1.3766520023345947,7125.0,2.51837109614213,0.07,1.6866455181,4.461702,112.1
2021-08-27,1.3702384233474731,7148.0,2.51837109614213,0.07,1.6866455181,4.461702,112.1
2021-08-28,1.3702384233474731,7148.0,2.51837109614213,0.07,1.6866455181,4.461702,112.1
2021-08-29,1.3702384233474731,7148.0,2.51837109614213,0.07,1.6866455181,4.461702,112.1
2021-08-30,1.3762996196746826,7148.0,2.51837109614213,0.07,1.6866455181,4.461702,112.1
2021-08-31,1.376045823097229,7119.7001953125,2.51837109614213,0.07,1.6866455181,4.461702,112.1
2021-09-01,1.3753398656845093,7149.7998046875,2.51837109614213,0.07,1.6866455181,4.461702,112.4
2021-09-02,1.3771638870239258,7163.89990234375,2.51837109614213,0.07,1.6866455181,4.461702,112.4
2021-09-03,1.383680820465088,7138.39990234375,2.51837109614213,0.07,1.6866455181,4.461702,112.4
2021-09-04,1.383680820465088,7138.39990234375,2.51837109614213,0.07,1.6866455181,4.461702,112.4
2021-09-05,1.383680820465088,7138.39990234375,2.51837109614213,0.07,1.6866455181,4.461702,112.4
2021-09-06,1.3859245777130127,7187.2001953125,2.51837109614213,0.07,1.6866455181,4.461702,112.4
2021-09-07,1.3839489221572876,7149.39990234375,2.51837109614213,0.07,1.6866455181,4.461702,112.4
2021-09-08,1.3779798746109009,7095.5,2.51837109614213,0.07,1.6866455181,4.461702,112.4
2021-09-09,1.3767657279968262,7024.2001953125,2.51837109614213,0.07,1.6866455181,4.461702,112.4
2021-09-10,1.3839681148529053,7029.2001953125,2.51837109614213,0.07,1.6866455181,4.461702,112.4
2021-09-11,1.3839681148529053,7029.2001953125,2.51837109614213,0.07,1.6866455181,4.461702,112.4
2021-09-12,1.3839681148529053,7029.2001953125,2.51837109614213,0.07,1.6866455181,4.461702,112.4
2021-09-13,1.3840830326080322,7068.39990234375,2.51837109614213,0.07,1.6866455181,4.461702,112.4
2021-09-14,1.3838149309158325,7034.10009765625,2.51837109614213,0.07,1.6866455181,4.461702,112.4
2021-09-15,1.381024718284607,7016.5,2.51837109614213,0.07,1.6866455181,4.461702,112.4
2021-09-16,1.3848881721496582,7027.5,2.51837109614213,0.07,1.6866455181,4.461702,112.4
2021-09-17,1.3797005414962769,6963.60009765625,2.51837109614213,0.07,1.6866455181,4.461702,112.4
2021-09-18,1.3797005414962769,6963.60009765625,2.51837109614213,0.07,1.6866455181,4.461702,112.4
2021-09-19,1.3797005414962769,6963.60009765625,2.51837109614213,0.07,1.6866455181,4.461702,112.4
2021-09-20,1.3729662895202637,6903.89990234375,2.51837109614213,0.07,1.6866455181,4.461702,112.4
2021-09-21,1.366269588470459,6981.0,2.51837109614213,0.07,1.6866455181,4.461702,112.4
2021-09-22,1.3657469749450684,7083.39990234375,2.51837109614213,0.07,1.6866455181,4.461702,112.4
2021-09-23,1.3617113828659058,7078.39990234375,2.51837109614213,0.07,1.6866455181,4.461702,112.4
2021-09-24,1.3722503185272217,7051.5,2.51837109614213,0.07,1.6866455181,4.461702,112.4
2021-09-25,1.3722503185272217,7051.5,2.51837109614213,0.07,1.6866455181,4.461702,112.4
2021-09-26,1.3722503185272217,7051.5,2.51837109614213,0.07,1.6866455181,4.461702,112.4
2021-09-27,1.3669044971466064,7063.39990234375,2.51837109614213,0.07,1.6866455181,4.461702,112.4
2021-09-28,1.3701633214950562,7028.10009765625,2.51837109614213,0.07,1.6866455181,4.461702,112.4
2021-09-29,1.354224443435669,7108.2001953125,2.51837109614213,0.07,1.6866455181,4.461702,112.4
2021-09-30,1.3426424264907837,7086.39990234375,2.51837109614213,0.07,1.6866455181,4.461702,112.4
2021-10-01,1.346982717514038,7027.10009765625,2.51837109614213,0.16,1.3776485546,4.249292,113.4
2021-10-02,1.346982717514038,7027.10009765625,2.51837109614213,0.16,1.3776485546,4.249292,113.4
2021-10-03,1.346982717514038,7027.10009765625,2.51837109614213,0.16,1.3776485546,4.249292,113.4
2021-10-04,1.3570915460586548,7011.0,2.51837109614213,0.16,1.3776485546,4.249292,113.4
2021-10-05,1.3607479333877563,7077.10009765625,2.51837109614213,0.16,1.3776485546,4.249292,113.4
2021-10-06,1.3627691268920898,6995.89990234375,2.51837109614213,0.16,1.3776485546,4.249292,113.4
2021-10-07,1.3592127561569214,7078.0,2.51837109614213,0.16,1.3776485546,4.249292,113.4
2021-10-08,1.3620266914367676,7095.60009765625,2.51837109614213,0.16,1.3776485546,4.249292,113.4
2021-10-09,1.3620266914367676,7095.60009765625,2.51837109614213,0.16,1.3776485546,4.249292,113.4
2021-10-10,1.3620266914367676,7095.60009765625,2.51837109614213,0.16,1.3776485546,4.249292,113.4
2021-10-11,1.361655831336975,7146.89990234375,2.51837109614213,0.16,1.3776485546,4.249292,113.4
2021-10-12,1.3590649366378784,7130.2001953125,2.51837109614213,0.16,1.3776485546,4.249292,113.4
2021-10-13,1.3578838109970093,7141.7998046875,2.51837109614213,0.16,1.3776485546,4.249292,113.4
2021-10-14,1.366923213005066,7207.7001953125,2.51837109614213,0.16,1.3776485546,4.249292,113.4
2021-10-15,1.3668859004974365,7234.0,2.51837109614213,0.16,1.3776485546,4.249292,113.4
2021-10-16,1.3668859004974365,7234.0,2.51837109614213,0.16,1.3776485546,4.249292,113.4
2021-10-17,1.3668859004974365,7234.0,2.51837109614213,0.16,1.3776485546,4.249292,113.4
2021-10-18,1.376159429550171,7203.7998046875,2.51837109614213,0.16,1.3776485546,4.249292,113.4
2021-10-19,1.373645305633545,7217.5,2.51837109614213,0.16,1.3776485546,4.249292,113.4
2021-10-20,1.3793197870254517,7223.10009765625,2.51837109614213,0.16,1.3776485546,4.249292,113.4
2021-10-21,1.3822999000549316,7190.2998046875,2.51837109614213,0.16,1.3776485546,4.249292,113.4
2021-10-22,1.379120111465454,7204.60009765625,2.51837109614213,0.16,1.3776485546,4.249292,113.4
2021-10-23,1.379120111465454,7204.60009765625,2.51837109614213,0.16,1.3776485546,4.249292,113.4
2021-10-24,1.379120111465454,7204.60009765625,2.51837109614213,0.16,1.3776485546,4.249292,113.4
2021-10-25,1.3762730360031128,7222.7998046875,2.51837109614213,0.16,1.3776485546,4.249292,113.4
2021-10-26,1.37644362449646,7277.60009765625,2.51837109614213,0.16,1.3776485546,4.249292,113.4
2021-10-27,1.3766140937805176,7253.2998046875,2.51837109614213,0.16,1.3776485546,4.249292,113.4
2021-10-28,1.3732868432998657,7249.5,2.51837109614213,0.16,1.3776485546,4.249292,113.4
2021-10-29,1.380071759223938,7237.60009765625,2.51837109614213,0.16,1.3776485546,4.249292,113.4
2021-10-30,1.380071759223938,7237.60009765625,2.51837109614213,0.16,1.3776485546,4.249292,113.4
2021-10-31,1.380071759223938,7237.60009765625,2.51837109614213,0.16,1.3776485546,4.249292,113.4
2021-11-01,1.36832594871521,7288.60009765625,2.51837109614213,0.13,1.3776485546,4.249292,114.1
2021-11-02,1.365541934967041,7274.7998046875,2.51837109614213,0.13,1.3776485546,4.249292,114.1
2021-11-03,1.3617392778396606,7248.89990234375,2.51837109614213,0.13,1.3776485546,4.249292,114.1
2021-11-04,1.3694878816604614,7279.89990234375,2.51837109614213,0.13,1.3776485546,4.249292,114.1
2021-11-05,1.3508602380752563,7304.0,2.51837109614213,0.13,1.3776485546,4.249292,114.1
2021-11-06,1.3508602380752563,7304.0,2.51837109614213,0.13,1.3776485546,4.249292,114.1
2021-11-07,1.3508602380752563,7304.0,2.51837109614213,0.13,1.3776485546,4.249292,114.1
2021-11-08,1.349127173423767,7300.39990234375,2.51837109614213,0.13,1.3776485546,4.249292,114.1
2021-11-09,1.3564507961273193,7274.0,2.51837109614213,0.13,1.3776485546,4.249292,114.1
2021-11-10,1.3560001850128174,7340.2001953125,2.51837109614213,0.13,1.3776485546,4.249292,114.1
2021-11-11,1.3412736654281616,7384.2001953125,2.51837109614213,0.13,1.3776485546,4.249292,114.1
2021-11-12,1.3366482257843018,7347.89990234375,2.51837109614213,0.13,1.3776485546,4.249292,114.1
2021-11-13,1.3366482257843018,7347.89990234375,2.51837109614213,0.13,1.3776485546,4.249292,114.1
2021-11-14,1.3366482257843018,7347.89990234375,2.51837109614213,0.13,1.3776485546,4.249292,114.1
2021-11-15,1.341705560684204,7351.89990234375,2.51837109614213,0.13,1.3776485546,4.249292,114.1
2021-11-16,1.3408420085906982,7327.0,2.51837109614213,0.13,1.3776485546,4.249292,114.1
2021-11-17,1.3424620628356934,7291.2001953125,2.51837109614213,0.13,1.3776485546,4.249292,114.1
2021-11-18,1.34916353225708,7256.0,2.51837109614213,0.13,1.3776485546,4.249292,114.1
2021-11-19,1.3499648571014404,7223.60009765625,2.51837109614213,0.13,1.3776485546,4.249292,114.1
2021-11-20,1.3499648571014404,7223.60009765625,2.51837109614213,0.13,1.3776485546,4.249292,114.1
2021-11-21,1.3499648571014404,7223.60009765625,2.51837109614213,0.13,1.3776485546,4.249292,114.1
2021-11-22,1.3434540033340454,7255.5,2.51837109614213,0.13,1.3776485546,4.249292,114.1
2021-11-23,1.3397642374038696,7266.7001953125,2.51837109614213,0.13,1.3776485546,4.249292,114.1
2021-11-24,1.337595820426941,7286.2998046875,2.51837109614213,0.13,1.3776485546,4.249292,114.1
2021-11-25,1.333066701889038,7310.39990234375,2.51837109614213,0.13,1.3776485546,4.249292,114.1
2021-11-26,1.331416130065918,7044.0,2.51837109614213,0.13,1.3776485546,4.249292,114.1
2021-11-27,1.331416130065918,7044.0,2.51837109614213,0.13,1.3776485546,4.249292,114.1
2021-11-28,1.331416130065918,7044.0,2.51837109614213,0.13,1.3776485546,4.249292,114.1
2021-11-29,1.334098219871521,7110.0,2.51837109614213,0.13,1.3776485546,4.249292,114.1
2021-11-30,1.3315047025680542,7059.5,2.51837109614213,0.13,1.3776485546,4.249292,114.1
2021-12-01,1.3295927047729492,7168.7001953125,2.51837109614213,0.16,1.3776485546,4.249292,114.7
2021-12-02,1.3280000686645508,7129.2001953125,2.51837109614213,0.16,1.3776485546,4.249292,114.7
2021-12-03,1.3299994468688965,7122.2998046875,2.51837109614213,0.16,1.3776485546,4.249292,114.7
2021-12-04,1.3299994468688965,7122.2998046875,2.51837109614213,0.16,1.3776485546,4.249292,114.7
2021-12-05,1.3299994468688965,7122.2998046875,2.51837109614213,0.16,1.3776485546,4.249292,114.7
2021-12-06,1.3237318992614746,7232.2998046875,2.51837109614213,0.16,1.3776485546,4.249292,114.7
2021-12-07,1.326435923576355,7339.89990234375,2.51837109614213,0.16,1.3776485546,4.249292,114.7
2021-12-08,1.3246086835861206,7337.39990234375,2.51837109614213,0.16,1.3776485546,4.249292,114.7
2021-12-09,1.3210039138793945,7321.2998046875,2.51837109614213,0.16,1.3776485546,4.249292,114.7
2021-12-10,1.3224014043807983,7291.7998046875,2.51837109614213,0.16,1.3776485546,4.249292,114.7
2021-12-11,1.3224014043807983,7291.7998046875,2.51837109614213,0.16,1.3776485546,4.249292,114.7
2021-12-12,1.3224014043807983,7291.7998046875,2.51837109614213,0.16,1.3776485546,4.249292,114.7
2021-12-13,1.3257148265838623,7231.39990234375,2.51837109614213,0.16,1.3776485546,4.249292,114.7
2021-12-14,1.3213530778884888,7218.60009765625,2.51837109614213,0.16,1.3776485546,4.249292,114.7
2021-12-15,1.323050618171692,7170.7998046875,2.51837109614213,0.16,1.3776485546,4.249292,114.7
2021-12-16,1.3263126611709595,7260.60009765625,2.51837109614213,0.16,1.3776485546,4.249292,114.7
2021-12-17,1.3323739767074585,7269.89990234375,2.51837109614213,0.16,1.3776485546,4.249292,114.7
2021-12-18,1.3323739767074585,7269.89990234375,2.51837109614213,0.16,1.3776485546,4.249292,114.7
2021-12-19,1.3323739767074585,7269.89990234375,2.51837109614213,0.16,1.3776485546,4.249292,114.7
2021-12-20,1.3229438066482544,7198.0,2.51837109614213,0.16,1.3776485546,4.249292,114.7
2021-12-21,1.3210004568099976,7297.39990234375,2.51837109614213,0.16,1.3776485546,4.249292,114.7
2021-12-22,1.3269639015197754,7341.7001953125,2.51837109614213,0.16,1.3776485546,4.249292,114.7
2021-12-23,1.3352025747299194,7373.2998046875,2.51837109614213,0.16,1.3776485546,4.249292,114.7
2021-12-24,1.3406623601913452,7372.10009765625,2.51837109614213,0.16,1.3776485546,4.249292,114.7
2021-12-25,1.3406623601913452,7372.10009765625,2.51837109614213,0.16,1.3776485546,4.249292,114.7
2021-12-26,1.3406623601913452,7372.10009765625,2.51837109614213,0.16,1.3776485546,4.249292,114.7
2021-12-27,1.3404303789138794,7372.10009765625,2.51837109614213,0.16,1.3776485546,4.249292,114.7
2021-12-28,1.344266653060913,7372.10009765625,2.51837109614213,0.16,1.3776485546,4.249292,114.7
2021-12-29,1.3433277606964111,7420.7001953125,2.51837109614213,0.16,1.3776485546,4.249292,114.7
2021-12-30,1.349879264831543,7403.0,2.51837109614213,0.16,1.3776485546,4.249292,114.7
2021-12-31,1.349837303161621,7384.5,2.51837109614213,0.16,1.3776485546,4.249292,114.7
2022-01-01,1.349837303161621,7384.5,7.92204883147902,0.53,1.0133495081,3.865162,114.6
2022-01-02,1.349837303161621,7384.5,7.92204883147902,0.53,1.0133495081,3.865162,114.6
2022-01-03,1.3522284030914307,7384.5,7.92204883147902,0.53,1.0133495081,3.865162,114.6
2022-01-04,1.3483266830444336,7505.2001953125,7.92204883147902,0.53,1.0133495081,3.865162,114.6
2022-01-05,1.353143334388733,7516.89990234375,7.92204883147902,0.53,1.0133495081,3.865162,114.6
2022-01-06,1.3555645942687988,7450.39990234375,7.92204883147902,0.53,1.0133495081,3.865162,114.6
2022-01-07,1.353363037109375,7485.2998046875,7.92204883147902,0.53,1.0133495081,3.865162,114.6
2022-01-08,1.353363037109375,7485.2998046875,7.92204883147902,0.53,1.0133495081,3.865162,114.6
2022-01-09,1.353363037109375,7485.2998046875,7.92204883147902,0.53,1.0133495081,3.865162,114.6
2022-01-10,1.3592311143875122,7445.2998046875,7.92204883147902,0.53,1.0133495081,3.865162,114.6
2022-01-11,1.3580313920974731,7491.39990234375,7.92204883147902,0.53,1.0133495081,3.865162,114.6
2022-01-12,1.3633265495300293,7551.7001953125,7.92204883147902,0.53,1.0133495081,3.865162,114.6
2022-01-13,1.3709993362426758,7563.89990234375,7.92204883147902,0.53,1.0133495081,3.865162,114.6
2022-01-14,1.3713659048080444,7543.0,7.92204883147902,0.53,1.0133495081,3.865162,114.6
2022-01-15,1.3713659048080444,7543.0,7.92204883147902,0.53,1.0133495081,3.865162,114.6
2022-01-16,1.3713659048080444,7543.0,7.92204883147902,0.53,1.0133495081,3.865162,114.6
2022-01-17,1.367353081703186,7611.2001953125,7.92204883147902,0.53,1.0133495081,3.865162,114.6
2022-01-18,1.364800214767456,7563.60009765625,7.92204883147902,0.53,1.0133495081,3.865162,114.6
2022-01-19,1.3600261211395264,7589.7001953125,7.92204883147902,0.53,1.0133495081,3.865162,114.6
2022-01-20,1.3608589172363281,7585.0,7.92204883147902,0.53,1.0133495081,3.865162,114.6
2022-01-21,1.359767198562622,7494.10009765625,7.92204883147902,0.53,1.0133495081,3.865162,114.6
2022-01-22,1.359767198562622,7494.10009765625,7.92204883147902,0.53,1.0133495081,3.865162,114.6
2022-01-23,1.359767198562622,7494.10009765625,7.92204883147902,0.53,1.0133495081,3.865162,114.6
2022-01-24,1.3555830717086792,7297.2001953125,7.92204883147902,0.53,1.0133495081,3.865162,114.6
2022-01-25,1.3489269018173218,7371.5,7.92204883147902,0.53,1.0133495081,3.865162,114.6
2022-01-26,1.3510775566101074,7469.7998046875,7.92204883147902,0.53,1.0133495081,3.865162,114.6
2022-01-27,1.3468012809753418,7554.2998046875,7.92204883147902,0.53,1.0133495081,3.865162,114.6
2022-01-28,1.3388315439224243,7466.10009765625,7.92204883147902,0.53,1.0133495081,3.865162,114.6
2022-01-29,1.3388315439224243,7466.10009765625,7.92204883147902,0.53,1.0133495081,3.865162,114.6
2022-01-30,1.3388315439224243,7466.10009765625,7.92204883147902,0.53,1.0133495081,3.865162,114.6
2022-01-31,1.3403388261795044,7464.39990234375,7.92204883147902,0.53,1.0133495081,3.865162,114.6
2022-02-01,1.3445378541946411,7535.7998046875,7.92204883147902,0.81,1.0133495081,3.865162,115.4
2022-02-02,1.352539300918579,7583.0,7.92204883147902,0.81,1.0133495081,3.865162,115.4
2022-02-03,1.3565024137496948,7528.7998046875,7.92204883147902,0.81,1.0133495081,3.865162,115.4
2022-02-04,1.359841227531433,7516.39990234375,7.92204883147902,0.81,1.0133495081,3.865162,115.4
2022-02-05,1.359841227531433,7516.39990234375,7.92204883147902,0.81,1.0133495081,3.865162,115.4
2022-02-06,1.359841227531433,7516.39990234375,7.92204883147902,0.81,1.0133495081,3.865162,115.4
2022-02-07,1.3533447980880737,7573.5,7.92204883147902,0.81,1.0133495081,3.865162,115.4
2022-02-08,1.353780746459961,7567.10009765625,7.92204883147902,0.81,1.0133495081,3.865162,115.4
2022-02-09,1.3547565937042236,7643.39990234375,7.92204883147902,0.81,1.0133495081,3.865162,115.4
2022-02-10,1.3533265590667725,7672.39990234375,7.92204883147902,0.81,1.0133495081,3.865162,115.4
2022-02-11,1.3551788330078125,7661.0,7.92204883147902,0.81,1.0133495081,3.865162,115.4
2022-02-12,1.3551788330078125,7661.0,7.92204883147902,0.81,1.0133495081,3.865162,115.4
2022-02-13,1.3551788330078125,7661.0,7.92204883147902,0.81,1.0133495081,3.865162,115.4
2022-02-14,1.3569625616073608,7531.60009765625,7.92204883147902,0.81,1.0133495081,3.865162,115.4
2022-02-15,1.3532898426055908,7608.89990234375,7.92204883147902,0.81,1.0133495081,3.865162,115.4
2022-02-16,1.3541145324707031,7603.7998046875,7.92204883147902,0.81,1.0133495081,3.865162,115.4
2022-02-17,1.3584926128387451,7537.39990234375,7.92204883147902,0.81,1.0133495081,3.865162,115.4
2022-02-18,1.3618782758712769,7513.60009765625,7.92204883147902,0.81,1.0133495081,3.865162,115.4
2022-02-19,1.3618782758712769,7513.60009765625,7.92204883147902,0.81,1.0133495081,3.865162,115.4
2022-02-20,1.3618782758712769,7513.60009765625,7.92204883147902,0.81,1.0133495081,3.865162,115.4
2022-02-21,1.359342098236084,7484.2998046875,7.92204883147902,0.81,1.0133495081,3.865162,115.4
2022-02-22,1.3596007823944092,7494.2001953125,7.92204883147902,0.81,1.0133495081,3.865162,115.4
2022-02-23,1.3589357137680054,7498.2001953125,7.92204883147902,0.81,1.0133495081,3.865162,115.4
2022-02-24,1.3545730113983154,7207.0,7.92204883147902,0.81,1.0133495081,3.865162,115.4
2022-02-25,1.337327480316162,7489.5,7.92204883147902,0.81,1.0133495081,3.865162,115.4
2022-02-26,1.337327480316162,7489.5,7.92204883147902,0.81,1.0133495081,3.865162,115.4
2022-02-27,1.337327480316162,7489.5,7.92204883147902,0.81,1.0133495081,3.865162,115.4
2022-02-28,1.337327480316162,7458.2998046875,7.92204883147902,0.81,1.0133495081,3.865162,115.4
2022-03-01,1.3422818183898926,7330.2001953125,7.92204883147902,0.99,1.0133495081,3.865162,116.5
2022-03-02,1.3335111141204834,7429.60009765625,7.92204883147902,0.99,1.0133495081,3.865162,116.5
2022-03-03,1.33969247341156,7238.89990234375,7.92204883147902,0.99,1.0133495081,3.865162,116.5
2022-03-04,1.3350956439971924,6987.10009765625,7.92204883147902,0.99,1.0133495081,3.865162,116.5
2022-03-05,1.3350956439971924,6987.10009765625,7.92204883147902,0.99,1.0133495081,3.865162,116.5
2022-03-06,1.3350956439971924,6987.10009765625,7.92204883147902,0.99,1.0133495081,3.865162,116.5
2022-03-07,1.3212482929229736,6959.5,7.92204883147902,0.99,1.0133495081,3.865162,116.5
2022-03-08,1.3112295866012573,6964.10009765625,7.92204883147902,0.99,1.0133495081,3.865162,116.5
2022-03-09,1.3099292516708374,7190.7001953125,7.92204883147902,0.99,1.0133495081,3.865162,116.5
2022-03-10,1.3185653686523438,7099.10009765625,7.92204883147902,0.99,1.0133495081,3.865162,116.5
2022-03-11,1.3103240728378296,7155.60009765625,7.92204883147902,0.99,1.0133495081,3.865162,116.5
2022-03-12,1.3103240728378296,7155.60009765625,7.92204883147902,0.99,1.0133495081,3.865162,116.5
2022-03-13,1.3103240728378296,7155.60009765625,7.92204883147902,0.99,1.0133495081,3.865162,116.5
2022-03-14,1.3050298690795898,7193.5,7.92204883147902,0.99,1.0133495081,3.865162,116.5
2022-03-15,1.3011853694915771,7175.7001953125,7.92204883147902,0.99,1.0133495081,3.865162,116.5
2022-03-16,1.304648518562317,7291.7001953125,7.92204883147902,0.99,1.0133495081,3.865162,116.5
2022-03-17,1.3141123056411743,7385.2998046875,7.92204883147902,0.99,1.0133495081,3.865162,116.5
2022-03-18,1.3160406351089478,7404.7001953125,7.92204883147902,0.99,1.0133495081,3.865162,116.5
2022-03-19,1.3160406351089478,7404.7001953125,7.92204883147902,0.99,1.0133495081,3.865162,116.5
2022-03-20,1.3160406351089478,7404.7001953125,7.92204883147902,0.99,1.0133495081,3.865162,116.5
2022-03-21,1.3160839080810547,7442.39990234375,7.92204883147902,0.99,1.0133495081,3.865162,116.5
2022-03-22,1.3168290853500366,7476.7001953125,7.92204883147902,0.99,1.0133495081,3.865162,116.5
2022-03-23,1.3266470432281494,7460.60009765625,7.92204883147902,0.99,1.0133495081,3.865162,116.5
2022-03-24,1.3206027746200562,7467.39990234375,7.92204883147902,0.99,1.0133495081,3.865162,116.5
2022-03-25,1.3195745944976807,7483.39990234375,7.92204883147902,0.99,1.0133495081,3.865162,116.5
2022-03-26,1.3195745944976807,7483.39990234375,7.92204883147902,0.99,1.0133495081,3.865162,116.5
2022-03-27,1.3195745944976807,7483.39990234375,7.92204883147902,0.99,1.0133495081,3.865162,116.5
2022-03-28,1.317627191543579,7473.10009765625,7.92204883147902,0.99,1.0133495081,3.865162,116.5
2022-03-29,1.3103584051132202,7537.2998046875,7.92204883147902,0.99,1.0133495081,3.865162,116.5
2022-03-30,1.3093804121017456,7578.7998046875,7.92204883147902,0.99,1.0133495081,3.865162,116.5
2022-03-31,1.3138878345489502,7515.7001953125,7.92204883147902,0.99,1.0133495081,3.865162,116.5
2022-04-01,1.314699649810791,7537.89990234375,7.92204883147902,1.13,0.5579266478,3.857286,119.0
2022-04-02,1.314699649810791,7537.89990234375,7.92204883147902,1.13,0.5579266478,3.857286,119.0
2022-04-03,1.314699649810791,7537.89990234375,7.92204883147902,1.13,0.5579266478,3.857286,119.0
2022-04-04,1.3103755712509155,7558.89990234375,7.92204883147902,1.13,0.5579266478,3.857286,119.0
2022-04-05,1.3114582300186157,7613.7001953125,7.92204883147902,1.13,0.5579266478,3.857286,119.0
2022-04-06,1.3077365159988403,7587.7001953125,7.92204883147902,1.13,0.5579266478,3.857286,119.0
2022-04-07,1.307206630706787,7551.7998046875,7.92204883147902,1.13,0.5579266478,3.857286,119.0
2022-04-08,1.3069332838058472,7669.60009765625,7.92204883147902,1.13,0.5579266478,3.857286,119.0
2022-04-09,1.3069332838058472,7669.60009765625,7.92204883147902,1.13,0.5579266478,3.857286,119.0
2022-04-10,1.3069332838058472,7669.60009765625,7.92204883147902,1.13,0.5579266478,3.857286,119.0
2022-04-11,1.303220272064209,7618.2998046875,7.92204883147902,1.13,0.5579266478,3.857286,119.0
2022-04-12,1.3024225234985352,7576.7001953125,7.92204883147902,1.13,0.5579266478,3.857286,119.0
2022-04-13,1.3002548217773438,7580.7998046875,7.92204883147902,1.13,0.5579266478,3.857286,119.0
2022-04-14,1.312026023864746,7616.39990234375,7.92204883147902,1.13,0.5579266478,3.857286,119.0
2022-04-15,1.3070015907287598,7616.39990234375,7.92204883147902,1.13,0.5579266478,3.857286,119.0
2022-04-16,1.3070015907287598,7616.39990234375,7.92204883147902,1.13,0.5579266478,3.857286,119.0
2022-04-17,1.3070015907287598,7616.39990234375,7.92204883147902,1.13,0.5579266478,3.857286,119.0
2022-04-18,1.3057557344436646,7616.39990234375,7.92204883147902,1.13,0.5579266478,3.857286,119.0
2022-04-19,1.3009822368621826,7601.2998046875,7.92204883147902,1.13,0.5579266478,3.857286,119.0
2022-04-20,1.301371693611145,7629.2001953125,7.92204883147902,1.13,0.5579266478,3.857286,119.0
2022-04-21,1.3068820238113403,7628.0,7.92204883147902,1.13,0.5579266478,3.857286,119.0
2022-04-22,1.302626132965088,7521.7001953125,7.92204883147902,1.13,0.5579266478,3.857286,119.0
2022-04-23,1.302626132965088,7521.7001953125,7.92204883147902,1.13,0.5579266478,3.857286,119.0
2022-04-24,1.302626132965088,7521.7001953125,7.92204883147902,1.13,0.5579266478,3.857286,119.0
2022-04-25,1.2830876111984253,7380.5,7.92204883147902,1.13,0.5579266478,3.857286,119.0
2022-04-26,1.2739989757537842,7386.2001953125,7.92204883147902,1.13,0.5579266478,3.857286,119.0
2022-04-27,1.2583998441696167,7425.60009765625,7.92204883147902,1.13,0.5579266478,3.857286,119.0
2022-04-28,1.2541857957839966,7509.2001953125,7.92204883147902,1.13,0.5579266478,3.857286,119.0
2022-04-29,1.2463854551315308,7544.60009765625,7.92204883147902,1.13,0.5579266478,3.857286,119.0
2022-04-30,1.2463854551315308,7544.60009765625,7.92204883147902,1.13,0.5579266478,3.857286,119.0
2022-05-01,1.2463854551315308,7544.60009765625,7.92204883147902,1.31,0.5579266478,3.857286,119.7
2022-05-02,1.2573871612548828,7544.60009765625,7.92204883147902,1.31,0.5579266478,3.857286,119.7
2022-05-03,1.2498282194137573,7561.2998046875,7.92204883147902,1.31,0.5579266478,3.857286,119.7
2022-05-04,1.2500405311584473,7493.5,7.92204883147902,1.31,0.5579266478,3.857286,119.7
2022-05-05,1.261813759803772,7503.2998046875,7.92204883147902,1.31,0.5579266478,3.857286,119.7
2022-05-06,1.2364147901535034,7387.89990234375,7.92204883147902,1.31,0.5579266478,3.857286,119.7
2022-05-07,1.2364147901535034,7387.89990234375,7.92204883147902,1.31,0.5579266478,3.857286,119.7
2022-05-08,1.2364147901535034,7387.89990234375,7.92204883147902,1.31,0.5579266478,3.857286,119.7
2022-05-09,1.2326656579971313,7216.60009765625,7.92204883147902,1.31,0.5579266478,3.857286,119.7
2022-05-10,1.2338824272155762,7243.2001953125,7.92204883147902,1.31,0.5579266478,3.857286,119.7
2022-05-11,1.2309207916259766,7347.7001953125,7.92204883147902,1.31,0.5579266478,3.857286,119.7
2022-05-12,1.2234212160110474,7233.2998046875,7.92204883147902,1.31,0.5579266478,3.857286,119.7
2022-05-13,1.220613718032837,7418.2001953125,7.92204883147902,1.31,0.5579266478,3.857286,119.7
2022-05-14,1.220613718032837,7418.2001953125,7.92204883147902,1.31,0.5579266478,3.857286,119.7
2022-05-15,1.220613718032837,7418.2001953125,7.92204883147902,1.31,0.5579266478,3.857286,119.7
2022-05-16,1.2258507013320923,7464.7998046875,7.92204883147902,1.31,0.5579266478,3.857286,119.7
2022-05-17,1.2324832677841187,7518.39990234375,7.92204883147902,1.31,0.5579266478,3.857286,119.7
2022-05-18,1.2484394311904907,7438.10009765625,7.92204883147902,1.31,0.5579266478,3.857286,119.7
2022-05-19,1.2345831394195557,7302.7001953125,7.92204883147902,1.31,0.5579266478,3.857286,119.7
2022-05-20,1.2462146282196045,7390.0,7.92204883147902,1.31,0.5579266478,3.857286,119.7
2022-05-21,1.2462146282196045,7390.0,7.92204883147902,1.31,0.5579266478,3.857286,119.7
2022-05-22,1.2462146282196045,7390.0,7.92204883147902,1.31,0.5579266478,3.857286,119.7
2022-05-23,1.2504063844680786,7513.39990234375,7.92204883147902,1.31,0.5579266478,3.857286,119.7
2022-05-24,1.256754994392395,7484.39990234375,7.92204883147902,1.31,0.5579266478,3.857286,119.7
2022-05-25,1.2542959451675415,7522.7998046875,7.92204883147902,1.31,0.5579266478,3.857286,119.7
2022-05-26,1.258610486984253,7564.89990234375,7.92204883147902,1.31,0.5579266478,3.857286,119.7
2022-05-27,1.261734127998352,7585.5,7.92204883147902,1.31,0.5579266478,3.857286,119.7
2022-05-28,1.261734127998352,7585.5,7.92204883147902,1.31,0.5579266478,3.857286,119.7
2022-05-29,1.261734127998352,7585.5,7.92204883147902,1.31,0.5579266478,3.857286,119.7
2022-05-30,1.262833595275879,7600.10009765625,7.92204883147902,1.31,0.5579266478,3.857286,119.7
2022-05-31,1.2647020816802979,7607.7001953125,7.92204883147902,1.31,0.5579266478,3.857286,119.7
2022-06-01,1.2608909606933594,7533.0,7.92204883147902,1.57,0.5579266478,3.857286,120.5
2022-06-02,1.2483147382736206,7533.0,7.92204883147902,1.57,0.5579266478,3.857286,120.5
2022-06-03,1.2579249143600464,7533.0,7.92204883147902,1.57,0.5579266478,3.857286,120.5
2022-06-04,1.2579249143600464,7533.0,7.92204883147902,1.57,0.5579266478,3.857286,120.5
2022-06-05,1.2579249143600464,7533.0,7.92204883147902,1.57,0.5579266478,3.857286,120.5
2022-06-06,1.249230146408081,7608.2001953125,7.92204883147902,1.57,0.5579266478,3.857286,120.5
2022-06-07,1.2523481845855713,7598.89990234375,7.92204883147902,1.57,0.5579266478,3.857286,120.5
2022-06-08,1.2587324380874634,7593.0,7.92204883147902,1.57,0.5579266478,3.857286,120.5
2022-06-09,1.254028558731079,7476.2001953125,7.92204883147902,1.57,0.5579266478,3.857286,120.5
2022-06-10,1.2492972612380981,7317.5,7.92204883147902,1.57,0.5579266478,3.857286,120.5
2022-06-11,1.2492972612380981,7317.5,7.92204883147902,1.57,0.5579266478,3.857286,120.5
2022-06-12,1.2492972612380981,7317.5,7.92204883147902,1.57,0.5579266478,3.857286,120.5
2022-06-13,1.2274909019470215,7205.7998046875,7.92204883147902,1.57,0.5579266478,3.857286,120.5
2022-06-14,1.2144765853881836,7187.5,7.92204883147902,1.57,0.5579266478,3.857286,120.5
2022-06-15,1.201258897781372,7273.39990234375,7.92204883147902,1.57,0.5579266478,3.857286,120.5
2022-06-16,1.2174336910247803,7045.0,7.92204883147902,1.57,0.5579266478,3.857286,120.5
2022-06-17,1.2354830503463745,7016.2998046875,7.92204883147902,1.57,0.5579266478,3.857286,120.5
2022-06-18,1.2354830503463745,7016.2998046875,7.92204883147902,1.57,0.5579266478,3.857286,120.5
2022-06-19,1.2354830503463745,7016.2998046875,7.92204883147902,1.57,0.5579266478,3.857286,120.5
2022-06-20,1.2228227853775024,7121.7998046875,7.92204883147902,1.57,0.5579266478,3.857286,120.5
2022-06-21,1.225174903869629,7152.10009765625,7.92204883147902,1.57,0.5579266478,3.857286,120.5
2022-06-22,1.2266627550125122,7089.2001953125,7.92204883147902,1.57,0.5579266478,3.857286,120.5
2022-06-23,1.225084900856018,7020.5,7.92204883147902,1.57,0.5579266478,3.857286,120.5
2022-06-24,1.2260762453079224,7208.7998046875,7.92204883147902,1.57,0.5579266478,3.857286,120.5
2022-06-25,1.2260762453079224,7208.7998046875,7.92204883147902,1.57,0.5579266478,3.857286,120.5
2022-06-26,1.2260762453079224,7208.7998046875,7.92204883147902,1.57,0.5579266478,3.857286,120.5
2022-06-27,1.228244662284851,7258.2998046875,7.92204883147902,1.57,0.5579266478,3.857286,120.5
2022-06-28,1.2267379760742188,7323.39990234375,7.92204883147902,1.57,0.5579266478,3.857286,120.5
2022-06-29,1.2189769744873047,7312.2998046875,7.92204883147902,1.57,0.5579266478,3.857286,120.5
2022-06-30,1.2131799459457397,7169.2998046875,7.92204883147902,1.57,0.5579266478,3.857286,120.5
2022-07-01,1.2160863876342773,7168.7001953125,7.92204883147902,1.84,0.1011168047,3.812772,121.2
2022-07-02,1.2160863876342773,7168.7001953125,7.92204883147902,1.84,0.1011168047,3.812772,121.2
2022-07-03,1.2160863876342773,7168.7001953125,7.92204883147902,1.84,0.1011168047,3.812772,121.2
2022-07-04,1.2102727890014648,7232.7001953125,7.92204883147902,1.84,0.1011168047,3.812772,121.2
2022-07-05,1.211445689201355,7025.5,7.92204883147902,1.84,0.1011168047,3.812772,121.2
2022-07-06,1.19491446018219,7107.7998046875,7.92204883147902,1.84,0.1011168047,3.812772,121.2
2022-07-07,1.1923214197158813,7189.10009765625,7.92204883147902,1.84,0.1011168047,3.812772,121.2
2022-07-08,1.2028049230575562,7196.2001953125,7.92204883147902,1.84,0.1011168047,3.812772,121.2
2022-07-09,1.2028049230575562,7196.2001953125,7.92204883147902,1.84,0.1011168047,3.812772,121.2
2022-07-10,1.2028049230575562,7196.2001953125,7.92204883147902,1.84,0.1011168047,3.812772,121.2
2022-07-11,1.2016630172729492,7196.60009765625,7.92204883147902,1.84,0.1011168047,3.812772,121.2
2022-07-12,1.1900936365127563,7209.89990234375,7.92204883147902,1.84,0.1011168047,3.812772,121.2
2022-07-13,1.1877753734588623,7156.39990234375,7.92204883147902,1.84,0.1011168047,3.812772,121.2
2022-07-14,1.186380386352539,7039.7998046875,7.92204883147902,1.84,0.1011168047,3.812772,121.2
2022-07-15,1.1839643716812134,7159.0,7.92204883147902,1.84,0.1011168047,3.812772,121.2
2022-07-16,1.1839643716812134,7159.0,7.92204883147902,1.84,0.1011168047,3.812772,121.2
2022-07-17,1.1839643716812134,7159.0,7.92204883147902,1.84,0.1011168047,3.812772,121.2
2022-07-18,1.1888344287872314,7223.2001953125,7.92204883147902,1.84,0.1011168047,3.812772,121.2
2022-07-19,1.194828748703003,7296.2998046875,7.92204883147902,1.84,0.1011168047,3.812772,121.2
2022-07-20,1.2003505229949951,7264.2998046875,7.92204883147902,1.84,0.1011168047,3.812772,121.2
2022-07-21,1.1971746683120728,7270.5,7.92204883147902,1.84,0.1011168047,3.812772,121.2
2022-07-22,1.1996161937713623,7276.39990234375,7.92204883147902,1.84,0.1011168047,3.812772,121.2
2022-07-23,1.1996161937713623,7276.39990234375,7.92204883147902,1.84,0.1011168047,3.812772,121.2
2022-07-24,1.1996161937713623,7276.39990234375,7.92204883147902,1.84,0.1011168047,3.812772,121.2
2022-07-25,1.1986957788467407,7306.2998046875,7.92204883147902,1.84,0.1011168047,3.812772,121.2
2022-07-26,1.2055164575576782,7306.2998046875,7.92204883147902,1.84,0.1011168047,3.812772,121.2
2022-07-27,1.2036880254745483,7348.2001953125,7.92204883147902,1.84,0.1011168047,3.812772,121.2
2022-07-28,1.2163082361221313,7345.2998046875,7.92204883147902,1.84,0.1011168047,3.812772,121.2
2022-07-29,1.2173447608947754,7423.39990234375,7.92204883147902,1.84,0.1011168047,3.812772,121.2
2022-07-30,1.2173447608947754,7423.39990234375,7.92204883147902,1.84,0.1011168047,3.812772,121.2
2022-07-31,1.2173447608947754,7423.39990234375,7.92204883147902,1.84,0.1011168047,3.812772,121.2
2022-08-01,1.2167373895645142,7413.39990234375,7.92204883147902,2.23,0.1011168047,3.812772,121.8
2022-08-02,1.2254151105880737,7409.10009765625,7.92204883147902,2.23,0.1011168047,3.812772,121.8
2022-08-03,1.2142995595932007,7445.7001953125,7.92204883147902,2.23,0.1011168047,3.812772,121.8
2022-08-04,1.2138278484344482,7448.10009765625,7.92204883147902,2.23,0.1011168047,3.812772,121.8
2022-08-05,1.215849757194519,7439.7001953125,7.92204883147902,2.23,0.1011168047,3.812772,121.8
2022-08-06,1.215849757194519,7439.7001953125,7.92204883147902,2.23,0.1011168047,3.812772,121.8
2022-08-07,1.215849757194519,7439.7001953125,7.92204883147902,2.23,0.1011168047,3.812772,121.8
2022-08-08,1.2059526443481445,7482.39990234375,7.92204883147902,2.23,0.1011168047,3.812772,121.8
2022-08-09,1.208473801612854,7488.2001953125,7.92204883147902,2.23,0.1011168047,3.812772,121.8
2022-08-10,1.207423210144043,7507.10009765625,7.92204883147902,2.23,0.1011168047,3.812772,121.8
2022-08-11,1.2212995290756226,7465.89990234375,7.92204883147902,2.23,0.1011168047,3.812772,121.8
2022-08-12,1.2196162939071655,7500.89990234375,7.92204883147902,2.23,0.1011168047,3.812772,121.8
2022-08-13,1.2196162939071655,7500.89990234375,7.92204883147902,2.23,0.1011168047,3.812772,121.8
2022-08-14,1.2196162939071655,7500.89990234375,7.92204883147902,2.23,0.1011168047,3.812772,121.8
2022-08-15,1.2127974033355713,7509.2001953125,7.92204883147902,2.23,0.1011168047,3.812772,121.8
2022-08-16,1.205690860748291,7536.10009765625,7.92204883147902,2.23,0.1011168047,3.812772,121.8
2022-08-17,1.209818959236145,7515.7998046875,7.92204883147902,2.23,0.1011168047,3.812772,121.8
2022-08-18,1.2045146226882935,7541.89990234375,7.92204883147902,2.23,0.1011168047,3.812772,121.8
2022-08-19,1.193274736404419,7550.39990234375,7.92204883147902,2.23,0.1011168047,3.812772,121.8
2022-08-20,1.193274736404419,7550.39990234375,7.92204883147902,2.23,0.1011168047,3.812772,121.8
2022-08-21,1.193274736404419,7550.39990234375,7.92204883147902,2.23,0.1011168047,3.812772,121.8
2022-08-22,1.1818095445632935,7533.7998046875,7.92204883147902,2.23,0.1011168047,3.812772,121.8
2022-08-23,1.1766505241394043,7488.10009765625,7.92204883147902,2.23,0.1011168047,3.812772,121.8
2022-08-24,1.18327796459198,7471.5,7.92204883147902,2.23,0.1011168047,3.812772,121.8
2022-08-25,1.1791757345199585,7479.7001953125,7.92204883147902,2.23,0.1011168047,3.812772,121.8
2022-08-26,1.1824007034301758,7427.2998046875,7.92204883147902,2.23,0.1011168047,3.812772,121.8
2022-08-27,1.1824007034301758,7427.2998046875,7.92204883147902,2.23,0.1011168047,3.812772,121.8
2022-08-28,1.1824007034301758,7427.2998046875,7.92204883147902,2.23,0.1011168047,3.812772,121.8
2022-08-29,1.1694538593292236,7427.2998046875,7.92204883147902,2.23,0.1011168047,3.812772,121.8
2022-08-30,1.172250509262085,7361.60009765625,7.92204883147902,2.23,0.1011168047,3.812772,121.8
2022-08-31,1.1659767627716064,7284.2001953125,7.92204883147902,2.23,0.1011168047,3.812772,121.8
2022-09-01,1.1598505973815918,7148.5,7.92204883147902,2.91,0.1011168047,3.812772,122.3
2022-09-02,1.154894471168518,7281.2001953125,7.92204883147902,2.91,0.1011168047,3.812772,122.3
2022-09-03,1.154894471168518,7281.2001953125,7.92204883147902,2.91,0.1011168047,3.812772,122.3
2022-09-04,1.154894471168518,7281.2001953125,7.92204883147902,2.91,0.1011168047,3.812772,122.3
2022-09-05,1.1474601030349731,7287.39990234375,7.92204883147902,2.91,0.1011168047,3.812772,122.3
2022-09-06,1.156644344329834,7300.39990234375,7.92204883147902,2.91,0.1011168047,3.812772,122.3
2022-09-07,1.151185154914856,7237.7998046875,7.92204883147902,2.91,0.1011168047,3.812772,122.3
2022-09-08,1.1519808769226074,7262.10009765625,7.92204883147902,2.91,0.1011168047,3.812772,122.3
2022-09-09,1.1521600484848022,7351.10009765625,7.92204883147902,2.91,0.1011168047,3.812772,122.3
2022-09-10,1.1521600484848022,7351.10009765625,7.92204883147902,2.91,0.1011168047,3.812772,122.3
2022-09-11,1.1521600484848022,7351.10009765625,7.92204883147902,2.91,0.1011168047,3.812772,122.3
2022-09-12,1.1619395017623901,7473.0,7.92204883147902,2.91,0.1011168047,3.812772,122.3
2022-09-13,1.1689754724502563,7385.89990234375,7.92204883147902,2.91,0.1011168047,3.812772,122.3
2022-09-14,1.1506155729293823,7277.2998046875,7.92204883147902,2.91,0.1011168047,3.812772,122.3
2022-09-15,1.1544944047927856,7282.10009765625,7.92204883147902,2.91,0.1011168047,3.812772,122.3
2022-09-16,1.1452654600143433,7236.7001953125,7.92204883147902,2.91,0.1011168047,3.812772,122.3
2022-09-17,1.1452654600143433,7236.7001953125,7.92204883147902,2.91,0.1011168047,3.812772,122.3
2022-09-18,1.1452654600143433,7236.7001953125,7.92204883147902,2.91,0.1011168047,3.812772,122.3
2022-09-19,1.1433144807815552,7236.7001953125,7.92204883147902,2.91,0.1011168047,3.812772,122.3
2022-09-20,1.1443217992782593,7192.7001953125,7.92204883147902,2.91,0.1011168047,3.812772,122.3
2022-09-21,1.138057827949524,7237.60009765625,7.92204883147902,2.91,0.1011168047,3.812772,122.3
2022-09-22,1.1255937814712524,7159.5,7.92204883147902,2.91,0.1011168047,3.812772,122.3
2022-09-23,1.126417875289917,7018.60009765625,7.92204883147902,2.91,0.1011168047,3.812772,122.3
2022-09-24,1.126417875289917,7018.60009765625,7.92204883147902,2.91,0.1011168047,3.812772,122.3
2022-09-25,1.126417875289917,7018.60009765625,7.92204883147902,2.91,0.1011168047,3.812772,122.3
2022-09-26,1.0797386169433594,7021.0,7.92204883147902,2.91,0.1011168047,3.812772,122.3
2022-09-27,1.077284336090088,6984.60009765625,7.92204883147902,2.91,0.1011168047,3.812772,122.3
2022-09-28,1.072754144668579,7005.39990234375,7.92204883147902,2.91,0.1011168047,3.812772,122.3
2022-09-29,1.0835996866226196,6881.60009765625,7.92204883147902,2.91,0.1011168047,3.812772,122.3
2022-09-30,1.1169440746307373,6893.7998046875,7.92204883147902,2.91,0.1011168047,3.812772,122.3
2022-10-01,1.1169440746307373,6893.7998046875,7.92204883147902,3.39,0.2602510223,3.997823,124.3
2022-10-02,1.1169440746307373,6893.7998046875,7.92204883147902,3.39,0.2602510223,3.997823,124.3
2022-10-03,1.114057183265686,6908.7998046875,7.92204883147902,3.39,0.2602510223,3.997823,124.3
2022-10-04,1.1334141492843628,7086.5,7.92204883147902,3.39,0.2602510223,3.997823,124.3
2022-10-05,1.1451343297958374,7052.60009765625,7.92204883147902,3.39,0.2602510223,3.997823,124.3
2022-10-06,1.13553786277771,6997.2998046875,7.92204883147902,3.39,0.2602510223,3.997823,124.3
2022-10-07,1.1162084341049194,6991.10009765625,7.92204883147902,3.39,0.2602510223,3.997823,124.3
2022-10-08,1.1162084341049194,6991.10009765625,7.92204883147902,3.39,0.2602510223,3.997823,124.3
2022-10-09,1.1162084341049194,6991.10009765625,7.92204883147902,3.39,0.2602510223,3.997823,124.3
2022-10-10,1.1072726249694824,6959.2998046875,7.92204883147902,3.39,0.2602510223,3.997823,124.3
2022-10-11,1.1076405048370361,6885.2001953125,7.92204883147902,3.39,0.2602510223,3.997823,124.3
2022-10-12,1.0967799425125122,6826.2001953125,7.92204883147902,3.39,0.2602510223,3.997823,124.3
2022-10-13,1.11055588722229,6850.2998046875,7.92204883147902,3.39,0.2602510223,3.997823,124.3
2022-10-14,1.1303905248641968,6858.7998046875,7.92204883147902,3.39,0.2602510223,3.997823,124.3
2022-10-15,1.1303905248641968,6858.7998046875,7.92204883147902,3.39,0.2602510223,3.997823,124.3
2022-10-16,1.1303905248641968,6858.7998046875,7.92204883147902,3.39,0.2602510223,3.997823,124.3
2022-10-17,1.124416708946228,6920.2001953125,7.92204883147902,3.39,0.2602510223,3.997823,124.3
2022-10-18,1.1353960037231445,6936.7001953125,7.92204883147902,3.39,0.2602510223,3.997823,124.3
2022-10-19,1.134429931640625,6925.0,7.92204883147902,3.39,0.2602510223,3.997823,124.3
2022-10-20,1.1211013793945312,6943.89990234375,7.92204883147902,3.39,0.2602510223,3.997823,124.3
2022-10-21,1.1221455335617065,6969.7001953125,7.92204883147902,3.39,0.2602510223,3.997823,124.3
2022-10-22,1.1221455335617065,6969.7001953125,7.92204883147902,3.39,0.2602510223,3.997823,124.3
2022-10-23,1.1221455335617065,6969.7001953125,7.92204883147902,3.39,0.2602510223,3.997823,124.3
2022-10-24,1.1344685554504395,7014.0,7.92204883147902,3.39,0.2602510223,3.997823,124.3
2022-10-25,1.1307740211486816,7013.5,7.92204883147902,3.39,0.2602510223,3.997823,124.3
2022-10-26,1.146223783493042,7056.10009765625,7.92204883147902,3.39,0.2602510223,3.997823,124.3
2022-10-27,1.1638191938400269,7073.7001953125,7.92204883147902,3.39,0.2602510223,3.997823,124.3
2022-10-28,1.1566041707992554,7047.7001953125,7.92204883147902,3.39,0.2602510223,3.997823,124.3
2022-10-29,1.1566041707992554,7047.7001953125,7.92204883147902,3.39,0.2602510223,3.997823,124.3
2022-10-30,1.1566041707992554,7047.7001953125,7.92204883147902,3.39,0.2602510223,3.997823,124.3
2022-10-31,1.159595012664795,7094.5,7.92204883147902,3.39,0.2602510223,3.997823,124.3
2022-11-01,1.146815299987793,7186.2001953125,7.92204883147902,3.52,0.2602510223,3.997823,124.8
2022-11-02,1.1489498615264893,7144.10009765625,7.92204883147902,3.52,0.2602510223,3.997823,124.8
2022-11-03,1.1384334564208984,7188.60009765625,7.92204883147902,3.52,0.2602510223,3.997823,124.8
2022-11-04,1.1171187162399292,7334.7998046875,7.92204883147902,3.52,0.2602510223,3.997823,124.8
2022-11-05,1.1171187162399292,7334.7998046875,7.92204883147902,3.52,0.2602510223,3.997823,124.8
2022-11-06,1.1171187162399292,7334.7998046875,7.92204883147902,3.52,0.2602510223,3.997823,124.8
2022-11-07,1.1331573724746704,7300.0,7.92204883147902,3.52,0.2602510223,3.997823,124.8
2022-11-08,1.1517950296401978,7306.10009765625,7.92204883147902,3.52,0.2602510223,3.997823,124.8
2022-11-09,1.1552680730819702,7296.2998046875,7.92204883147902,3.52,0.2602510223,3.997823,124.8
2022-11-10,1.1368157863616943,7375.2998046875,7.92204883147902,3.52,0.2602510223,3.997823,124.8
2022-11-11,1.1695632934570312,7318.0,7.92204883147902,3.52,0.2602510223,3.997823,124.8
2022-11-12,1.1695632934570312,7318.0,7.92204883147902,3.52,0.2602510223,3.997823,124.8
2022-11-13,1.1695632934570312,7318.0,7.92204883147902,3.52,0.2602510223,3.997823,124.8
2022-11-14,1.1799131631851196,7385.2001953125,7.92204883147902,3.52,0.2602510223,3.997823,124.8
2022-11-15,1.175249695777893,7369.39990234375,7.92204883147902,3.52,0.2602510223,3.997823,124.8
2022-11-16,1.1880435943603516,7351.2001953125,7.92204883147902,3.52,0.2602510223,3.997823,124.8
2022-11-17,1.191525936126709,7346.5,7.92204883147902,3.52,0.2602510223,3.997823,124.8
2022-11-18,1.1860145330429077,7385.5,7.92204883147902,3.52,0.2602510223,3.997823,124.8
2022-11-19,1.1860145330429077,7385.5,7.92204883147902,3.52,0.2602510223,3.997823,124.8
2022-11-20,1.1860145330429077,7385.5,7.92204883147902,3.52,0.2602510223,3.997823,124.8
2022-11-21,1.1886366605758667,7376.89990234375,7.92204883147902,3.52,0.2602510223,3.997823,124.8
2022-11-22,1.1827600002288818,7452.7998046875,7.92204883147902,3.52,0.2602510223,3.997823,124.8
2022-11-23,1.1894567012786865,7465.2001953125,7.92204883147902,3.52,0.2602510223,3.997823,124.8
2022-11-24,1.2073503732681274,7466.60009765625,7.92204883147902,3.52,0.2602510223,3.997823,124.8
2022-11-25,1.2113430500030518,7486.7001953125,7.92204883147902,3.52,0.2602510223,3.997823,124.8
2022-11-26,1.2113430500030518,7486.7001953125,7.92204883147902,3.52,0.2602510223,3.997823,124.8
2022-11-27,1.2113430500030518,7486.7001953125,7.92204883147902,3.52,0.2602510223,3.997823,124.8
2022-11-28,1.2054728269577026,7474.0,7.92204883147902,3.52,0.2602510223,3.997823,124.8
2022-11-29,1.1960291862487793,7512.0,7.92204883147902,3.52,0.2602510223,3.997823,124.8
2022-11-30,1.1946860551834106,7573.10009765625,7.92204883147902,3.52,0.2602510223,3.997823,124.8
2022-12-01,1.207749843597412,7558.5,7.92204883147902,3.78,0.2602510223,3.997823,125.3
2022-12-02,1.2259259223937988,7556.2001953125,7.92204883147902,3.78,0.2602510223,3.997823,125.3
2022-12-03,1.2259259223937988,7556.2001953125,7.92204883147902,3.78,0.2602510223,3.997823,125.3
2022-12-04,1.2259259223937988,7556.2001953125,7.92204883147902,3.78,0.2602510223,3.997823,125.3
2022-12-05,1.2297248840332031,7567.5,7.92204883147902,3.78,0.2602510223,3.997823,125.3
2022-12-06,1.2192445993423462,7521.39990234375,7.92204883147902,3.78,0.2602510223,3.997823,125.3
2022-12-07,1.2133007049560547,7489.2001953125,7.92204883147902,3.78,0.2602510223,3.997823,125.3
2022-12-08,1.2212398052215576,7472.2001953125,7.92204883147902,3.78,0.2602510223,3.997823,125.3
2022-12-09,1.2236007452011108,7476.60009765625,7.92204883147902,3.78,0.2602510223,3.997823,125.3
2022-12-10,1.2236007452011108,7476.60009765625,7.92204883147902,3.78,0.2602510223,3.997823,125.3
2022-12-11,1.2236007452011108,7476.60009765625,7.92204883147902,3.78,0.2602510223,3.997823,125.3
2022-12-12,1.2239153385162354,7446.0,7.92204883147902,3.78,0.2602510223,3.997823,125.3
2022-12-13,1.2270842790603638,7502.89990234375,7.92204883147902,3.78,0.2602510223,3.997823,125.3
2022-12-14,1.235666275024414,7495.89990234375,7.92204883147902,3.78,0.2602510223,3.997823,125.3
2022-12-15,1.2419428825378418,7426.2001953125,7.92204883147902,3.78,0.2602510223,3.997823,125.3
2022-12-16,1.2189176082611084,7332.10009765625,7.92204883147902,3.78,0.2602510223,3.997823,125.3
2022-12-17,1.2189176082611084,7332.10009765625,7.92204883147902,3.78,0.2602510223,3.997823,125.3
2022-12-18,1.2189176082611084,7332.10009765625,7.92204883147902,3.78,0.2602510223,3.997823,125.3
2022-12-19,1.2160272598266602,7361.2998046875,7.92204883147902,3.78,0.2602510223,3.997823,125.3
2022-12-20,1.2153326272964478,7370.60009765625,7.92204883147902,3.78,0.2602510223,3.997823,125.3
2022-12-21,1.2189176082611084,7497.2998046875,7.92204883147902,3.78,0.2602510223,3.997823,125.3
2022-12-22,1.2077397108078003,7469.2998046875,7.92204883147902,3.78,0.2602510223,3.997823,125.3
2022-12-23,1.203992486000061,7473.0,7.92204883147902,3.78,0.2602510223,3.997823,125.3
2022-12-24,1.203992486000061,7473.0,7.92204883147902,3.78,0.2602510223,3.997823,125.3
2022-12-25,1.203992486000061,7473.0,7.92204883147902,3.78,0.2602510223,3.997823,125.3
2022-12-26,1.206000566482544,7473.0,7.92204883147902,3.78,0.2602510223,3.997823,125.3
2022-12-27,1.2084153890609741,7473.0,7.92204883147902,3.78,0.2602510223,3.997823,125.3
2022-12-28,1.2027326822280884,7497.2001953125,7.92204883147902,3.78,0.2602510223,3.997823,125.3
2022-12-29,1.2028483152389526,7512.7001953125,7.92204883147902,3.78,0.2602510223,3.997823,125.3
2022-12-30,1.2056326866149902,7451.7001953125,7.92204883147902,3.78,0.2602510223,3.997823,125.3
2022-12-31,1.2056326866149902,7451.7001953125,7.92204883147902,3.78,0.2602510223,3.997823,125.3
2023-01-01,1.2056326866149902,7451.7001953125,6.79396706793963,4.01,0.0564736254,4.086849,124.8
2023-01-02,1.2120330333709717,7451.7001953125,6.79396706793963,4.01,0.0564736254,4.086849,124.8
2023-01-03,1.206287145614624,7554.10009765625,6.79396706793963,4.01,0.0564736254,4.086849,124.8
2023-01-04,1.1969740390777588,7585.2001953125,6.79396706793963,4.01,0.0564736254,4.086849,124.8
2023-01-05,1.2057054042816162,7633.5,6.79396706793963,4.01,0.0564736254,4.086849,124.8
2023-01-06,1.1912277936935425,7699.5,6.79396706793963,4.01,0.0564736254,4.086849,124.8
2023-01-07,1.1912277936935425,7699.5,6.79396706793963,4.01,0.0564736254,4.086849,124.8
2023-01-08,1.1912277936935425,7699.5,6.79396706793963,4.01,0.0564736254,4.086849,124.8
2023-01-09,1.2116365432739258,7724.89990234375,6.79396706793963,4.01,0.0564736254,4.086849,124.8
2023-01-10,1.2184869050979614,7694.5,6.79396706793963,4.01,0.0564736254,4.086849,124.8
2023-01-11,1.2154507637023926,7725.0,6.79396706793963,4.01,0.0564736254,4.086849,124.8
2023-01-12,1.2159533500671387,7794.0,6.79396706793963,4.01,0.0564736254,4.086849,124.8
2023-01-13,1.2217769622802734,7844.10009765625,6.79396706793963,4.01,0.0564736254,4.086849,124.8
2023-01-14,1.2217769622802734,7844.10009765625,6.79396706793963,4.01,0.0564736254,4.086849,124.8
2023-01-15,1.2217769622802734,7844.10009765625,6.79396706793963,4.01,0.0564736254,4.086849,124.8
2023-01-16,1.2226732969284058,7860.10009765625,6.79396706793963,4.01,0.0564736254,4.086849,124.8
2023-01-17,1.2207776308059692,7851.0,6.79396706793963,4.01,0.0564736254,4.086849,124.8
2023-01-18,1.228471040725708,7830.7001953125,6.79396706793963,4.01,0.0564736254,4.086849,124.8
2023-01-19,1.2347661256790161,7747.2998046875,6.79396706793963,4.01,0.0564736254,4.086849,124.8
2023-01-20,1.2393262386322021,7770.60009765625,6.79396706793963,4.01,0.0564736254,4.086849,124.8
2023-01-21,1.2393262386322021,7770.60009765625,6.79396706793963,4.01,0.0564736254,4.086849,124.8
2023-01-22,1.2393262386322021,7770.60009765625,6.79396706793963,4.01,0.0564736254,4.086849,124.8
2023-01-23,1.240633249282837,7784.7001953125,6.79396706793963,4.01,0.0564736254,4.086849,124.8
2023-01-24,1.2379761934280396,7757.39990234375,6.79396706793963,4.01,0.0564736254,4.086849,124.8
2023-01-25,1.232923984527588,7744.89990234375,6.79396706793963,4.01,0.0564736254,4.086849,124.8
2023-01-26,1.2412492036819458,7761.10009765625,6.79396706793963,4.01,0.0564736254,4.086849,124.8
2023-01-27,1.2415266036987305,7765.2001953125,6.79396706793963,4.01,0.0564736254,4.086849,124.8
2023-01-28,1.2415266036987305,7765.2001953125,6.79396706793963,4.01,0.0564736254,4.086849,124.8
2023-01-29,1.2415266036987305,7765.2001953125,6.79396706793963,4.01,0.0564736254,4.086849,124.8
2023-01-30,1.2400301694869995,7784.89990234375,6.79396706793963,4.01,0.0564736254,4.086849,124.8
2023-01-31,1.2353609800338745,7771.7001953125,6.79396706793963,4.01,0.0564736254,4.086849,124.8
2023-02-01,1.2308903932571411,7761.10009765625,6.79396706793963,4.21,0.0564736254,4.086849,126.0
2023-02-02,1.2390038967132568,7820.2001953125,6.79396706793963,4.21,0.0564736254,4.086849,126.0
2023-02-03,1.222299575805664,7901.7998046875,6.79396706793963,4.21,0.0564736254,4.086849,126.0
2023-02-04,1.222299575805664,7901.7998046875,6.79396706793963,4.21,0.0564736254,4.086849,126.0
2023-02-05,1.222299575805664,7901.7998046875,6.79396706793963,4.21,0.0564736254,4.086849,126.0
2023-02-06,1.2045146226882935,7836.7001953125,6.79396706793963,4.21,0.0564736254,4.086849,126.0
2023-02-07,1.2026747465133667,7864.7001953125,6.79396706793963,4.21,0.0564736254,4.086849,126.0
2023-02-08,1.2054582834243774,7885.2001953125,6.79396706793963,4.21,0.0564736254,4.086849,126.0
2023-02-09,1.2071462869644165,7911.2001953125,6.79396706793963,4.21,0.0564736254,4.086849,126.0
2023-02-10,1.2116806507110596,7882.5,6.79396706793963,4.21,0.0564736254,4.086849,126.0
2023-02-11,1.2116806507110596,7882.5,6.79396706793963,4.21,0.0564736254,4.086849,126.0
2023-02-12,1.2116806507110596,7882.5,6.79396706793963,4.21,0.0564736254,4.086849,126.0
2023-02-13,1.2052258253097534,7947.60009765625,6.79396706793963,4.21,0.0564736254,4.086849,126.0
2023-02-14,1.215214490890503,7953.89990234375,6.79396706793963,4.21,0.0564736254,4.086849,126.0
2023-02-15,1.2174336910247803,7997.7998046875,6.79396706793963,4.21,0.0564736254,4.086849,126.0
2023-02-16,1.2039779424667358,8012.5,6.79396706793963,4.21,0.0564736254,4.086849,126.0
2023-02-17,1.197533130645752,8004.39990234375,6.79396706793963,4.21,0.0564736254,4.086849,126.0
2023-02-18,1.197533130645752,8004.39990234375,6.79396706793963,4.21,0.0564736254,4.086849,126.0
2023-02-19,1.197533130645752,8004.39990234375,6.79396706793963,4.21,0.0564736254,4.086849,126.0
2023-02-20,1.2029786109924316,8014.2998046875,6.79396706793963,4.21,0.0564736254,4.086849,126.0
2023-02-21,1.2039200067520142,7977.7998046875,6.79396706793963,4.21,0.0564736254,4.086849,126.0
2023-02-22,1.2109322547912598,7930.60009765625,6.79396706793963,4.21,0.0564736254,4.086849,126.0
2023-02-23,1.204993486404419,7907.7001953125,6.79396706793963,4.21,0.0564736254,4.086849,126.0
2023-02-24,1.2017786502838135,7878.7001953125,6.79396706793963,4.21,0.0564736254,4.086849,126.0
2023-02-25,1.2017786502838135,7878.7001953125,6.79396706793963,4.21,0.0564736254,4.086849,126.0
2023-02-26,1.2017786502838135,7878.7001953125,6.79396706793963,4.21,0.0564736254,4.086849,126.0
2023-02-27,1.1952428817749023,7935.10009765625,6.79396706793963,4.21,0.0564736254,4.086849,126.0
2023-02-28,1.2061562538146973,7876.2998046875,6.79396706793963,4.21,0.0564736254,4.086849,126.0
2023-03-01,1.2033549547195435,7914.89990234375,6.79396706793963,4.33,0.0564736254,4.086849,126.8
2023-03-02,1.2029930353164673,7944.0,6.79396706793963,4.33,0.0564736254,4.086849,126.8
2023-03-03,1.1951572895050049,7947.10009765625,6.79396706793963,4.33,0.0564736254,4.086849,126.8
2023-03-04,1.1951572895050049,7947.10009765625,6.79396706793963,4.33,0.0564736254,4.086849,126.8
2023-03-05,1.1951572895050049,7947.10009765625,6.79396706793963,4.33,0.0564736254,4.086849,126.8
2023-03-06,1.2028483152389526,7929.7998046875,6.79396706793963,4.33,0.0564736254,4.086849,126.8
2023-03-07,1.2026457786560059,7919.5,6.79396706793963,4.33,0.0564736254,4.086849,126.8
2023-03-08,1.1827740669250488,7929.89990234375,6.79396706793963,4.33,0.0564736254,4.086849,126.8
2023-03-09,1.1850166320800781,7880.0,6.79396706793963,4.33,0.0564736254,4.086849,126.8
2023-03-10,1.192250370979309,7748.39990234375,6.79396706793963,4.33,0.0564736254,4.086849,126.8
2023-03-11,1.192250370979309,7748.39990234375,6.79396706793963,4.33,0.0564736254,4.086849,126.8
2023-03-12,1.192250370979309,7748.39990234375,6.79396706793963,4.33,0.0564736254,4.086849,126.8
2023-03-13,1.2079336643218994,7548.60009765625,6.79396706793963,4.33,0.0564736254,4.086849,126.8
2023-03-14,1.2171372175216675,7637.10009765625,6.79396706793963,4.33,0.0564736254,4.086849,126.8
2023-03-15,1.215214490890503,7344.5,6.79396706793963,4.33,0.0564736254,4.086849,126.8
2023-03-16,1.20692777633667,7410.0,6.79396706793963,4.33,0.0564736254,4.086849,126.8
2023-03-17,1.2110495567321777,7335.39990234375,6.79396706793963,4.33,0.0564736254,4.086849,126.8
2023-03-18,1.2110495567321777,7335.39990234375,6.79396706793963,4.33,0.0564736254,4.086849,126.8
2023-03-19,1.2110495567321777,7335.39990234375,6.79396706793963,4.33,0.0564736254,4.086849,126.8
2023-03-20,1.2187690734863281,7403.89990234375,6.79396706793963,4.33,0.0564736254,4.086849,126.8
2023-03-21,1.2276264429092407,7536.2001953125,6.79396706793963,4.33,0.0564736254,4.086849,126.8
2023-03-22,1.2225087881088257,7566.7998046875,6.79396706793963,4.33,0.0564736254,4.086849,126.8
2023-03-23,1.227973222732544,7499.60009765625,6.79396706793963,4.33,0.0564736254,4.086849,126.8
2023-03-24,1.228154182434082,7405.5,6.79396706793963,4.33,0.0564736254,4.086849,126.8
2023-03-25,1.228154182434082,7405.5,6.79396706793963,4.33,0.0564736254,4.086849,126.8
2023-03-26,1.228154182434082,7405.5,6.79396706793963,4.33,0.0564736254,4.086849,126.8
2023-03-27,1.2246003150939941,7471.7998046875,6.79396706793963,4.33,0.0564736254,4.086849,126.8
2023-03-28,1.229755163192749,7484.2998046875,6.79396706793963,4.33,0.0564736254,4.086849,126.8
2023-03-29,1.2330456972122192,7564.2998046875,6.79396706793963,4.33,0.0564736254,4.086849,126.8
2023-03-30,1.2313603162765503,7620.39990234375,6.79396706793963,4.33,0.0564736254,4.086849,126.8
2023-03-31,1.2387275695800781,7631.7001953125,6.79396706793963,4.33,0.0564736254,4.086849,126.8
2023-04-01,1.2387275695800781,7631.7001953125,6.79396706793963,4.52,0.0413519359,4.319176,128.3
2023-04-02,1.2387275695800781,7631.7001953125,6.79396706793963,4.52,0.0413519359,4.319176,128.3
2023-04-03,1.228697419166565,7673.0,6.79396706793963,4.52,0.0413519359,4.319176,128.3
2023-04-04,1.2423131465911865,7634.5,6.79396706793963,4.52,0.0413519359,4.319176,128.3
2023-04-05,1.249843716621399,7662.89990234375,6.79396706793963,4.52,0.0413519359,4.319176,128.3
2023-04-06,1.2463078498840332,7741.60009765625,6.79396706793963,4.52,0.0413519359,4.319176,128.3
2023-04-07,1.243900179862976,7741.60009765625,6.79396706793963,4.52,0.0413519359,4.319176,128.3
2023-04-08,1.243900179862976,7741.60009765625,6.79396706793963,4.52,0.0413519359,4.319176,128.3
2023-04-09,1.243900179862976,7741.60009765625,6.79396706793963,4.52,0.0413519359,4.319176,128.3
2023-04-10,1.2431625127792358,7741.60009765625,6.79396706793963,4.52,0.0413519359,4.319176,128.3
2023-04-11,1.239218831062317,7785.7001953125,6.79396706793963,4.52,0.0413519359,4.319176,128.3
2023-04-12,1.2431007623672485,7824.7998046875,6.79396706793963,4.52,0.0413519359,4.319176,128.3
2023-04-13,1.2492660284042358,7843.39990234375,6.79396706793963,4.52,0.0413519359,4.319176,128.3
2023-04-14,1.2525300979614258,7871.89990234375,6.79396706793963,4.52,0.0413519359,4.319176,128.3
2023-04-15,1.2525300979614258,7871.89990234375,6.79396706793963,4.52,0.0413519359,4.319176,128.3
2023-04-16,1.2525300979614258,7871.89990234375,6.79396706793963,4.52,0.0413519359,4.319176,128.3
2023-04-17,1.2400178909301758,7879.5,6.79396706793963,4.52,0.0413519359,4.319176,128.3
2023-04-18,1.2375471591949463,7909.39990234375,6.79396706793963,4.52,0.0413519359,4.319176,128.3
2023-04-19,1.2425447702407837,7898.7998046875,6.79396706793963,4.52,0.0413519359,4.319176,128.3
2023-04-20,1.2428845167160034,7902.60009765625,6.79396706793963,4.52,0.0413519359,4.319176,128.3
2023-04-21,1.2440905570983887,7914.10009765625,6.79396706793963,4.52,0.0413519359,4.319176,128.3
2023-04-22,1.2440905570983887,7914.10009765625,6.79396706793963,4.52,0.0413519359,4.319176,128.3
2023-04-23,1.2440905570983887,7914.10009765625,6.79396706793963,4.52,0.0413519359,4.319176,128.3
2023-04-24,1.2449734210968018,7912.2001953125,6.79396706793963,4.52,0.0413519359,4.319176,128.3
2023-04-25,1.25,7891.10009765625,6.79396706793963,4.52,0.0413519359,4.319176,128.3
2023-04-26,1.2414803504943848,7852.60009765625,6.79396706793963,4.52,0.0413519359,4.319176,128.3
2023-04-27,1.2471472024917603,7831.60009765625,6.79396706793963,4.52,0.0413519359,4.319176,128.3
2023-04-28,1.249750018119812,7870.60009765625,6.79396706793963,4.52,0.0413519359,4.319176,128.3
2023-04-29,1.249750018119812,7870.60009765625,6.79396706793963,4.52,0.0413519359,4.319176,128.3
2023-04-30,1.249750018119812,7870.60009765625,6.79396706793963,4.52,0.0413519359,4.319176,128.3
2023-05-01,1.2557607889175415,7870.60009765625,6.79396706793963,4.73,0.0413519359,4.319176,129.1
2023-05-02,1.2485953569412231,7773.0,6.79396706793963,4.73,0.0413519359,4.319176,129.1
2023-05-03,1.2476606369018555,7788.39990234375,6.79396706793963,4.73,0.0413519359,4.319176,129.1
2023-05-04,1.256897211074829,7702.60009765625,6.79396706793963,4.73,0.0413519359,4.319176,129.1
2023-05-05,1.2583364248275757,7778.39990234375,6.79396706793963,4.73,0.0413519359,4.319176,129.1
2023-05-06,1.2583364248275757,7778.39990234375,6.79396706793963,4.73,0.0413519359,4.319176,129.1
2023-05-07,1.2583364248275757,7778.39990234375,6.79396706793963,4.73,0.0413519359,4.319176,129.1
2023-05-08,1.2630568742752075,7778.39990234375,6.79396706793963,4.73,0.0413519359,4.319176,129.1
2023-05-09,1.2612725496292114,7764.10009765625,6.79396706793963,4.73,0.0413519359,4.319176,129.1
2023-05-10,1.2624667882919312,7741.2998046875,6.79396706793963,4.73,0.0413519359,4.319176,129.1
2023-05-11,1.2626996040344238,7730.60009765625,6.79396706793963,4.73,0.0413519359,4.319176,129.1
2023-05-12,1.2508130073547363,7754.60009765625,6.79396706793963,4.73,0.0413519359,4.319176,129.1
2023-05-13,1.2508130073547363,7754.60009765625,6.79396706793963,4.73,0.0413519359,4.319176,129.1
2023-05-14,1.2508130073547363,7754.60009765625,6.79396706793963,4.73,0.0413519359,4.319176,129.1
2023-05-15,1.2450973987579346,7777.7001953125,6.79396706793963,4.73,0.0413519359,4.319176,129.1
2023-05-16,1.2525207996368408,7751.10009765625,6.79396706793963,4.73,0.0413519359,4.319176,129.1
2023-05-17,1.2484394311904907,7723.2001953125,6.79396706793963,4.73,0.0413519359,4.319176,129.1
2023-05-18,1.2482805252075195,7742.2998046875,6.79396706793963,4.73,0.0413519359,4.319176,129.1
2023-05-19,1.2412338256835938,7756.89990234375,6.79396706793963,4.73,0.0413519359,4.319176,129.1
2023-05-20,1.2412338256835938,7756.89990234375,6.79396706793963,4.73,0.0413519359,4.319176,129.1
2023-05-21,1.2412338256835938,7756.89990234375,6.79396706793963,4.73,0.0413519359,4.319176,129.1
2023-05-22,1.2461059093475342,7771.0,6.79396706793963,4.73,0.0413519359,4.319176,129.1
2023-05-23,1.243440866470337,7763.0,6.79396706793963,4.73,0.0413519359,4.319176,129.1
2023-05-24,1.2417269945144653,7627.10009765625,6.79396706793963,4.73,0.0413519359,4.319176,129.1
2023-05-25,1.2371032238006592,7570.89990234375,6.79396706793963,4.73,0.0413519359,4.319176,129.1
2023-05-26,1.2318304777145386,7627.2001953125,6.79396706793963,4.73,0.0413519359,4.319176,129.1
2023-05-27,1.2318304777145386,7627.2001953125,6.79396706793963,4.73,0.0413519359,4.319176,129.1
2023-05-28,1.2318304777145386,7627.2001953125,6.79396706793963,4.73,0.0413519359,4.319176,129.1
2023-05-29,1.2346898317337036,7627.2001953125,6.79396706793963,4.73,0.0413519359,4.319176,129.1
2023-05-30,1.234933853149414,7522.10009765625,6.79396706793963,4.73,0.0413519359,4.319176,129.1
2023-05-31,1.241187572479248,7446.10009765625,6.79396706793963,4.73,0.0413519359,4.319176,129.1
2023-06-01,1.244694471359253,7490.2998046875,6.79396706793963,5.09,0.0413519359,4.319176,129.4
2023-06-02,1.2525991201400757,7607.2998046875,6.79396706793963,5.09,0.0413519359,4.319176,129.4
2023-06-03,1.2525991201400757,7607.2998046875,6.79396706793963,5.09,0.0413519359,4.319176,129.4
2023-06-04,1.2525991201400757,7607.2998046875,6.79396706793963,5.09,0.0413519359,4.319176,129.4
2023-06-05,1.2430236339569092,7600.0,6.79396706793963,5.09,0.0413519359,4.319176,129.4
2023-06-06,1.2433171272277832,7628.10009765625,6.79396706793963,5.09,0.0413519359,4.319176,129.4
2023-06-07,1.2428536415100098,7624.2998046875,6.79396706793963,5.09,0.0413519359,4.319176,129.4
2023-06-08,1.2445859909057617,7599.7001953125,6.79396706793963,5.09,0.0413519359,4.319176,129.4
2023-06-09,1.2559500932693481,7562.39990234375,6.79396706793963,5.09,0.0413519359,4.319176,129.4
2023-06-10,1.2559500932693481,7562.39990234375,6.79396706793963,5.09,0.0413519359,4.319176,129.4
2023-06-11,1.2559500932693481,7562.39990234375,6.79396706793963,5.09,0.0413519359,4.319176,129.4
2023-06-12,1.25809907913208,7570.7001953125,6.79396706793963,5.09,0.0413519359,4.319176,129.4
2023-06-13,1.2515331506729126,7594.7998046875,6.79396706793963,5.09,0.0413519359,4.319176,129.4
2023-06-14,1.2606843709945679,7602.7001953125,6.79396706793963,5.09,0.0413519359,4.319176,129.4
2023-06-15,1.26708984375,7628.2998046875,6.79396706793963,5.09,0.0413519359,4.319176,129.4
2023-06-16,1.278576135635376,7642.7001953125,6.79396706793963,5.09,0.0413519359,4.319176,129.4
2023-06-17,1.278576135635376,7642.7001953125,6.79396706793963,5.09,0.0413519359,4.319176,129.4
2023-06-18,1.278576135635376,7642.7001953125,6.79396706793963,5.09,0.0413519359,4.319176,129.4
2023-06-19,1.2830382585525513,7588.5,6.79396706793963,5.09,0.0413519359,4.319176,129.4
2023-06-20,1.2794759273529053,7569.2998046875,6.79396706793963,5.09,0.0413519359,4.319176,129.4
2023-06-21,1.276535987854004,7559.2001953125,6.79396706793963,5.09,0.0413519359,4.319176,129.4
2023-06-22,1.2772045135498047,7502.0,6.79396706793963,5.09,0.0413519359,4.319176,129.4
2023-06-23,1.2747135162353516,7461.89990234375,6.79396706793963,5.09,0.0413519359,4.319176,129.4
2023-06-24,1.2747135162353516,7461.89990234375,6.79396706793963,5.09,0.0413519359,4.319176,129.4
2023-06-25,1.2747135162353516,7461.89990234375,6.79396706793963,5.09,0.0413519359,4.319176,129.4
2023-06-26,1.2729610204696655,7453.60009765625,6.79396706793963,5.09,0.0413519359,4.319176,129.4
2023-06-27,1.2711971998214722,7461.5,6.79396706793963,5.09,0.0413519359,4.319176,129.4
2023-06-28,1.2744698524475098,7500.5,6.79396706793963,5.09,0.0413519359,4.319176,129.4
2023-06-29,1.2642544507980347,7471.7001953125,6.79396706793963,5.09,0.0413519359,4.319176,129.4
2023-06-30,1.2614636421203613,7531.5,6.79396706793963,5.09,0.0413519359,4.319176,129.4
2023-07-01,1.2614636421203613,7531.5,6.79396706793963,5.49,-0.2395970335,4.225225,129.0
2023-07-02,1.2614636421203613,7531.5,6.79396706793963,5.49,-0.2395970335,4.225225,129.0
2023-07-03,1.2693254947662354,7527.2998046875,6.79396706793963,5.49,-0.2395970335,4.225225,129.0
2023-07-04,1.269293189048767,7519.7001953125,6.79396706793963,5.49,-0.2395970335,4.225225,129.0
2023-07-05,1.2717629671096802,7442.10009765625,6.79396706793963,5.49,-0.2395970335,4.225225,129.0
2023-07-06,1.2704542875289917,7280.5,6.79396706793963,5.49,-0.2395970335,4.225225,129.0
2023-07-07,1.2742749452590942,7256.89990234375,6.79396706793963,5.49,-0.2395970335,4.225225,129.0
2023-07-08,1.2742749452590942,7256.89990234375,6.79396706793963,5.49,-0.2395970335,4.225225,129.0
2023-07-09,1.2742749452590942,7256.89990234375,6.79396706793963,5.49,-0.2395970335,4.225225,129.0
2023-07-10,1.2838947772979736,7273.7998046875,6.79396706793963,5.49,-0.2395970335,4.225225,129.0
2023-07-11,1.2864713668823242,7282.5,6.79396706793963,5.49,-0.2395970335,4.225225,129.0
2023-07-12,1.2934770584106445,7416.10009765625,6.79396706793963,5.49,-0.2395970335,4.225225,129.0
2023-07-13,1.29962956905365,7440.2001953125,6.79396706793963,5.49,-0.2395970335,4.225225,129.0
2023-07-14,1.3128528594970703,7434.60009765625,6.79396706793963,5.49,-0.2395970335,4.225225,129.0
2023-07-15,1.3128528594970703,7434.60009765625,6.79396706793963,5.49,-0.2395970335,4.225225,129.0
2023-07-16,1.3128528594970703,7434.60009765625,6.79396706793963,5.49,-0.2395970335,4.225225,129.0
2023-07-17,1.3090204000473022,7406.39990234375,6.79396706793963,5.49,-0.2395970335,4.225225,129.0
2023-07-18,1.307172417640686,7453.7001953125,6.79396706793963,5.49,-0.2395970335,4.225225,129.0
2023-07-19,1.303508996963501,7588.2001953125,6.79396706793963,5.49,-0.2395970335,4.225225,129.0
2023-07-20,1.2939791679382324,7646.10009765625,6.79396706793963,5.49,-0.2395970335,4.225225,129.0
2023-07-21,1.2872332334518433,7663.7001953125,6.79396706793963,5.49,-0.2395970335,4.225225,129.0
2023-07-22,1.2872332334518433,7663.7001953125,6.79396706793963,5.49,-0.2395970335,4.225225,129.0
2023-07-23,1.2872332334518433,7663.7001953125,6.79396706793963,5.49,-0.2395970335,4.225225,129.0
2023-07-24,1.2853471040725708,7678.60009765625,6.79396706793963,5.49,-0.2395970335,4.225225,129.0
2023-07-25,1.281262755393982,7691.7998046875,6.79396706793963,5.49,-0.2395970335,4.225225,129.0
2023-07-26,1.2893908023834229,7676.89990234375,6.79396706793963,5.49,-0.2395970335,4.225225,129.0
2023-07-27,1.292724609375,7692.7998046875,6.79396706793963,5.49,-0.2395970335,4.225225,129.0
2023-07-28,1.2793776988983154,7694.2998046875,6.79396706793963,5.49,-0.2395970335,4.225225,129.0
2023-07-29,1.2793776988983154,7694.2998046875,6.79396706793963,5.49,-0.2395970335,4.225225,129.0
2023-07-30,1.2793776988983154,7694.2998046875,6.79396706793963,5.49,-0.2395970335,4.225225,129.0
2023-07-31,1.2853965759277344,7699.39990234375,6.79396706793963,5.49,-0.2395970335,4.225225,129.0
2023-08-01,1.283400535583496,7666.2998046875,6.79396706793963,5.53,-0.2395970335,4.225225,129.4
2023-08-02,1.2795741558074951,7561.60009765625,6.79396706793963,5.53,-0.2395970335,4.225225,129.4
2023-08-03,1.2720379829406738,7529.2001953125,6.79396706793963,5.53,-0.2395970335,4.225225,129.4
2023-08-04,1.2716336250305176,7564.39990234375,6.79396706793963,5.53,-0.2395970335,4.225225,129.4
2023-08-05,1.2716336250305176,7564.39990234375,6.79396706793963,5.53,-0.2395970335,4.225225,129.4
2023-08-06,1.2716336250305176,7564.39990234375,6.79396706793963,5.53,-0.2395970335,4.225225,129.4
2023-08-07,1.2747948169708252,7554.5,6.79396706793963,5.53,-0.2395970335,4.225225,129.4
2023-08-08,1.2782002687454224,7527.39990234375,6.79396706793963,5.53,-0.2395970335,4.225225,129.4
2023-08-09,1.2741613388061523,7587.2998046875,6.79396706793963,5.53,-0.2395970335,4.225225,129.4
2023-08-10,1.2720056772232056,7618.60009765625,6.79396706793963,5.53,-0.2395970335,4.225225,129.4
2023-08-11,1.2670094966888428,7524.2001953125,6.79396706793963,5.53,-0.2395970335,4.225225,129.4
2023-08-12,1.2670094966888428,7524.2001953125,6.79396706793963,5.53,-0.2395970335,4.225225,129.4
2023-08-13,1.2670094966888428,7524.2001953125,6.79396706793963,5.53,-0.2395970335,4.225225,129.4
2023-08-14,1.2695027589797974,7507.2001953125,6.79396706793963,5.53,-0.2395970335,4.225225,129.4
2023-08-15,1.2685203552246094,7389.60009765625,6.79396706793963,5.53,-0.2395970335,4.225225,129.4
2023-08-16,1.2701315879821777,7356.89990234375,6.79396706793963,5.53,-0.2395970335,4.225225,129.4
2023-08-17,1.2728151082992554,7310.2001953125,6.79396706793963,5.53,-0.2395970335,4.225225,129.4
2023-08-18,1.275022268295288,7262.39990234375,6.79396706793963,5.53,-0.2395970335,4.225225,129.4
2023-08-19,1.275022268295288,7262.39990234375,6.79396706793963,5.53,-0.2395970335,4.225225,129.4
2023-08-20,1.275022268295288,7262.39990234375,6.79396706793963,5.53,-0.2395970335,4.225225,129.4
2023-08-21,1.2741937637329102,7257.7998046875,6.79396706793963,5.53,-0.2395970335,4.225225,129.4
2023-08-22,1.2760798931121826,7270.7998046875,6.79396706793963,5.53,-0.2395970335,4.225225,129.4
2023-08-23,1.2731555700302124,7320.5,6.79396706793963,5.53,-0.2395970335,4.225225,129.4
2023-08-24,1.2720541954040527,7333.60009765625,6.79396706793963,5.53,-0.2395970335,4.225225,129.4
2023-08-25,1.2592872381210327,7338.60009765625,6.79396706793963,5.53,-0.2395970335,4.225225,129.4
2023-08-26,1.2592872381210327,7338.60009765625,6.79396706793963,5.53,-0.2395970335,4.225225,129.4
2023-08-27,1.2592872381210327,7338.60009765625,6.79396706793963,5.53,-0.2395970335,4.225225,129.4
2023-08-28,1.2589701414108276,7338.60009765625,6.79396706793963,5.53,-0.2395970335,4.225225,129.4
2023-08-29,1.2611136436462402,7465.0,6.79396706793963,5.53,-0.2395970335,4.225225,129.4
2023-08-30,1.2636793851852417,7473.7001953125,6.79396706793963,5.53,-0.2395970335,4.225225,129.4
2023-08-31,1.271179437637329,7439.10009765625,6.79396706793963,5.53,-0.2395970335,4.225225,129.4
2023-09-01,1.2672826051712036,7464.5,6.79396706793963,5.52,-0.2395970335,4.225225,130.1
2023-09-02,1.2672826051712036,7464.5,6.79396706793963,5.52,-0.2395970335,4.225225,130.1
2023-09-03,1.2672826051712036,7464.5,6.79396706793963,5.52,-0.2395970335,4.225225,130.1
2023-09-04,1.2591445446014404,7452.7998046875,6.79396706793963,5.52,-0.2395970335,4.225225,130.1
2023-09-05,1.2623074054718018,7437.89990234375,6.79396706793963,5.52,-0.2395970335,4.225225,130.1
2023-09-06,1.2570552825927734,7426.10009765625,6.79396706793963,5.52,-0.2395970335,4.225225,130.1
2023-09-07,1.2498750686645508,7441.7001953125,6.79396706793963,5.52,-0.2395970335,4.225225,130.1
2023-09-08,1.2475050687789917,7478.2001953125,6.79396706793963,5.52,-0.2395970335,4.225225,130.1
2023-09-09,1.2475050687789917,7478.2001953125,6.79396706793963,5.52,-0.2395970335,4.225225,130.1
2023-09-10,1.2475050687789917,7478.2001953125,6.79396706793963,5.52,-0.2395970335,4.225225,130.1
2023-09-11,1.2489992380142212,7496.89990234375,6.79396706793963,5.52,-0.2395970335,4.225225,130.1
2023-09-12,1.2508755922317505,7527.5,6.79396706793963,5.52,-0.2395970335,4.225225,130.1
2023-09-13,1.2491724491119385,7526.0,6.79396706793963,5.52,-0.2395970335,4.225225,130.1
2023-09-14,1.248953938484192,7673.10009765625,6.79396706793963,5.52,-0.2395970335,4.225225,130.1
2023-09-15,1.2401869297027588,7711.39990234375,6.79396706793963,5.52,-0.2395970335,4.225225,130.1
2023-09-16,1.2401869297027588,7711.39990234375,6.79396706793963,5.52,-0.2395970335,4.225225,130.1
2023-09-17,1.2401869297027588,7711.39990234375,6.79396706793963,5.52,-0.2395970335,4.225225,130.1
2023-09-18,1.2397565841674805,7652.89990234375,6.79396706793963,5.52,-0.2395970335,4.225225,130.1
2023-09-19,1.2383747100830078,7660.2001953125,6.79396706793963,5.52,-0.2395970335,4.225225,130.1
2023-09-20,1.2393569946289062,7731.7001953125,6.79396706793963,5.52,-0.2395970335,4.225225,130.1
2023-09-21,1.2328935861587524,7678.60009765625,6.79396706793963,5.52,-0.2395970335,4.225225,130.1
2023-09-22,1.2294225692749023,7683.89990234375,6.79396706793963,5.52,-0.2395970335,4.225225,130.1
2023-09-23,1.2294225692749023,7683.89990234375,6.79396706793963,5.52,-0.2395970335,4.225225,130.1
2023-09-24,1.2294225692749023,7683.89990234375,6.79396706793963,5.52,-0.2395970335,4.225225,130.1
2023-09-25,1.2241849899291992,7624.0,6.79396706793963,5.52,-0.2395970335,4.225225,130.1
2023-09-26,1.2213143110275269,7625.7001953125,6.79396706793963,5.52,-0.2395970335,4.225225,130.1
2023-09-27,1.2146830558776855,7593.2001953125,6.79396706793963,5.52,-0.2395970335,4.225225,130.1
2023-09-28,1.2135332822799683,7601.89990234375,6.79396706793963,5.52,-0.2395970335,4.225225,130.1
2023-09-29,1.2204796075820923,7608.10009765625,6.79396706793963,5.52,-0.2395970335,4.225225,130.1
2023-09-30,1.2204796075820923,7608.10009765625,6.79396706793963,5.52,-0.2395970335,4.225225,130.1
2023-10-01,1.2204796075820923,7608.10009765625,6.79396706793963,5.4,-0.3214415014,3.96947,130.2
2023-10-02,1.2193039655685425,7510.7001953125,6.79396706793963,5.4,-0.3214415014,3.96947,130.2
2023-10-03,1.209116816520691,7470.2001953125,6.79396706793963,5.4,-0.3214415014,3.96947,130.2
2023-10-04,1.2078461647033691,7412.5,6.79396706793963,5.4,-0.3214415014,3.96947,130.2
2023-10-05,1.2137395143508911,7451.5,6.79396706793963,5.4,-0.3214415014,3.96947,130.2
2023-10-06,1.2187690734863281,7494.60009765625,6.79396706793963,5.4,-0.3214415014,3.96947,130.2
2023-10-07,1.2187690734863281,7494.60009765625,6.79396706793963,5.4,-0.3214415014,3.96947,130.2
2023-10-08,1.2187690734863281,7494.60009765625,6.79396706793963,5.4,-0.3214415014,3.96947,130.2
2023-10-09,1.222090482711792,7492.2001953125,6.79396706793963,5.4,-0.3214415014,3.96947,130.2
2023-10-10,1.2250398397445679,7628.2001953125,6.79396706793963,5.4,-0.3214415014,3.96947,130.2
2023-10-11,1.229135513305664,7620.0,6.79396706793963,5.4,-0.3214415014,3.96947,130.2
2023-10-12,1.2316333055496216,7644.7998046875,6.79396706793963,5.4,-0.3214415014,3.96947,130.2
2023-10-13,1.2183235883712769,7599.60009765625,6.79396706793963,5.4,-0.3214415014,3.96947,130.2
2023-10-14,1.2183235883712769,7599.60009765625,6.79396706793963,5.4,-0.3214415014,3.96947,130.2
2023-10-15,1.2183235883712769,7599.60009765625,6.79396706793963,5.4,-0.3214415014,3.96947,130.2
2023-10-16,1.215376853942871,7630.60009765625,6.79396706793963,5.4,-0.3214415014,3.96947,130.2
2023-10-17,1.2211503982543945,7675.2001953125,6.79396706793963,5.4,-0.3214415014,3.96947,130.2
2023-10-18,1.2178784608840942,7588.0,6.79396706793963,5.4,-0.3214415014,3.96947,130.2
2023-10-19,1.214343786239624,7499.5,6.79396706793963,5.4,-0.3214415014,3.96947,130.2
2023-10-20,1.2137248516082764,7402.10009765625,6.79396706793963,5.4,-0.3214415014,3.96947,130.2
2023-10-21,1.2137248516082764,7402.10009765625,6.79396706793963,5.4,-0.3214415014,3.96947,130.2
2023-10-22,1.2137248516082764,7402.10009765625,6.79396706793963,5.4,-0.3214415014,3.96947,130.2
2023-10-23,1.2163970470428467,7374.7998046875,6.79396706793963,5.4,-0.3214415014,3.96947,130.2
2023-10-24,1.2250248193740845,7389.7001953125,6.79396706793963,5.4,-0.3214415014,3.96947,130.2
2023-10-25,1.216189980506897,7414.2998046875,6.79396706793963,5.4,-0.3214415014,3.96947,130.2
2023-10-26,1.210345983505249,7354.60009765625,6.79396706793963,5.4,-0.3214415014,3.96947,130.2
2023-10-27,1.213710069656372,7291.2998046875,6.79396706793963,5.4,-0.3214415014,3.96947,130.2
2023-10-28,1.213710069656372,7291.2998046875,6.79396706793963,5.4,-0.3214415014,3.96947,130.2
2023-10-29,1.213710069656372,7291.2998046875,6.79396706793963,5.4,-0.3214415014,3.96947,130.2
2023-10-30,1.2113723754882812,7327.39990234375,6.79396706793963,5.4,-0.3214415014,3.96947,130.2
2023-10-31,1.2165746688842773,7321.7001953125,6.79396706793963,5.4,-0.3214415014,3.96947,130.2
2023-11-01,1.215214490890503,7342.39990234375,6.79396706793963,5.36,-0.3214415014,3.96947,130.0
2023-11-02,1.2182197570800781,7446.5,6.79396706793963,5.36,-0.3214415014,3.96947,130.0
2023-11-03,1.2191851139068604,7417.7001953125,6.79396706793963,5.36,-0.3214415014,3.96947,130.0
2023-11-04,1.2191851139068604,7417.7001953125,6.79396706793963,5.36,-0.3214415014,3.96947,130.0
2023-11-05,1.2191851139068604,7417.7001953125,6.79396706793963,5.36,-0.3214415014,3.96947,130.0
2023-11-06,1.237378716468811,7417.7998046875,6.79396706793963,5.36,-0.3214415014,3.96947,130.0
2023-11-07,1.2345526218414307,7410.0,6.79396706793963,5.36,-0.3214415014,3.96947,130.0
2023-11-08,1.2291808128356934,7401.7001953125,6.79396706793963,5.36,-0.3214415014,3.96947,130.0
2023-11-09,1.2285012006759644,7455.7001953125,6.79396706793963,5.36,-0.3214415014,3.96947,130.0
2023-11-10,1.2217023372650146,7360.60009765625,6.79396706793963,5.36,-0.3214415014,3.96947,130.0
2023-11-11,1.2217023372650146,7360.60009765625,6.79396706793963,5.36,-0.3214415014,3.96947,130.0
2023-11-12,1.2217023372650146,7360.60009765625,6.79396706793963,5.36,-0.3214415014,3.96947,130.0
2023-11-13,1.2228227853775024,7425.7998046875,6.79396706793963,5.36,-0.3214415014,3.96947,130.0
2023-11-14,1.228063702583313,7440.5,6.79396706793963,5.36,-0.3214415014,3.96947,130.0
2023-11-15,1.2494533061981201,7486.89990234375,6.79396706793963,5.36,-0.3214415014,3.96947,130.0
2023-11-16,1.2422360181808472,7411.0,6.79396706793963,5.36,-0.3214415014,3.96947,130.0
2023-11-17,1.2414957284927368,7504.2998046875,6.79396706793963,5.36,-0.3214415014,3.96947,130.0
2023-11-18,1.2414957284927368,7504.2998046875,6.79396706793963,5.36,-0.3214415014,3.96947,130.0
2023-11-19,1.2414957284927368,7504.2998046875,6.79396706793963,5.36,-0.3214415014,3.96947,130.0
2023-11-20,1.2454540729522705,7496.39990234375,6.79396706793963,5.36,-0.3214415014,3.96947,130.0
2023-11-21,1.2509069442749023,7482.0,6.79396706793963,5.36,-0.3214415014,3.96947,130.0
2023-11-22,1.2544218301773071,7469.5,6.79396706793963,5.36,-0.3214415014,3.96947,130.0
2023-11-23,1.2490007877349854,7483.60009765625,6.79396706793963,5.36,-0.3214415014,3.96947,130.0
2023-11-24,1.2533526420593262,7488.2001953125,6.79396706793963,5.36,-0.3214415014,3.96947,130.0
2023-11-25,1.2533526420593262,7488.2001953125,6.79396706793963,5.36,-0.3214415014,3.96947,130.0
2023-11-26,1.2533526420593262,7488.2001953125,6.79396706793963,5.36,-0.3214415014,3.96947,130.0
2023-11-27,1.2600330114364624,7460.7001953125,6.79396706793963,5.36,-0.3214415014,3.96947,130.0
2023-11-28,1.2634397745132446,7455.2001953125,6.79396706793963,5.36,-0.3214415014,3.96947,130.0
2023-11-29,1.2712295055389404,7423.5,6.79396706793963,5.36,-0.3214415014,3.96947,130.0
2023-11-30,1.2696397304534912,7453.7998046875,6.79396706793963,5.36,-0.3214415014,3.96947,130.0
2023-12-01,1.2631685733795166,7529.39990234375,6.79396706793963,5.22,-0.3214415014,3.96947,130.5
2023-12-02,1.2631685733795166,7529.39990234375,6.79396706793963,5.22,-0.3214415014,3.96947,130.5
2023-12-03,1.2631685733795166,7529.39990234375,6.79396706793963,5.22,-0.3214415014,3.96947,130.5
2023-12-04,1.2713103294372559,7513.0,6.79396706793963,5.22,-0.3214415014,3.96947,130.5
2023-12-05,1.2634079456329346,7489.7998046875,6.79396706793963,5.22,-0.3214415014,3.96947,130.5
2023-12-06,1.2594457864761353,7515.39990234375,6.79396706793963,5.22,-0.3214415014,3.96947,130.5
2023-12-07,1.2558711767196655,7513.7001953125,6.79396706793963,5.22,-0.3214415014,3.96947,130.5
2023-12-08,1.258954405784607,7554.5,6.79396706793963,5.22,-0.3214415014,3.96947,130.5
2023-12-09,1.258954405784607,7554.5,6.79396706793963,5.22,-0.3214415014,3.96947,130.5
2023-12-10,1.258954405784607,7554.5,6.79396706793963,5.22,-0.3214415014,3.96947,130.5
2023-12-11,1.2554770708084106,7544.89990234375,6.79396706793963,5.22,-0.3214415014,3.96947,130.5
2023-12-12,1.2554612159729004,7542.7998046875,6.79396706793963,5.22,-0.3214415014,3.96947,130.5
2023-12-13,1.2570710182189941,7548.39990234375,6.79396706793963,5.22,-0.3214415014,3.96947,130.5
2023-12-14,1.2622915506362915,7649.0,6.79396706793963,5.22,-0.3214415014,3.96947,130.5
2023-12-15,1.2771391868591309,7576.39990234375,6.79396706793963,5.22,-0.3214415014,3.96947,130.5
2023-12-16,1.2771391868591309,7576.39990234375,6.79396706793963,5.22,-0.3214415014,3.96947,130.5
2023-12-17,1.2771391868591309,7576.39990234375,6.79396706793963,5.22,-0.3214415014,3.96947,130.5
2023-12-18,1.2672343254089355,7614.5,6.79396706793963,5.22,-0.3214415014,3.96947,130.5
2023-12-19,1.2651821374893188,7638.0,6.79396706793963,5.22,-0.3214415014,3.96947,130.5
2023-12-20,1.2732689380645752,7715.7001953125,6.79396706793963,5.22,-0.3214415014,3.96947,130.5
2023-12-21,1.2641266584396362,7694.7001953125,6.79396706793963,5.22,-0.3214415014,3.96947,130.5
2023-12-22,1.268499493598938,7697.5,6.79396706793963,5.22,-0.3214415014,3.96947,130.5
2023-12-23,1.268499493598938,7697.5,6.79396706793963,5.22,-0.3214415014,3.96947,130.5
2023-12-24,1.268499493598938,7697.5,6.79396706793963,5.22,-0.3214415014,3.96947,130.5
2023-12-25,1.2677003145217896,7697.5,6.79396706793963,5.22,-0.3214415014,3.96947,130.5
2023-12-26,1.27048659324646,7697.5,6.79396706793963,5.22,-0.3214415014,3.96947,130.5
2023-12-27,1.272718071937561,7725.0,6.79396706793963,5.22,-0.3214415014,3.96947,130.5
2023-12-28,1.2800819873809814,7722.7001953125,6.79396706793963,5.22,-0.3214415014,3.96947,130.5
2023-12-29,1.2733986377716064,7733.2001953125,6.79396706793963,5.22,-0.3214415014,3.96947,130.5
2023-12-30,1.2733986377716064,7733.2001953125,6.79396706793963,5.22,-0.3214415014,3.96947,130.5
2023-12-31,1.2733986377716064,7733.2001953125,6.79396706793963,5.22,-0.3214415014,3.96947,130.5
2024-01-01,1.272999882698059,7733.2001953125,3.2715729463592,5.2,0.7695134983,4.410001,130.0
2024-01-02,1.2728800773620605,7721.5,3.2715729463592,5.2,0.7695134983,4.410001,130.0
2024-01-03,1.2623074054718018,7682.2998046875,3.2715729463592,5.2,0.7695134983,4.410001,130.0
2024-01-04,1.2674272060394287,7723.10009765625,3.2715729463592,5.2,0.7695134983,4.410001,130.0
2024-01-05,1.2684078216552734,7689.60009765625,3.2715729463592,5.2,0.7695134983,4.410001,130.0
2024-01-06,1.2684078216552734,7689.60009765625,3.2715729463592,5.2,0.7695134983,4.410001,130.0
2024-01-07,1.2684078216552734,7689.60009765625,3.2715729463592,5.2,0.7695134983,4.410001,130.0
2024-01-08,1.271779179573059,7694.2001953125,3.2715729463592,5.2,0.7695134983,4.410001,130.0
2024-01-09,1.274518609046936,7684.0,3.2715729463592,5.2,0.7695134983,4.410001,130.0
2024-01-10,1.2712942361831665,7651.7998046875,3.2715729463592,5.2,0.7695134983,4.410001,130.0
2024-01-11,1.274518609046936,7576.60009765625,3.2715729463592,5.2,0.7695134983,4.410001,130.0
2024-01-12,1.2777756452560425,7624.89990234375,3.2715729463592,5.2,0.7695134983,4.410001,130.0
2024-01-13,1.2777756452560425,7624.89990234375,3.2715729463592,5.2,0.7695134983,4.410001,130.0
2024-01-14,1.2777756452560425,7624.89990234375,3.2715729463592,5.2,0.7695134983,4.410001,130.0
2024-01-15,1.273658275604248,7594.89990234375,3.2715729463592,5.2,0.7695134983,4.410001,130.0
2024-01-16,1.2716174125671387,7558.2998046875,3.2715729463592,5.2,0.7695134983,4.410001,130.0
2024-01-17,1.26385498046875,7446.2998046875,3.2715729463592,5.2,0.7695134983,4.410001,130.0
2024-01-18,1.2676842212677002,7459.10009765625,3.2715729463592,5.2,0.7695134983,4.410001,130.0
2024-01-19,1.2709871530532837,7461.89990234375,3.2715729463592,5.2,0.7695134983,4.410001,130.0
2024-01-20,1.2709871530532837,7461.89990234375,3.2715729463592,5.2,0.7695134983,4.410001,130.0
2024-01-21,1.2709871530532837,7461.89990234375,3.2715729463592,5.2,0.7695134983,4.410001,130.0
2024-01-22,1.2699863910675049,7487.7001953125,3.2715729463592,5.2,0.7695134983,4.410001,130.0
2024-01-23,1.2706964015960693,7485.7001953125,3.2715729463592,5.2,0.7695134983,4.410001,130.0
2024-01-24,1.269196629524231,7527.7001953125,3.2715729463592,5.2,0.7695134983,4.410001,130.0
2024-01-25,1.271876335144043,7529.7001953125,3.2715729463592,5.2,0.7695134983,4.410001,130.0
2024-01-26,1.270825743675232,7635.10009765625,3.2715729463592,5.2,0.7695134983,4.410001,130.0
2024-01-27,1.270825743675232,7635.10009765625,3.2715729463592,5.2,0.7695134983,4.410001,130.0
2024-01-28,1.270825743675232,7635.10009765625,3.2715729463592,5.2,0.7695134983,4.410001,130.0
2024-01-29,1.2697607278823853,7632.7001953125,3.2715729463592,5.2,0.7695134983,4.410001,130.0
2024-01-30,1.2713264226913452,7666.2998046875,3.2715729463592,5.2,0.7695134983,4.410001,130.0
2024-01-31,1.269551157951355,7630.60009765625,3.2715729463592,5.2,0.7695134983,4.410001,130.0
2024-02-01,1.2678449153900146,7622.2001953125,3.2715729463592,5.21,0.7695134983,4.410001,130.8
2024-02-02,1.27472984790802,7615.5,3.2715729463592,5.21,0.7695134983,4.410001,130.8
2024-02-03,1.27472984790802,7615.5,3.2715729463592,5.21,0.7695134983,4.410001,130.8
2024-02-04,1.27472984790802,7615.5,3.2715729463592,5.21,0.7695134983,4.410001,130.8
2024-02-05,1.2621959447860718,7612.89990234375,3.2715729463592,5.21,0.7695134983,4.410001,130.8
2024-02-06,1.2534469366073608,7681.0,3.2715729463592,5.21,0.7695134983,4.410001,130.8
2024-02-07,1.2606525421142578,7628.7998046875,3.2715729463592,5.21,0.7695134983,4.410001,130.8
2024-02-08,1.2627378702163696,7595.5,3.2715729463592,5.21,0.7695134983,4.410001,130.8
2024-02-09,1.2620525360107422,7572.60009765625,3.2715729463592,5.21,0.7695134983,4.410001,130.8
2024-02-10,1.2620525360107422,7572.60009765625,3.2715729463592,5.21,0.7695134983,4.410001,130.8
2024-02-11,1.2620525360107422,7572.60009765625,3.2715729463592,5.21,0.7695134983,4.410001,130.8
2024-02-12,1.2637271881103516,7573.7001953125,3.2715729463592,5.21,0.7695134983,4.410001,130.8
2024-02-13,1.2627538442611694,7512.2998046875,3.2715729463592,5.21,0.7695134983,4.410001,130.8
2024-02-14,1.2590652704238892,7568.39990234375,3.2715729463592,5.21,0.7695134983,4.410001,130.8
2024-02-15,1.2568340301513672,7597.5,3.2715729463592,5.21,0.7695134983,4.410001,130.8
2024-02-16,1.259921908378601,7711.7001953125,3.2715729463592,5.21,0.7695134983,4.410001,130.8
2024-02-17,1.259921908378601,7711.7001953125,3.2715729463592,5.21,0.7695134983,4.410001,130.8
2024-02-18,1.259921908378601,7711.7001953125,3.2715729463592,5.21,0.7695134983,4.410001,130.8
2024-02-19,1.2611136436462402,7728.5,3.2715729463592,5.21,0.7695134983,4.410001,130.8
2024-02-20,1.2587641477584839,7719.2001953125,3.2715729463592,5.21,0.7695134983,4.410001,130.8
2024-02-21,1.2627378702163696,7662.5,3.2715729463592,5.21,0.7695134983,4.410001,130.8
2024-02-22,1.2638070583343506,7684.5,3.2715729463592,5.21,0.7695134983,4.410001,130.8
2024-02-23,1.266367793083191,7706.2998046875,3.2715729463592,5.21,0.7695134983,4.410001,130.8
2024-02-24,1.266367793083191,7706.2998046875,3.2715729463592,5.21,0.7695134983,4.410001,130.8
2024-02-25,1.266367793083191,7706.2998046875,3.2715729463592,5.21,0.7695134983,4.410001,130.8
2024-02-26,1.2672665119171143,7684.2998046875,3.2715729463592,5.21,0.7695134983,4.410001,130.8
2024-02-27,1.268455982208252,7683.0,3.2715729463592,5.21,0.7695134983,4.410001,130.8
2024-02-28,1.268166422843933,7625.0,3.2715729463592,5.21,0.7695134983,4.410001,130.8
2024-02-29,1.2663036584854126,7630.0,3.2715729463592,5.21,0.7695134983,4.410001,130.8
2024-03-01,1.2625465393066406,7682.5,3.2715729463592,5.2,0.7695134983,4.410001,131.6
2024-03-02,1.2625465393066406,7682.5,3.2715729463592,5.2,0.7695134983,4.410001,131.6
2024-03-03,1.2625465393066406,7682.5,3.2715729463592,5.2,0.7695134983,4.410001,131.6
2024-03-04,1.26603102684021,7640.2998046875,3.2715729463592,5.2,0.7695134983,4.410001,131.6
2024-03-05,1.269196629524231,7646.2001953125,3.2715729463592,5.2,0.7695134983,4.410001,131.6
2024-03-06,1.27048659324646,7679.2998046875,3.2715729463592,5.2,0.7695134983,4.410001,131.6
2024-03-07,1.2735446691513062,7692.5,3.2715729463592,5.2,0.7695134983,4.410001,131.6
2024-03-08,1.2815583944320679,7659.7001953125,3.2715729463592,5.2,0.7695134983,4.410001,131.6
2024-03-09,1.2815583944320679,7659.7001953125,3.2715729463592,5.2,0.7695134983,4.410001,131.6
2024-03-10,1.2815583944320679,7659.7001953125,3.2715729463592,5.2,0.7695134983,4.410001,131.6
2024-03-11,1.2855123281478882,7669.2001953125,3.2715729463592,5.2,0.7695134983,4.410001,131.6
2024-03-12,1.2819806337356567,7747.7998046875,3.2715729463592,5.2,0.7695134983,4.410001,131.6
2024-03-13,1.2795906066894531,7772.2001953125,3.2715729463592,5.2,0.7695134983,4.410001,131.6
2024-03-14,1.2802129983901978,7743.2001953125,3.2715729463592,5.2,0.7695134983,4.410001,131.6
2024-03-15,1.2745835781097412,7727.39990234375,3.2715729463592,5.2,0.7695134983,4.410001,131.6
2024-03-16,1.2745835781097412,7727.39990234375,3.2715729463592,5.2,0.7695134983,4.410001,131.6
2024-03-17,1.2745835781097412,7727.39990234375,3.2715729463592,5.2,0.7695134983,4.410001,131.6
2024-03-18,1.2731393575668335,7722.60009765625,3.2715729463592,5.2,0.7695134983,4.410001,131.6
2024-03-19,1.272718071937561,7738.2998046875,3.2715729463592,5.2,0.7695134983,4.410001,131.6
2024-03-20,1.2719409465789795,7737.39990234375,3.2715729463592,5.2,0.7695134983,4.410001,131.6
2024-03-21,1.2798361778259277,7882.60009765625,3.2715729463592,5.2,0.7695134983,4.410001,131.6
2024-03-22,1.2661913633346558,7930.89990234375,3.2715729463592,5.2,0.7695134983,4.410001,131.6
2024-03-23,1.2661913633346558,7930.89990234375,3.2715729463592,5.2,0.7695134983,4.410001,131.6
2024-03-24,1.2661913633346558,7930.89990234375,3.2715729463592,5.2,0.7695134983,4.410001,131.6
2024-03-25,1.25979483127594,7917.60009765625,3.2715729463592,5.2,0.7695134983,4.410001,131.6
2024-03-26,1.2637910842895508,7931.0,3.2715729463592,5.2,0.7695134983,4.410001,131.6
2024-03-27,1.2628495693206787,7932.0,3.2715729463592,5.2,0.7695134983,4.410001,131.6
2024-03-28,1.261670470237732,7952.60009765625,3.2715729463592,5.2,0.7695134983,4.410001,131.6
2024-03-29,1.26262629032135,7952.60009765625,3.2715729463592,5.2,0.7695134983,4.410001,131.6
2024-03-30,1.26262629032135,7952.60009765625,3.2715729463592,5.2,0.7695134983,4.410001,131.6
2024-03-31,1.26262629032135,7952.60009765625,3.2715729463592,5.2,0.7695134983,4.410001,131.6
2024-04-01,1.2637271881103516,7952.60009765625,3.2715729463592,5.18,0.6138334742,4.283577,132.2
2024-04-02,1.2545477151870728,7935.10009765625,3.2715729463592,5.18,0.6138334742,4.283577,132.2
2024-04-03,1.2576876878738403,7937.39990234375,3.2715729463592,5.18,0.6138334742,4.283577,132.2
2024-04-04,1.2651821374893188,7975.89990234375,3.2715729463592,5.18,0.6138334742,4.283577,132.2
2024-04-05,1.26401948928833,7911.2001953125,3.2715729463592,5.18,0.6138334742,4.283577,132.2
2024-04-06,1.26401948928833,7911.2001953125,3.2715729463592,5.18,0.6138334742,4.283577,132.2
2024-04-07,1.26401948928833,7911.2001953125,3.2715729463592,5.18,0.6138334742,4.283577,132.2
2024-04-08,1.2625305652618408,7943.5,3.2715729463592,5.18,0.6138334742,4.283577,132.2
2024-04-09,1.2658709287643433,7934.7998046875,3.2715729463592,5.18,0.6138334742,4.283577,132.2
2024-04-10,1.2677645683288574,7961.2001953125,3.2715729463592,5.18,0.6138334742,4.283577,132.2
2024-04-11,1.2537612915039062,7923.7998046875,3.2715729463592,5.18,0.6138334742,4.283577,132.2
2024-04-12,1.2554770708084106,7995.60009765625,3.2715729463592,5.18,0.6138334742,4.283577,132.2
2024-04-13,1.2554770708084106,7995.60009765625,3.2715729463592,5.18,0.6138334742,4.283577,132.2
2024-04-14,1.2554770708084106,7995.60009765625,3.2715729463592,5.18,0.6138334742,4.283577,132.2
2024-04-15,1.2461835145950317,7965.5,3.2715729463592,5.18,0.6138334742,4.283577,132.2
2024-04-16,1.2447409629821777,7820.39990234375,3.2715729463592,5.18,0.6138334742,4.283577,132.2
2024-04-17,1.2431007623672485,7848.0,3.2715729463592,5.18,0.6138334742,4.283577,132.2
2024-04-18,1.2453765869140625,7877.10009765625,3.2715729463592,5.18,0.6138334742,4.283577,132.2
2024-04-19,1.2437657117843628,7895.89990234375,3.2715729463592,5.18,0.6138334742,4.283577,132.2
2024-04-20,1.2437657117843628,7895.89990234375,3.2715729463592,5.18,0.6138334742,4.283577,132.2
2024-04-21,1.2437657117843628,7895.89990234375,3.2715729463592,5.18,0.6138334742,4.283577,132.2
2024-04-22,1.2375777959823608,8023.89990234375,3.2715729463592,5.18,0.6138334742,4.283577,132.2
2024-04-23,1.2350252866744995,8044.7998046875,3.2715729463592,5.18,0.6138334742,4.283577,132.2
2024-04-24,1.2453300952911377,8040.39990234375,3.2715729463592,5.18,0.6138334742,4.283577,132.2
2024-04-25,1.2459505796432495,8078.89990234375,3.2715729463592,5.18,0.6138334742,4.283577,132.2
2024-04-26,1.2509069442749023,8139.7998046875,3.2715729463592,5.18,0.6138334742,4.283577,132.2
2024-04-27,1.2509069442749023,8139.7998046875,3.2715729463592,5.18,0.6138334742,4.283577,132.2
2024-04-28,1.2509069442749023,8139.7998046875,3.2715729463592,5.18,0.6138334742,4.283577,132.2
2024-04-29,1.2510477304458618,8147.0,3.2715729463592,5.18,0.6138334742,4.283577,132.2
2024-04-30,1.2559815645217896,8144.10009765625,3.2715729463592,5.18,0.6138334742,4.283577,132.2
2024-05-01,1.2490164041519165,8121.2001953125,3.2715729463592,5.16,0.6138334742,4.283577,132.7
2024-05-02,1.2539342641830444,8172.2001953125,3.2715729463592,5.16,0.6138334742,4.283577,132.7
2024-05-03,1.2540600299835205,8213.5,3.2715729463592,5.16,0.6138334742,4.283577,132.7
2024-05-04,1.2540600299835205,8213.5,3.2715729463592,5.16,0.6138334742,4.283577,132.7
2024-05-05,1.2540600299835205,8213.5,3.2715729463592,5.16,0.6138334742,4.283577,132.7
2024-05-06,1.2541072368621826,8213.5,3.2715729463592,5.16,0.6138334742,4.283577,132.7
2024-05-07,1.2559815645217896,8313.7001953125,3.2715729463592,5.16,0.6138334742,4.283577,132.7
2024-05-08,1.25014066696167,8354.099609375,3.2715729463592,5.16,0.6138334742,4.283577,132.7
2024-05-09,1.2493284940719604,8381.400390625,3.2715729463592,5.16,0.6138334742,4.283577,132.7
2024-05-10,1.2525677680969238,8433.7998046875,3.2715729463592,5.16,0.6138334742,4.283577,132.7
2024-05-11,1.2525677680969238,8433.7998046875,3.2715729463592,5.16,0.6138334742,4.283577,132.7
2024-05-12,1.2525677680969238,8433.7998046875,3.2715729463592,5.16,0.6138334742,4.283577,132.7
2024-05-13,1.2522854804992676,8415.0,3.2715729463592,5.16,0.6138334742,4.283577,132.7
2024-05-14,1.2561867237091064,8428.099609375,3.2715729463592,5.16,0.6138334742,4.283577,132.7
2024-05-15,1.2585265636444092,8445.7998046875,3.2715729463592,5.16,0.6138334742,4.283577,132.7
2024-05-16,1.2690032720565796,8438.7001953125,3.2715729463592,5.16,0.6138334742,4.283577,132.7
2024-05-17,1.2672007083892822,8420.2998046875,3.2715729463592,5.16,0.6138334742,4.283577,132.7
2024-05-18,1.2672007083892822,8420.2998046875,3.2715729463592,5.16,0.6138334742,4.283577,132.7
2024-05-19,1.2672007083892822,8420.2998046875,3.2715729463592,5.16,0.6138334742,4.283577,132.7
2024-05-20,1.2706480026245117,8424.2001953125,3.2715729463592,5.16,0.6138334742,4.283577,132.7
2024-05-21,1.2710840702056885,8416.5,3.2715729463592,5.16,0.6138334742,4.283577,132.7
2024-05-22,1.2711325883865356,8370.2998046875,3.2715729463592,5.16,0.6138334742,4.283577,132.7
2024-05-23,1.2721028327941895,8339.2001953125,3.2715729463592,5.16,0.6138334742,4.283577,132.7
2024-05-24,1.2694060802459717,8317.599609375,3.2715729463592,5.16,0.6138334742,4.283577,132.7
2024-05-25,1.2694060802459717,8317.599609375,3.2715729463592,5.16,0.6138334742,4.283577,132.7
2024-05-26,1.2694060802459717,8317.599609375,3.2715729463592,5.16,0.6138334742,4.283577,132.7
2024-05-27,1.2736095190048218,8317.599609375,3.2715729463592,5.16,0.6138334742,4.283577,132.7
2024-05-28,1.2772371768951416,8254.2001953125,3.2715729463592,5.16,0.6138334742,4.283577,132.7
2024-05-29,1.275835633277893,8183.10009765625,3.2715729463592,5.16,0.6138334742,4.283577,132.7
2024-05-30,1.2697993516921997,8231.099609375,3.2715729463592,5.16,0.6138334742,4.283577,132.7
2024-05-31,1.27304208278656,8275.400390625,3.2715729463592,5.16,0.6138334742,4.283577,132.7
2024-06-01,1.27304208278656,8275.400390625,3.2715729463592,5.16,0.6138334742,4.283577,133.0
2024-06-02,1.27304208278656,8275.400390625,3.2715729463592,5.16,0.6138334742,4.283577,133.0
2024-06-03,1.2743724584579468,8262.7998046875,3.2715729463592,5.16,0.6138334742,4.283577,133.0
2024-06-04,1.2810165882110596,8232.0,3.2715729463592,5.16,0.6138334742,4.283577,133.0
2024-06-05,1.2773023843765259,8247.0,3.2715729463592,5.16,0.6138334742,4.283577,133.0
2024-06-06,1.2794759273529053,8285.2998046875,3.2715729463592,5.16,0.6138334742,4.283577,133.0
2024-06-07,1.2793285846710205,8245.400390625,3.2715729463592,5.16,0.6138334742,4.283577,133.0
2024-06-08,1.2793285846710205,8245.400390625,3.2715729463592,5.16,0.6138334742,4.283577,133.0
2024-06-09,1.2793285846710205,8245.400390625,3.2715729463592,5.16,0.6138334742,4.283577,133.0
2024-06-10,1.2729448080062866,8228.5,3.2715729463592,5.16,0.6138334742,4.283577,133.0
2024-06-11,1.2726370096206665,8147.7998046875,3.2715729463592,5.16,0.6138334742,4.283577,133.0
2024-06-12,1.274047613143921,8215.5,3.2715729463592,5.16,0.6138334742,4.283577,133.0
2024-06-13,1.27962327003479,8163.7001953125,3.2715729463592,5.16,0.6138334742,4.283577,133.0
2024-06-14,1.2755101919174194,8146.89990234375,3.2715729463592,5.16,0.6138334742,4.283577,133.0
2024-06-15,1.2755101919174194,8146.89990234375,3.2715729463592,5.16,0.6138334742,4.283577,133.0
2024-06-16,1.2755101919174194,8146.89990234375,3.2715729463592,5.16,0.6138334742,4.283577,133.0
2024-06-17,1.2683112621307373,8142.2001953125,3.2715729463592,5.16,0.6138334742,4.283577,133.0
2024-06-18,1.2715997695922852,8191.2998046875,3.2715729463592,5.16,0.6138334742,4.283577,133.0
2024-06-19,1.2707449197769165,8205.099609375,3.2715729463592,5.16,0.6138334742,4.283577,133.0
2024-06-20,1.2721998691558838,8272.5,3.2715729463592,5.16,0.6138334742,4.283577,133.0
2024-06-21,1.2660471200942993,8237.7001953125,3.2715729463592,5.16,0.6138334742,4.283577,133.0
2024-06-22,1.2660471200942993,8237.7001953125,3.2715729463592,5.16,0.6138334742,4.283577,133.0
2024-06-23,1.2660471200942993,8237.7001953125,3.2715729463592,5.16,0.6138334742,4.283577,133.0
2024-06-24,1.2639029026031494,8281.599609375,3.2715729463592,5.16,0.6138334742,4.283577,133.0
2024-06-25,1.268343448638916,8247.7998046875,3.2715729463592,5.16,0.6138334742,4.283577,133.0
2024-06-26,1.268399715423584,8225.2998046875,3.2715729463592,5.16,0.6138334742,4.283577,133.0
2024-06-27,1.262179970741272,8179.7001953125,3.2715729463592,5.16,0.6138334742,4.283577,133.0
2024-06-28,1.2645741701126099,8164.10009765625,3.2715729463592,5.16,0.6138334742,4.283577,133.0
2024-06-29,1.2645741701126099,8164.10009765625,3.2715729463592,5.16,0.6138334742,4.283577,133.0
2024-06-30,1.2645741701126099,8164.10009765625,3.2715729463592,5.16,0.6138334742,4.283577,133.0
2024-07-01,1.2648621797561646,8166.7998046875,3.2715729463592,5.09,0.2311747826,4.362794,132.9
2024-07-02,1.2645741701126099,8121.2001953125,3.2715729463592,5.09,0.2311747826,4.362794,132.9
2024-07-03,1.2690355777740479,8171.10009765625,3.2715729463592,5.09,0.2311747826,4.362794,132.9
2024-07-04,1.2747784852981567,8241.2998046875,3.2715729463592,5.09,0.2311747826,4.362794,132.9
2024-07-05,1.2755752801895142,8203.900390625,3.2715729463592,5.09,0.2311747826,4.362794,132.9
2024-07-06,1.2755752801895142,8203.900390625,3.2715729463592,5.09,0.2311747826,4.362794,132.9
2024-07-07,1.2755752801895142,8203.900390625,3.2715729463592,5.09,0.2311747826,4.362794,132.9
2024-07-08,1.2806508541107178,8193.5,3.2715729463592,5.09,0.2311747826,4.362794,132.9
2024-07-09,1.2815583944320679,8139.7998046875,3.2715729463592,5.09,0.2311747826,4.362794,132.9
2024-07-10,1.2787723541259766,8193.5,3.2715729463592,5.09,0.2311747826,4.362794,132.9
2024-07-11,1.285264492034912,8223.2998046875,3.2715729463592,5.09,0.2311747826,4.362794,132.9
2024-07-12,1.292373776435852,8252.900390625,3.2715729463592,5.09,0.2311747826,4.362794,132.9
2024-07-13,1.292373776435852,8252.900390625,3.2715729463592,5.09,0.2311747826,4.362794,132.9
2024-07-14,1.292373776435852,8252.900390625,3.2715729463592,5.09,0.2311747826,4.362794,132.9
2024-07-15,1.2966804504394531,8183.0,3.2715729463592,5.09,0.2311747826,4.362794,132.9
2024-07-16,1.2970000505447388,8164.89990234375,3.2715729463592,5.09,0.2311747826,4.362794,132.9
2024-07-17,1.29776930809021,8187.5,3.2715729463592,5.09,0.2311747826,4.362794,132.9
2024-07-18,1.3007453680038452,8204.900390625,3.2715729463592,5.09,0.2311747826,4.362794,132.9
2024-07-19,1.2951691150665283,8155.7001953125,3.2715729463592,5.09,0.2311747826,4.362794,132.9
2024-07-20,1.2951691150665283,8155.7001953125,3.2715729463592,5.09,0.2311747826,4.362794,132.9
2024-07-21,1.2951691150665283,8155.7001953125,3.2715729463592,5.09,0.2311747826,4.362794,132.9
2024-07-22,1.2933096885681152,8198.7998046875,3.2715729463592,5.09,0.2311747826,4.362794,132.9
2024-07-23,1.2932428121566772,8167.39990234375,3.2715729463592,5.09,0.2311747826,4.362794,132.9
2024-07-24,1.2901561260223389,8153.7001953125,3.2715729463592,5.09,0.2311747826,4.362794,132.9
2024-07-25,1.289989709854126,8186.39990234375,3.2715729463592,5.09,0.2311747826,4.362794,132.9
2024-07-26,1.2856775522232056,8285.7001953125,3.2715729463592,5.09,0.2311747826,4.362794,132.9
2024-07-27,1.2856775522232056,8285.7001953125,3.2715729463592,5.09,0.2311747826,4.362794,132.9
2024-07-28,1.2856775522232056,8285.7001953125,3.2715729463592,5.09,0.2311747826,4.362794,132.9
2024-07-29,1.2868356704711914,8292.400390625,3.2715729463592,5.09,0.2311747826,4.362794,132.9
2024-07-30,1.286041259765625,8274.400390625,3.2715729463592,5.09,0.2311747826,4.362794,132.9
2024-07-31,1.2836971282958984,8368.0,3.2715729463592,5.09,0.2311747826,4.362794,132.9
2024-08-01,1.2853139638900757,8283.400390625,3.2715729463592,4.91,0.2311747826,4.362794,133.4
2024-08-02,1.27289617061615,8174.7001953125,3.2715729463592,4.91,0.2311747826,4.362794,133.4
2024-08-03,1.27289617061615,8174.7001953125,3.2715729463592,4.91,0.2311747826,4.362794,133.4
2024-08-04,1.27289617061615,8174.7001953125,3.2715729463592,4.91,0.2311747826,4.362794,133.4
2024-08-05,1.278788685798645,8008.2001953125,3.2715729463592,4.91,0.2311747826,4.362794,133.4
2024-08-06,1.2788705825805664,8026.7001953125,3.2715729463592,4.91,0.2311747826,4.362794,133.4
2024-08-07,1.2684721946716309,8166.89990234375,3.2715729463592,4.91,0.2311747826,4.362794,133.4
2024-08-08,1.2680377960205078,8145.0,3.2715729463592,4.91,0.2311747826,4.362794,133.4
2024-08-09,1.2747459411621094,8168.10009765625,3.2715729463592,4.91,0.2311747826,4.362794,133.4
2024-08-10,1.2747459411621094,8168.10009765625,3.2715729463592,4.91,0.2311747826,4.362794,133.4
2024-08-11,1.2747459411621094,8168.10009765625,3.2715729463592,4.91,0.2311747826,4.362794,133.4
2024-08-12,1.2750385999679565,8210.2998046875,3.2715729463592,4.91,0.2311747826,4.362794,133.4
2024-08-13,1.2771228551864624,8235.2001953125,3.2715729463592,4.91,0.2311747826,4.362794,133.4
2024-08-14,1.2866700887680054,8281.099609375,3.2715729463592,4.91,0.2311747826,4.362794,133.4
2024-08-15,1.2828736305236816,8347.400390625,3.2715729463592,4.91,0.2311747826,4.362794,133.4
2024-08-16,1.2859420776367188,8311.400390625,3.2715729463592,4.91,0.2311747826,4.362794,133.4
2024-08-17,1.2859420776367188,8311.400390625,3.2715729463592,4.91,0.2311747826,4.362794,133.4
2024-08-18,1.2859420776367188,8311.400390625,3.2715729463592,4.91,0.2311747826,4.362794,133.4
2024-08-19,1.294716238975525,8356.900390625,3.2715729463592,4.91,0.2311747826,4.362794,133.4
2024-08-20,1.2990386486053467,8273.2998046875,3.2715729463592,4.91,0.2311747826,4.362794,133.4
2024-08-21,1.3035430908203125,8283.400390625,3.2715729463592,4.91,0.2311747826,4.362794,133.4
2024-08-22,1.309346079826355,8288.0,3.2715729463592,4.91,0.2311747826,4.362794,133.4
2024-08-23,1.3097747564315796,8327.7998046875,3.2715729463592,4.91,0.2311747826,4.362794,133.4
2024-08-24,1.3097747564315796,8327.7998046875,3.2715729463592,4.91,0.2311747826,4.362794,133.4
2024-08-25,1.3097747564315796,8327.7998046875,3.2715729463592,4.91,0.2311747826,4.362794,133.4
2024-08-26,1.3212658166885376,8327.7998046875,3.2715729463592,4.91,0.2311747826,4.362794,133.4
2024-08-27,1.3191741704940796,8345.5,3.2715729463592,4.91,0.2311747826,4.362794,133.4
2024-08-28,1.3257501125335693,8343.900390625,3.2715729463592,4.91,0.2311747826,4.362794,133.4
2024-08-29,1.3193656206130981,8379.599609375,3.2715729463592,4.91,0.2311747826,4.362794,133.4
2024-08-30,1.3166210651397705,8376.599609375,3.2715729463592,4.91,0.2311747826,4.362794,133.4
2024-08-31,1.3166210651397705,8376.599609375,3.2715729463592,4.91,0.2311747826,4.362794,133.4
2024-09-01,1.3166210651397705,8376.599609375,3.2715729463592,4.84,0.2311747826,4.362794,133.5
2024-09-02,1.3128528594970703,8363.7998046875,3.2715729463592,4.84,0.2311747826,4.362794,133.5
2024-09-03,1.314198613166809,8298.5,3.2715729463592,4.84,0.2311747826,4.362794,133.5
2024-09-04,1.3114066123962402,8269.599609375,3.2715729463592,4.84,0.2311747826,4.362794,133.5
2024-09-05,1.3144749402999878,8241.7001953125,3.2715729463592,4.84,0.2311747826,4.362794,133.5
2024-09-06,1.317748785018921,8181.5,3.2715729463592,4.84,0.2311747826,4.362794,133.5
2024-09-07,1.317748785018921,8181.5,3.2715729463592,4.84,0.2311747826,4.362794,133.5
2024-09-08,1.317748785018921,8181.5,3.2715729463592,4.84,0.2311747826,4.362794,133.5
2024-09-09,1.3133355379104614,8270.7998046875,3.2715729463592,4.84,0.2311747826,4.362794,133.5
2024-09-10,1.307138204574585,8206.0,3.2715729463592,4.84,0.2311747826,4.362794,133.5
2024-09-11,1.3080273866653442,8193.900390625,3.2715729463592,4.84,0.2311747826,4.362794,133.5
2024-09-12,1.3039510250091553,8241.0,3.2715729463592,4.84,0.2311747826,4.362794,133.5
2024-09-13,1.313232183456421,8273.099609375,3.2715729463592,4.84,0.2311747826,4.362794,133.5
2024-09-14,1.313232183456421,8273.099609375,3.2715729463592,4.84,0.2311747826,4.362794,133.5
2024-09-15,1.313232183456421,8273.099609375,3.2715729463592,4.84,0.2311747826,4.362794,133.5
2024-09-16,1.3137997388839722,8278.400390625,3.2715729463592,4.84,0.2311747826,4.362794,133.5
2024-09-17,1.3210737705230713,8309.900390625,3.2715729463592,4.84,0.2311747826,4.362794,133.5
2024-09-18,1.3167423009872437,8253.7001953125,3.2715729463592,4.84,0.2311747826,4.362794,133.5
2024-09-19,1.3201146125793457,8328.7001953125,3.2715729463592,4.84,0.2311747826,4.362794,133.5
2024-09-20,1.328179955482483,8230.0,3.2715729463592,4.84,0.2311747826,4.362794,133.5
2024-09-21,1.328179955482483,8230.0,3.2715729463592,4.84,0.2311747826,4.362794,133.5
2024-09-22,1.328179955482483,8230.0,3.2715729463592,4.84,0.2311747826,4.362794,133.5
2024-09-23,1.331398367881775,8259.7001953125,3.2715729463592,4.84,0.2311747826,4.362794,133.5
2024-09-24,1.3349887132644653,8282.7998046875,3.2715729463592,4.84,0.2311747826,4.362794,133.5
2024-09-25,1.3427324295043945,8268.7001953125,3.2715729463592,4.84,0.2311747826,4.362794,133.5
2024-09-26,1.3315792083740234,8284.900390625,3.2715729463592,4.84,0.2311747826,4.362794,133.5
2024-09-27,1.341381549835205,8320.7998046875,3.2715729463592,4.84,0.2311747826,4.362794,133.5
2024-09-28,1.341381549835205,8320.7998046875,3.2715729463592,4.84,0.2311747826,4.362794,133.5
2024-09-29,1.341381549835205,8320.7998046875,3.2715729463592,4.84,0.2311747826,4.362794,133.5
2024-09-30,1.338329792022705,8237.0,3.2715729463592,4.84,0.2311747826,4.362794,133.5
2024-10-01,1.3376137018203735,8276.7001953125,3.2715729463592,4.75,0.3361310755,4.460747,134.3
2024-10-02,1.327404260635376,8290.900390625,3.2715729463592,4.75,0.3361310755,4.460747,134.3
2024-10-03,1.326611876487732,8282.5,3.2715729463592,4.75,0.3361310755,4.460747,134.3
2024-10-04,1.3130252361297607,8280.599609375,3.2715729463592,4.75,0.3361310755,4.460747,134.3
2024-10-05,1.3130252361297607,8280.599609375,3.2715729463592,4.75,0.3361310755,4.460747,134.3
2024-10-06,1.3130252361297607,8280.599609375,3.2715729463592,4.75,0.3361310755,4.460747,134.3
2024-10-07,1.3125253915786743,8303.599609375,3.2715729463592,4.75,0.3361310755,4.460747,134.3
2024-10-08,1.3084723949432373,8190.60009765625,3.2715729463592,4.75,0.3361310755,4.460747,134.3
2024-10-09,1.309483289718628,8243.7001953125,3.2715729463592,4.75,0.3361310755,4.460747,134.3
2024-10-10,1.306830883026123,8237.7001953125,3.2715729463592,4.75,0.3361310755,4.460747,134.3
2024-10-11,1.3062163591384888,8253.7001953125,3.2715729463592,4.75,0.3361310755,4.460747,134.3
2024-10-12,1.3062163591384888,8253.7001953125,3.2715729463592,4.75,0.3361310755,4.460747,134.3
2024-10-13,1.3062163591384888,8253.7001953125,3.2715729463592,4.75,0.3361310755,4.460747,134.3
2024-10-14,1.3049037456512451,8292.7001953125,3.2715729463592,4.75,0.3361310755,4.460747,134.3
2024-10-15,1.3067454099655151,8249.2998046875,3.2715729463592,4.75,0.3361310755,4.460747,134.3
2024-10-16,1.3065917491912842,8329.099609375,3.2715729463592,4.75,0.3361310755,4.460747,134.3
2024-10-17,1.29902184009552,8385.099609375,3.2715729463592,4.75,0.3361310755,4.460747,134.3
2024-10-18,1.301574945449829,8358.2998046875,3.2715729463592,4.75,0.3361310755,4.460747,134.3
2024-10-19,1.301574945449829,8358.2998046875,3.2715729463592,4.75,0.3361310755,4.460747,134.3
2024-10-20,1.301574945449829,8358.2998046875,3.2715729463592,4.75,0.3361310755,4.460747,134.3
2024-10-21,1.3052616119384766,8318.2001953125,3.2715729463592,4.75,0.3361310755,4.460747,134.3
2024-10-22,1.298296570777893,8306.5,3.2715729463592,4.75,0.3361310755,4.460747,134.3
2024-10-23,1.2982797622680664,8258.599609375,3.2715729463592,4.75,0.3361310755,4.460747,134.3
2024-10-24,1.291372299194336,8269.400390625,3.2715729463592,4.75,0.3361310755,4.460747,134.3
2024-10-25,1.2973365783691406,8248.7998046875,3.2715729463592,4.75,0.3361310755,4.460747,134.3
2024-10-26,1.2973365783691406,8248.7998046875,3.2715729463592,4.75,0.3361310755,4.460747,134.3
2024-10-27,1.2973365783691406,8248.7998046875,3.2715729463592,4.75,0.3361310755,4.460747,134.3
2024-10-28,1.295823574066162,8285.599609375,3.2715729463592,4.75,0.3361310755,4.460747,134.3
2024-10-29,1.2974711656570435,8219.599609375,3.2715729463592,4.75,0.3361310755,4.460747,134.3
2024-10-30,1.3014055490493774,8159.60009765625,3.2715729463592,4.75,0.3361310755,4.460747,134.3
2024-10-31,1.2959579229354858,8110.10009765625,3.2715729463592,4.75,0.3361310755,4.460747,134.3
2024-11-01,1.2897733449935913,8177.2001953125,3.2715729463592,4.68,0.3361310755,4.460747,134.6
2024-11-02,1.2897733449935913,8177.2001953125,3.2715729463592,4.68,0.3361310755,4.460747,134.6
2024-11-03,1.2897733449935913,8177.2001953125,3.2715729463592,4.68,0.3361310755,4.460747,134.6
2024-11-04,1.2953401803970337,8184.2001953125,3.2715729463592,4.68,0.3361310755,4.460747,134.6
2024-11-05,1.2954542636871338,8172.39990234375,3.2715729463592,4.68,0.3361310755,4.460747,134.6
2024-11-06,1.3043591976165771,8166.7001953125,3.2715729463592,4.68,0.3361310755,4.460747,134.6
2024-11-07,1.2883278131484985,8140.7001953125,3.2715729463592,4.68,0.3361310755,4.460747,134.6
2024-11-08,1.2982292175292969,8072.39990234375,3.2715729463592,4.68,0.3361310755,4.460747,134.6
2024-11-09,1.2982292175292969,8072.39990234375,3.2715729463592,4.68,0.3361310755,4.460747,134.6
2024-11-10,1.2982292175292969,8072.39990234375,3.2715729463592,4.68,0.3361310755,4.460747,134.6
2024-11-11,1.2917059659957886,8125.2001953125,3.2715729463592,4.68,0.3361310755,4.460747,134.6
2024-11-12,1.2874983549118042,8025.7998046875,3.2715729463592,4.68,0.3361310755,4.460747,134.6
2024-11-13,1.2739177942276,8030.2998046875,3.2715729463592,4.68,0.3361310755,4.460747,134.6
2024-11-14,1.27068030834198,8071.2001953125,3.2715729463592,4.68,0.3361310755,4.460747,134.6
2024-11-15,1.266784906387329,8063.60009765625,3.2715729463592,4.68,0.3361310755,4.460747,134.6
2024-11-16,1.266784906387329,8063.60009765625,3.2715729463592,4.68,0.3361310755,4.460747,134.6
2024-11-17,1.266784906387329,8063.60009765625,3.2715729463592,4.68,0.3361310755,4.460747,134.6
2024-11-18,1.261765956878662,8109.2998046875,3.2715729463592,4.68,0.3361310755,4.460747,134.6
2024-11-19,1.2679253816604614,8099.0,3.2715729463592,4.68,0.3361310755,4.460747,134.6
2024-11-20,1.2694543600082397,8085.10009765625,3.2715729463592,4.68,0.3361310755,4.460747,134.6
2024-11-21,1.2655344009399414,8149.2998046875,3.2715729463592,4.68,0.3361310755,4.460747,134.6
2024-11-22,1.2584789991378784,8262.099609375,3.2715729463592,4.68,0.3361310755,4.460747,134.6
2024-11-23,1.2584789991378784,8262.099609375,3.2715729463592,4.68,0.3361310755,4.460747,134.6
2024-11-24,1.2584789991378784,8262.099609375,3.2715729463592,4.68,0.3361310755,4.460747,134.6
2024-11-25,1.2593823671340942,8291.7001953125,3.2715729463592,4.68,0.3361310755,4.460747,134.6
2024-11-26,1.2533055543899536,8258.599609375,3.2715729463592,4.68,0.3361310755,4.460747,134.6
2024-11-27,1.2573871612548828,8274.7998046875,3.2715729463592,4.68,0.3361310755,4.460747,134.6
2024-11-28,1.2677645683288574,8281.2001953125,3.2715729463592,4.68,0.3361310755,4.460747,134.6
2024-11-29,1.2696800231933594,8287.2998046875,3.2715729463592,4.68,0.3361310755,4.460747,134.6
2024-11-30,1.2696800231933594,8287.2998046875,3.2715729463592,4.68,0.3361310755,4.460747,134.6
2024-12-01,1.2696800231933594,8287.2998046875,3.2715729463592,4.64,0.3361310755,4.460747,135.1
2024-12-02,1.270163893699646,8312.900390625,3.2715729463592,4.64,0.3361310755,4.460747,135.1
2024-12-03,1.265854835510254,8359.400390625,3.2715729463592,4.64,0.3361310755,4.460747,135.1
2024-12-04,1.2674272060394287,8335.7998046875,3.2715729463592,4.64,0.3361310755,4.460747,135.1
2024-12-05,1.2701154947280884,8349.400390625,3.2715729463592,4.64,0.3361310755,4.460747,135.1
2024-12-06,1.2759333848953247,8308.599609375,3.2715729463592,4.64,0.3361310755,4.460747,135.1
2024-12-07,1.2759333848953247,8308.599609375,3.2715729463592,4.64,0.3361310755,4.460747,135.1
2024-12-08,1.2759333848953247,8308.599609375,3.2715729463592,4.64,0.3361310755,4.460747,135.1
2024-12-09,1.2749296426773071,8352.099609375,3.2715729463592,4.64,0.3361310755,4.460747,135.1
2024-12-10,1.2749085426330566,8280.400390625,3.2715729463592,4.64,0.3361310755,4.460747,135.1
2024-12-11,1.2780042886734009,8301.599609375,3.2715729463592,4.64,0.3361310755,4.460747,135.1
2024-12-12,1.2766337394714355,8311.7998046875,3.2715729463592,4.64,0.3361310755,4.460747,135.1
2024-12-13,1.2677323818206787,8300.2998046875,3.2715729463592,4.64,0.3361310755,4.460747,135.1
2024-12-14,1.2677323818206787,8300.2998046875,3.2715729463592,4.64,0.3361310755,4.460747,135.1
2024-12-15,1.2677323818206787,8300.2998046875,3.2715729463592,4.64,0.3361310755,4.460747,135.1
2024-12-16,1.2627378702163696,8262.099609375,3.2715729463592,4.64,0.3361310755,4.460747,135.1
2024-12-17,1.2690355777740479,8195.2001953125,3.2715729463592,4.64,0.3361310755,4.460747,135.1
2024-12-18,1.2710840702056885,8199.099609375,3.2715729463592,4.64,0.3361310755,4.460747,135.1
2024-12-19,1.2567708492279053,8105.2998046875,3.2715729463592,4.64,0.3361310755,4.460747,135.1
2024-12-20,1.2497968673706055,8084.60009765625,3.2715729463592,4.64,0.3361310755,4.460747,135.1
2024-12-21,1.2497968673706055,8084.60009765625,3.2715729463592,4.64,0.3361310755,4.460747,135.1
2024-12-22,1.2497968673706055,8084.60009765625,3.2715729463592,4.64,0.3361310755,4.460747,135.1
2024-12-23,1.256991982460022,8102.7001953125,3.2715729463592,4.64,0.3361310755,4.460747,135.1
2024-12-24,1.2534469366073608,8137.0,3.2715729463592,4.64,0.3361310755,4.460747,135.1
2024-12-25,1.2536041736602783,8137.0,3.2715729463592,4.64,0.3361310755,4.460747,135.1
2024-12-26,1.254374623298645,8137.0,3.2715729463592,4.64,0.3361310755,4.460747,135.1
2024-12-27,1.2529758214950562,8149.7998046875,3.2715729463592,4.64,0.3361310755,4.460747,135.1
2024-12-28,1.2529758214950562,8149.7998046875,3.2715729463592,4.64,0.3361310755,4.460747,135.1
2024-12-29,1.2529758214950562,8149.7998046875,3.2715729463592,4.64,0.3361310755,4.460747,135.1
2024-12-30,1.257880687713623,8121.0,3.2715729463592,4.64,0.3361310755,4.460747,135.1
2024-12-31,1.254909873008728,8173.0,3.2715729463592,4.64,0.3361310755,4.460747,135.1
2025-01-01,1.254909873008728,8173.0,3.2715729463592,4.55,0.6524158448,4.612802,135.1
2025-01-02,1.2519248723983765,8260.099609375,3.2715729463592,4.55,0.6524158448,4.612802,135.1
2025-01-03,1.2380222082138062,8224.0,3.2715729463592,4.55,0.6524158448,4.612802,135.1
2025-01-04,1.2380222082138062,8224.0,3.2715729463592,4.55,0.6524158448,4.612802,135.1
2025-01-05,1.2380222082138062,8224.0,3.2715729463592,4.55,0.6524158448,4.612802,135.1
2025-01-06,1.2426837682724,8249.7001953125,3.2715729463592,4.55,0.6524158448,4.612802,135.1
2025-01-07,1.2510946989059448,8245.2998046875,3.2715729463592,4.55,0.6524158448,4.612802,135.1
2025-01-08,1.247785210609436,8251.0,3.2715729463592,4.55,0.6524158448,4.612802,135.1
2025-01-09,1.2359870672225952,8319.7001953125,3.2715729463592,4.55,0.6524158448,4.612802,135.1
2025-01-10,1.2299367189407349,8248.5,3.2715729463592,4.55,0.6524158448,4.612802,135.1
2025-01-11,1.2299367189407349,8248.5,3.2715729463592,4.55,0.6524158448,4.612802,135.1
2025-01-12,1.2299367189407349,8248.5,3.2715729463592,4.55,0.6524158448,4.612802,135.1
2025-01-13,1.2204945087432861,8224.2001953125,3.2715729463592,4.55,0.6524158448,4.612802,135.1
2025-01-14,1.2233314514160156,8201.5,3.2715729463592,4.55,0.6524158448,4.612802,135.1
2025-01-15,1.221344232559204,8301.099609375,3.2715729463592,4.55,0.6524158448,4.612802,135.1
2025-01-16,1.2243348360061646,8391.900390625,3.2715729463592,4.55,0.6524158448,4.612802,135.1
2025-01-17,1.2236906290054321,8505.2001953125,3.2715729463592,4.55,0.6524158448,4.612802,135.1
2025-01-18,1.2236906290054321,8505.2001953125,3.2715729463592,4.55,0.6524158448,4.612802,135.1
2025-01-19,1.2236906290054321,8505.2001953125,3.2715729463592,4.55,0.6524158448,4.612802,135.1
2025-01-20,1.2171002626419067,8520.5,3.2715729463592,4.55,0.6524158448,4.612802,135.1
2025-01-21,1.233136773109436,8548.2998046875,3.2715729463592,4.55,0.6524158448,4.612802,135.1
2025-01-22,1.2335399389266968,8545.099609375,3.2715729463592,4.55,0.6524158448,4.612802,135.1
2025-01-23,1.231420874595642,8565.2001953125,3.2715729463592,4.55,0.6524158448,4.612802,135.1
2025-01-24,1.2353914976119995,8502.400390625,3.2715729463592,4.55,0.6524158448,4.612802,135.1
2025-01-25,1.2353914976119995,8502.400390625,3.2715729463592,4.55,0.6524158448,4.612802,135.1
2025-01-26,1.2353914976119995,8502.400390625,3.2715729463592,4.55,0.6524158448,4.612802,135.1
2025-01-27,1.2459352016448975,8503.7001953125,3.2715729463592,4.55,0.6524158448,4.612802,135.1
2025-01-28,1.2460592985153198,8533.900390625,3.2715729463592,4.55,0.6524158448,4.612802,135.1
2025-01-29,1.2441680431365967,8557.7998046875,3.2715729463592,4.55,0.6524158448,4.612802,135.1
2025-01-30,1.245530128479004,8646.900390625,3.2715729463592,4.55,0.6524158448,4.612802,135.1
2025-01-31,1.2423903942108154,8674.0,3.2715729463592,4.55,0.6524158448,4.612802,135.1
2025-02-01,1.2423903942108154,8674.0,3.2715729463592,4.44,0.6524158448,4.612802,135.6
2025-02-02,1.2423903942108154,8674.0,3.2715729463592,4.44,0.6524158448,4.612802,135.6
2025-02-03,1.2291958332061768,8583.599609375,3.2715729463592,4.44,0.6524158448,4.612802,135.6
2025-02-04,1.2431780099868774,8570.7998046875,3.2715729463592,4.44,0.6524158448,4.612802,135.6
2025-02-05,1.2478163242340088,8623.2998046875,3.2715729463592,4.44,0.6524158448,4.612802,135.6
2025-02-06,1.2504063844680786,8727.2998046875,3.2715729463592,4.44,0.6524158448,4.612802,135.6
2025-02-07,1.2437502145767212,8700.5,3.2715729463592,4.44,0.6524158448,4.612802,135.6
2025-02-08,1.2437502145767212,8700.5,3.2715729463592,4.44,0.6524158448,4.612802,135.6
2025-02-09,1.2437502145767212,8700.5,3.2715729463592,4.44,0.6524158448,4.612802,135.6
2025-02-10,1.2391574382781982,8767.7998046875,3.2715729463592,4.44,0.6524158448,4.612802,135.6
2025-02-11,1.2360633611679077,8777.400390625,3.2715729463592,4.44,0.6524158448,4.612802,135.6
2025-02-12,1.245159387588501,8807.400390625,3.2715729463592,4.44,0.6524158448,4.612802,135.6
2025-02-13,1.2450664043426514,8764.7001953125,3.2715729463592,4.44,0.6524158448,4.612802,135.6
2025-02-14,1.2563445568084717,8732.5,3.2715729463592,4.44,0.6524158448,4.612802,135.6
2025-02-15,1.2563445568084717,8732.5,3.2715729463592,4.44,0.6524158448,4.612802,135.6
2025-02-16,1.2563445568084717,8732.5,3.2715729463592,4.44,0.6524158448,4.612802,135.6
2025-02-17,1.2584155797958374,8768.0,3.2715729463592,4.44,0.6524158448,4.612802,135.6
2025-02-18,1.262148141860962,8766.7001953125,3.2715729463592,4.44,0.6524158448,4.612802,135.6
2025-02-19,1.2625784873962402,8712.5,3.2715729463592,4.44,0.6524158448,4.612802,135.6
2025-02-20,1.2584155797958374,8663.0,3.2715729463592,4.44,0.6524158448,4.612802,135.6
2025-02-21,1.2670401334762573,8659.400390625,3.2715729463592,4.44,0.6524158448,4.612802,135.6
2025-02-22,1.2670401334762573,8659.400390625,3.2715729463592,4.44,0.6524158448,4.612802,135.6
2025-02-23,1.2670401334762573,8659.400390625,3.2715729463592,4.44,0.6524158448,4.612802,135.6
2025-02-24,1.2649900913238525,8659.0,3.2715729463592,4.44,0.6524158448,4.612802,135.6
2025-02-25,1.261781930923462,8668.7001953125,3.2715729463592,4.44,0.6524158448,4.612802,135.6
2025-02-26,1.2674431800842285,8731.5,3.2715729463592,4.44,0.6524158448,4.612802,135.6
2025-02-27,1.2682307958602905,8756.2001953125,3.2715729463592,4.44,0.6524158448,4.612802,135.6
2025-02-28,1.259890079498291,8809.7001953125,3.2715729463592,4.44,0.6524158448,4.612802,135.6
2025-03-01,1.259890079498291,8809.7001953125,3.2715729463592,4.39,0.6524158448,4.612802,136.1
2025-03-02,1.259890079498291,8809.7001953125,3.2715729463592,4.39,0.6524158448,4.612802,136.1
2025-03-03,1.260398268699646,8871.2998046875,3.2715729463592,4.39,0.6524158448,4.612802,136.1
2025-03-04,1.270147681236267,8759.0,3.2715729463592,4.39,0.6524158448,4.612802,136.1
2025-03-05,1.2794268131256104,8755.7998046875,3.2715729463592,4.39,0.6524158448,4.612802,136.1
2025-03-06,1.2891913652420044,8682.7998046875,3.2715729463592,4.39,0.6524158448,4.612802,136.1
2025-03-07,1.2885303497314453,8679.900390625,3.2715729463592,4.39,0.6524158448,4.612802,136.1
2025-03-08,1.2885303497314453,8679.900390625,3.2715729463592,4.39,0.6524158448,4.612802,136.1
2025-03-09,1.2885303497314453,8679.900390625,3.2715729463592,4.39,0.6524158448,4.612802,136.1
2025-03-10,1.2932428121566772,8600.2001953125,3.2715729463592,4.39,0.6524158448,4.612802,136.1
2025-03-11,1.2875481843948364,8496.0,3.2715729463592,4.39,0.6524158448,4.612802,136.1
2025-03-12,1.294481635093689,8541.0,3.2715729463592,4.39,0.6524158448,4.612802,136.1
2025-03-13,1.2964283227920532,8542.599609375,3.2715729463592,4.39,0.6524158448,4.612802,136.1
2025-03-14,1.2958402633666992,8632.2998046875,3.2715729463592,4.39,0.6524158448,4.612802,136.1
2025-03-15,1.2958402633666992,8632.2998046875,3.2715729463592,4.39,0.6524158448,4.612802,136.1
2025-03-16,1.2958402633666992,8632.2998046875,3.2715729463592,4.39,0.6524158448,4.612802,136.1
2025-03-17,1.2930588722229004,8680.2998046875,3.2715729463592,4.39,0.6524158448,4.612802,136.1
2025-03-18,1.2985326051712036,8705.2001953125,3.2715729463592,4.39,0.6524158448,4.612802,136.1
2025-03-19,1.3000519275665283,8706.7001953125,3.2715729463592,4.39,0.6524158448,4.612802,136.1
2025-03-20,1.3010668754577637,8702.0,3.2715729463592,4.39,0.6524158448,4.612802,136.1
2025-03-21,1.2967981100082397,8646.7998046875,3.2715729463592,4.39,0.6524158448,4.612802,136.1
2025-03-22,1.2967981100082397,8646.7998046875,3.2715729463592,4.39,0.6524158448,4.612802,136.1
2025-03-23,1.2967981100082397,8646.7998046875,3.2715729463592,4.39,0.6524158448,4.612802,136.1
2025-03-24,1.2924572229385376,8638.0,3.2715729463592,4.39,0.6524158448,4.612802,136.1
2025-03-25,1.2924238443374634,8663.7998046875,3.2715729463592,4.39,0.6524158448,4.612802,136.1
2025-03-26,1.2943308353424072,8689.599609375,3.2715729463592,4.39,0.6524158448,4.612802,136.1
2025-03-27,1.2877637147903442,8666.099609375,3.2715729463592,4.39,0.6524158448,4.612802,136.1
2025-03-28,1.295202612876892,8658.900390625,3.2715729463592,4.39,0.6524158448,4.612802,136.1
2025-03-29,1.295202612876892,8658.900390625,3.2715729463592,4.39,0.6524158448,4.612802,136.1
2025-03-30,1.295202612876892,8658.900390625,3.2715729463592,4.39,0.6524158448,4.612802,136.1
2025-03-31,1.2938284873962402,8582.7998046875,3.2715729463592,4.39,0.6524158448,4.612802,136.1
2025-04-01,1.292089819908142,8634.7998046875,3.2715729463592,4.26,0.2077722759,4.758284,136.1
2025-04-02,1.292306900024414,8608.5,3.2715729463592,4.26,0.2077722759,4.758284,136.1
2025-04-03,1.3046314716339111,8474.7001953125,3.2715729463592,4.26,0.2077722759,4.758284,136.1
2025-04-04,1.308866262435913,8055.0,3.2715729463592,4.26,0.2077722759,4.758284,136.1
2025-04-05,1.308866262435913,8055.0,3.2715729463592,4.26,0.2077722759,4.758284,136.1
2025-04-06,1.308866262435913,8055.0,3.2715729463592,4.26,0.2077722759,4.758284,136.1
2025-04-07,1.2910722494125366,7702.10009765625,3.2715729463592,4.26,0.2077722759,4.758284,136.1
2025-04-08,1.2734960317611694,7910.5,3.2715729463592,4.26,0.2077722759,4.758284,136.1
2025-04-09,1.2790995836257935,7679.5,3.2715729463592,4.26,0.2077722759,4.758284,136.1
2025-04-10,1.2825446128845215,7913.2998046875,3.2715729463592,4.26,0.2077722759,4.758284,136.1
2025-04-11,1.2992074489593506,7964.2001953125,3.2715729463592,4.26,0.2077722759,4.758284,136.1
2025-04-12,1.2992074489593506,7964.2001953125,3.2715729463592,4.26,0.2077722759,4.758284,136.1
2025-04-13,1.2992074489593506,7964.2001953125,3.2715729463592,4.26,0.2077722759,4.758284,136.1
2025-04-14,1.3085237741470337,8134.2998046875,3.2715729463592,4.26,0.2077722759,4.758284,136.1
2025-04-15,1.3174536228179932,8249.099609375,3.2715729463592,4.26,0.2077722759,4.758284,136.1
2025-04-16,1.323101282119751,8275.599609375,3.2715729463592,4.26,0.2077722759,4.758284,136.1
2025-04-17,1.3233989477157593,8275.7001953125,3.2715729463592,4.26,0.2077722759,4.758284,136.1
2025-04-18,1.3233989477157593,8275.7001953125,3.2715729463592,4.26,0.2077722759,4.758284,136.1
2025-04-19,1.3233989477157593,8275.7001953125,3.2715729463592,4.26,0.2077722759,4.758284,136.1
2025-04-20,1.3233989477157593,8275.7001953125,3.2715729463592,4.26,0.2077722759,4.758284,136.1
2025-04-21,1.3233989477157593,8275.7001953125,3.2715729463592,4.26,0.2077722759,4.758284,136.1
2025-04-22,1.3379716873168945,8328.599609375,3.2715729463592,4.26,0.2077722759,4.758284,136.1
2025-04-23,1.327316164970398,8403.2001953125,3.2715729463592,4.26,0.2077722759,4.758284,136.1
2025-04-24,1.326453447341919,8407.400390625,3.2715729463592,4.26,0.2077722759,4.758284,136.1
2025-04-25,1.3326226472854614,8415.2998046875,3.2715729463592,4.26,0.2077722759,4.758284,136.1
2025-04-26,1.3326226472854614,8415.2998046875,3.2715729463592,4.26,0.2077722759,4.758284,136.1
2025-04-27,1.3326226472854614,8415.2998046875,3.2715729463592,4.26,0.2077722759,4.758284,136.1
2025-04-28,1.3290096521377563,8417.2998046875,3.2715729463592,4.26,0.2077722759,4.758284,136.1
2025-04-29,1.3436164855957031,8463.5,3.2715729463592,4.26,0.2077722759,4.758284,136.1
2025-04-30,1.3410794734954834,8494.900390625,3.2715729463592,4.26,0.2077722759,4.758284,136.1
2025-05-01,1.3323917388916016,8496.7998046875,3.2715729463592,4.19,0.2077722759,4.758284,136.1
2025-05-02,1.3286387920379639,8596.400390625,3.2715729463592,4.19,0.2077722759,4.758284,136.1
2025-05-03,1.3286387920379639,8596.400390625,3.2715729463592,4.19,0.2077722759,4.758284,136.1
2025-05-04,1.3286387920379639,8596.400390625,3.2715729463592,4.19,0.2077722759,4.758284,136.1
2025-05-05,1.3271929025650024,8596.400390625,3.2715729463592,4.19,0.2077722759,4.758284,136.1
2025-05-06,1.3292568922042847,8597.400390625,3.2715729463592,4.19,0.2077722759,4.758284,136.1
2025-05-07,1.335594892501831,8559.2998046875,3.2715729463592,4.19,0.2077722759,4.758284,136.1
2025-05-08,1.3294159173965454,8531.599609375,3.2715729463592,4.19,0.2077722759,4.758284,136.1
2025-05-09,1.323539137840271,8554.7998046875,3.2715729463592,4.19,0.2077722759,4.758284,136.1
2025-05-10,1.323539137840271,8554.7998046875,3.2715729463592,4.19,0.2077722759,4.758284,136.1
2025-05-11,1.323539137840271,8554.7998046875,3.2715729463592,4.19,0.2077722759,4.758284,136.1
2025-05-12,1.3289036750793457,8605.0,3.2715729463592,4.19,0.2077722759,4.758284,136.1
2025-05-13,1.3177834749221802,8602.900390625,3.2715729463592,4.19,0.2077722759,4.758284,136.1
2025-05-14,1.3304418325424194,8585.0,3.2715729463592,4.19,0.2077722759,4.758284,136.1
2025-05-15,1.3263479471206665,8633.7998046875,3.2715729463592,4.19,0.2077722759,4.758284,136.1
2025-05-16,1.3306896686553955,8684.599609375,3.2715729463592,4.19,0.2077722759,4.758284,136.1
2025-05-17,1.3306896686553955,8684.599609375,3.2715729463592,4.19,0.2077722759,4.758284,136.1
2025-05-18,1.3306896686553955,8684.599609375,3.2715729463592,4.19,0.2077722759,4.758284,136.1
2025-05-19,1.3305498361587524,8699.2998046875,3.2715729463592,4.19,0.2077722759,4.758284,136.1
2025-05-20,1.3360053300857544,8781.099609375,3.2715729463592,4.19,0.2077722759,4.758284,136.1
2025-05-21,1.3397821187973022,8786.5,3.2715729463592,4.19,0.2077722759,4.758284,136.1
2025-05-22,1.3419036865234375,8739.2998046875,3.2715729463592,4.19,0.2077722759,4.758284,136.1
2025-05-23,1.3419216871261597,8718.0,3.2715729463592,4.19,0.2077722759,4.758284,136.1
2025-05-24,1.3419216871261597,8718.0,3.2715729463592,4.19,0.2077722759,4.758284,136.1
2025-05-25,1.3419216871261597,8718.0,3.2715729463592,4.19,0.2077722759,4.758284,136.1
2025-05-26,1.3535828590393066,8718.0,3.2715729463592,4.19,0.2077722759,4.758284,136.1
2025-05-27,1.3565207719802856,8778.099609375,3.2715729463592,4.19,0.2077722759,4.758284,136.1
2025-05-28,1.3513330221176147,8726.0,3.2715729463592,4.19,0.2077722759,4.758284,136.1
2025-05-29,1.3431472778320312,8716.5,3.2715729463592,4.19,0.2077722759,4.758284,136.1
2025-05-30,1.3498992919921875,8772.400390625,3.2715729463592,4.19,0.2077722759,4.758284,136.1
2025-05-31,1.3498992919921875,8772.400390625,3.2715729463592,4.19,0.2077722759,4.758284,136.1
2025-06-01,1.3498992919921875,8772.400390625,3.2715729463592,4.15,0.2077722759,4.758284,136.1
2025-06-02,1.346728801727295,8774.2998046875,3.2715729463592,4.15,0.2077722759,4.758284,136.1
2025-06-03,1.3556748628616333,8787.0,3.2715729463592,4.15,0.2077722759,4.758284,136.1
2025-06-04,1.353143334388733,8801.2998046875,3.2715729463592,4.15,0.2077722759,4.758284,136.1
2025-06-05,1.3552155494689941,8811.0,3.2715729463592,4.15,0.2077722759,4.758284,136.1
2025-06-06,1.3579576015472412,8837.900390625,3.2715729463592,4.15,0.2077722759,4.758284,136.1
2025-06-07,1.3579576015472412,8837.900390625,3.2715729463592,4.15,0.2077722759,4.758284,136.1
2025-06-08,1.3579576015472412,8837.900390625,3.2715729463592,4.15,0.2077722759,4.758284,136.1
2025-06-09,1.3538211584091187,8832.2998046875,3.2715729463592,4.15,0.2077722759,4.758284,136.1
2025-06-10,1.3556748628616333,8853.099609375,3.2715729463592,4.15,0.2077722759,4.758284,136.1
2025-06-11,1.3508219718933105,8864.400390625,3.2715729463592,4.15,0.2077722759,4.758284,136.1
2025-06-12,1.3567416667938232,8884.900390625,3.2715729463592,4.15,0.2077722759,4.758284,136.1
2025-06-13,1.3627691268920898,8850.599609375,3.2715729463592,4.15,0.2077722759,4.758284,136.1
2025-06-14,1.3627691268920898,8850.599609375,3.2715729463592,4.15,0.2077722759,4.758284,136.1
2025-06-15,1.3627691268920898,8850.599609375,3.2715729463592,4.15,0.2077722759,4.758284,136.1
2025-06-16,1.3557006120681763,8875.2001953125,3.2715729463592,4.15,0.2077722759,4.758284,136.1
2025-06-17,1.3565576076507568,8834.0,3.2715729463592,4.15,0.2077722759,4.758284,136.1
2025-06-18,1.3430029153823853,8843.5,3.2715729463592,4.15,0.2077722759,4.758284,136.1
2025-06-19,1.3416515588760376,8791.7998046875,3.2715729463592,4.15,0.2077722759,4.758284,136.1
2025-06-20,1.3476725816726685,8774.7001953125,3.2715729463592,4.15,0.2077722759,4.758284,136.1
2025-06-21,1.3476725816726685,8774.7001953125,3.2715729463592,4.15,0.2077722759,4.758284,136.1
2025-06-22,1.3476725816726685,8774.7001953125,3.2715729463592,4.15,0.2077722759,4.758284,136.1
2025-06-23,1.3435983657836914,8758.0,3.2715729463592,4.15,0.2077722759,4.758284,136.1
2025-06-24,1.3545364141464233,8759.0,3.2715729463592,4.15,0.2077722759,4.758284,136.1
2025-06-25,1.361488938331604,8718.7998046875,3.2715729463592,4.15,0.2077722759,4.758284,136.1
2025-06-26,1.369187831878662,8735.599609375,3.2715729463592,4.15,0.2077722759,4.758284,136.1
2025-06-27,1.37247633934021,8798.900390625,3.2715729463592,4.15,0.2077722759,4.758284,136.1
2025-06-28,1.37247633934021,8798.900390625,3.2715729463592,4.15,0.2077722759,4.758284,136.1
2025-06-29,1.37247633934021,8798.900390625,3.2715729463592,4.15,0.2077722759,4.758284,136.1
2025-06-30,1.3719680309295654,8761.0,3.2715729463592,4.15,0.2077722759,4.758284,136.1
2025-07-01,1.3730605840682983,8785.2998046875,3.2715729463592,4.05,0.0799867251,5.069904,136.1
2025-07-02,1.374721646308899,8774.7001953125,3.2715729463592,4.05,0.0799867251,5.069904,136.1
2025-07-03,1.3650014400482178,8823.2001953125,3.2715729463592,4.05,0.0799867251,5.069904,136.1
2025-07-04,1.366829752922058,8822.900390625,3.2715729463592,4.05,0.0799867251,5.069904,136.1
2025-07-05,1.366829752922058,8822.900390625,3.2715729463592,4.05,0.0799867251,5.069904,136.1
2025-07-06,1.366829752922058,8822.900390625,3.2715729463592,4.05,0.0799867251,5.069904,136.1
2025-07-07,1.3651504516601562,8806.5,3.2715729463592,4.05,0.0799867251,5.069904,136.1
2025-07-08,1.3623607158660889,8854.2001953125,3.2715729463592,4.05,0.0799867251,5.069904,136.1
2025-07-09,1.3585295677185059,8867.0,3.2715729463592,4.05,0.0799867251,5.069904,136.1
2025-07-10,1.3593051433563232,8975.7001953125,3.2715729463592,4.05,0.0799867251,5.069904,136.1
2025-07-11,1.3579576015472412,8941.099609375,3.2715729463592,4.05,0.0799867251,5.069904,136.1
2025-07-12,1.3579576015472412,8941.099609375,3.2715729463592,4.05,0.0799867251,5.069904,136.1
2025-07-13,1.3579576015472412,8941.099609375,3.2715729463592,4.05,0.0799867251,5.069904,136.1
2025-07-14,1.3493820428848267,8998.099609375,3.2715729463592,4.05,0.0799867251,5.069904,136.1
2025-07-15,1.3428045511245728,8938.2998046875,3.2715729463592,4.05,0.0799867251,5.069904,136.1
2025-07-16,1.3393335342407227,8926.599609375,3.2715729463592,4.05,0.0799867251,5.069904,136.1
2025-07-17,1.3411099910736084,8972.599609375,3.2715729463592,4.05,0.0799867251,5.069904,136.1
2025-07-18,1.3432555198669434,8992.099609375,3.2715729463592,4.05,0.0799867251,5.069904,136.1
2025-07-19,1.3432555198669434,8992.099609375,3.2715729463592,4.05,0.0799867251,5.069904,136.1
2025-07-20,1.3432555198669434,8992.099609375,3.2715729463592,4.05,0.0799867251,5.069904,136.1
2025-07-21,1.341597557067871,9013.0,3.2715729463592,4.05,0.0799867251,5.069904,136.1
2025-07-22,1.348945140838623,9023.7998046875,3.2715729463592,4.05,0.0799867251,5.069904,136.1
2025-07-23,1.352155327796936,9061.5,3.2715729463592,4.05,0.0799867251,5.069904,136.1
2025-07-24,1.3579576015472412,9138.400390625,3.2715729463592,4.05,0.0799867251,5.069904,136.1
2025-07-25,1.3510043621063232,9120.2998046875,3.2715729463592,4.05,0.0799867251,5.069904,136.1
2025-07-26,1.3510043621063232,9120.2998046875,3.2715729463592,4.05,0.0799867251,5.069904,136.1
2025-07-27,1.3510043621063232,9120.2998046875,3.2715729463592,4.05,0.0799867251,5.069904,136.1
2025-07-28,1.344085931777954,9081.400390625,3.2715729463592,4.05,0.0799867251,5.069904,136.1
2025-07-29,1.336023211479187,9136.2998046875,3.2715729463592,4.05,0.0799867251,5.069904,136.1
2025-07-30,1.3353630304336548,9136.900390625,3.2715729463592,4.05,0.0799867251,5.069904,136.1
2025-07-31,1.3257676362991333,9132.7998046875,3.2715729463592,4.05,0.0799867251,5.069904,136.1
2025-08-01,1.3209865093231201,9068.599609375,3.2715729463592,3.98,0.0799867251,5.069904,136.1
2025-08-02,1.3209865093231201,9068.599609375,3.2715729463592,3.98,0.0799867251,5.069904,136.1
2025-08-03,1.3209865093231201,9068.599609375,3.2715729463592,3.98,0.0799867251,5.069904,136.1
2025-08-04,1.3289920091629028,9128.2998046875,3.2715729463592,3.98,0.0799867251,5.069904,136.1
2025-08-05,1.3297518491744995,9142.7001953125,3.2715729463592,3.98,0.0799867251,5.069904,136.1
2025-08-06,1.3299463987350464,9164.2998046875,3.2715729463592,3.98,0.0799867251,5.069904,136.1
2025-08-07,1.3357912302017212,9100.7998046875,3.2715729463592,3.98,0.0799867251,5.069904,136.1
2025-08-08,1.345152735710144,9095.7001953125,3.2715729463592,3.98,0.0799867251,5.069904,136.1
2025-08-09,1.345152735710144,9095.7001953125,3.2715729463592,3.98,0.0799867251,5.069904,136.1
2025-08-10,1.345152735710144,9095.7001953125,3.2715729463592,3.98,0.0799867251,5.069904,136.1
2025-08-11,1.3444474935531616,9129.7001953125,3.2715729463592,3.98,0.0799867251,5.069904,136.1
2025-08-12,1.3435261249542236,9147.7998046875,3.2715729463592,3.98,0.0799867251,5.069904,136.1
2025-08-13,1.3504207134246826,9165.2001953125,3.2715729463592,3.98,0.0799867251,5.069904,136.1
2025-08-14,1.3585295677185059,9177.2001953125,3.2715729463592,3.98,0.0799867251,5.069904,136.1
2025-08-15,1.3530701398849487,9138.900390625,3.2715729463592,3.98,0.0799867251,5.069904,136.1
2025-08-16,1.3530701398849487,9138.900390625,3.2715729463592,3.98,0.0799867251,5.069904,136.1
2025-08-17,1.3530701398849487,9138.900390625,3.2715729463592,3.98,0.0799867251,5.069904,136.1
2025-08-18,1.3556381464004517,9157.7001953125,3.2715729463592,3.98,0.0799867251,5.069904,136.1
2025-08-19,1.3508219718933105,9189.2001953125,3.2715729463592,3.98,0.0799867251,5.069904,136.1
2025-08-20,1.348679542541504,9288.099609375,3.2715729463592,3.98,0.0799867251,5.069904,136.1
2025-08-21,1.3466380834579468,9309.2001953125,3.2715729463592,3.98,0.0799867251,5.069904,136.1
2025-08-22,1.3419395685195923,9321.400390625,3.2715729463592,3.98,0.0799867251,5.069904,136.1
2025-08-23,1.3419395685195923,9321.400390625,3.2715729463592,3.98,0.0799867251,5.069904,136.1
2025-08-24,1.3419395685195923,9321.400390625,3.2715729463592,3.98,0.0799867251,5.069904,136.1
2025-08-25,1.35111403465271,9321.400390625,3.2715729463592,3.98,0.0799867251,5.069904,136.1
2025-08-26,1.3453518152236938,9265.7998046875,3.2715729463592,3.98,0.0799867251,5.069904,136.1
2025-08-27,1.3478723764419556,9255.5,3.2715729463592,3.98,0.0799867251,5.069904,136.1
2025-08-28,1.3503841161727905,9216.7998046875,3.2715729463592,3.98,0.0799867251,5.069904,136.1
2025-08-29,1.35111403465271,9187.2998046875,3.2715729463592,3.98,0.0799867251,5.069904,136.1
2025-08-30,1.35111403465271,9187.2998046875,3.2715729463592,3.98,0.0799867251,5.069904,136.1
2025-08-31,1.35111403465271,9187.2998046875,3.2715729463592,3.98,0.0799867251,5.069904,136.1
2025-09-01,1.3503841161727905,9196.2998046875,3.2715729463592,3.97,0.0799867251,5.069904,136.1
2025-09-02,1.3547931909561157,9116.7001953125,3.2715729463592,3.97,0.0799867251,5.069904,136.1
2025-09-03,1.3383476734161377,9178.0,3.2715729463592,3.97,0.0799867251,5.069904,136.1
2025-09-04,1.3441582918167114,9216.900390625,3.2715729463592,3.97,0.0799867251,5.069904,136.1
2025-09-05,1.3444474935531616,9208.2001953125,3.2715729463592,3.97,0.0799867251,5.069904,136.1
2025-09-06,1.3444474935531616,9208.2001953125,3.2715729463592,3.97,0.0799867251,5.069904,136.1
2025-09-07,1.3444474935531616,9208.2001953125,3.2715729463592,3.97,0.0799867251,5.069904,136.1
2025-09-08,1.3492909669876099,9221.400390625,3.2715729463592,3.97,0.0799867251,5.069904,136.1
2025-09-09,1.3553073406219482,9242.5,3.2715729463592,3.97,0.0799867251,5.069904,136.1
2025-09-10,1.352109670639038,9225.400390625,3.2715729463592,3.97,0.0799867251,5.069904,136.1
2025-09-11,1.3534730672836304,9297.599609375,3.2715729463592,3.97,0.0799867251,5.069904,136.1
2025-09-12,1.3576626777648926,9283.2998046875,3.2715729463592,3.97,0.0799867251,5.069904,136.1
2025-09-13,1.3576626777648926,9283.2998046875,3.2715729463592,3.97,0.0799867251,5.069904,136.1
2025-09-14,1.3576626777648926,9283.2998046875,3.2715729463592,3.97,0.0799867251,5.069904,136.1
2025-09-15,1.3553440570831299,9277.0,3.2715729463592,3.97,0.0799867251,5.069904,136.1
2025-09-16,1.3602666854858398,9195.7001953125,3.2715729463592,3.97,0.0799867251,5.069904,136.1
2025-09-17,1.365392804145813,9208.400390625,3.2715729463592,3.97,0.0799867251,5.069904,136.1
2025-09-18,1.3629734516143799,9228.099609375,3.2715729463592,3.97,0.0799867251,5.069904,136.1
2025-09-19,1.3556013107299805,9216.7001953125,3.2715729463592,3.97,0.0799867251,5.069904,136.1
2025-09-20,1.3556013107299805,9216.7001953125,3.2715729463592,3.97,0.0799867251,5.069904,136.1
2025-09-21,1.3556013107299805,9216.7001953125,3.2715729463592,3.97,0.0799867251,5.069904,136.1
2025-09-22,1.3464748859405518,9226.7001953125,3.2715729463592,3.97,0.0799867251,5.069904,136.1
2025-09-23,1.3514974117279053,9223.2998046875,3.2715729463592,3.97,0.0799867251,5.069904,136.1
2025-09-24,1.3524478673934937,9250.400390625,3.2715729463592,3.97,0.0799867251,5.069904,136.1
2025-09-25,1.3452396392822266,9214.0,3.2715729463592,3.97,0.0799867251,5.069904,136.1
2025-09-26,1.333653450012207,9284.7998046875,3.2715729463592,3.97,0.0799867251,5.069904,136.1
2025-09-27,1.333653450012207,9284.7998046875,3.2715729463592,3.97,0.0799867251,5.069904,136.1
2025-09-28,1.333653450012207,9284.7998046875,3.2715729463592,3.97,0.0799867251,5.069904,136.1
2025-09-29,1.3408241271972656,9299.7998046875,3.2715729463592,3.97,0.0799867251,5.069904,136.1
2025-09-30,1.3437248468399048,9350.400390625,3.2715729463592,3.97,0.0799867251,5.069904,136.1
2025-10-01,1.3443390130996704,9446.400390625,3.2715729463592,3.93,0.0546989362,5.318747,136.1
2025-10-02,1.3480178117752075,9427.7001953125,3.2715729463592,3.93,0.0546989362,5.318747,136.1
2025-10-03,1.3446643352508545,9491.2998046875,3.2715729463592,3.93,0.0546989362,5.318747,136.1
2025-10-04,1.3446643352508545,9491.2998046875,3.2715729463592,3.93,0.0546989362,5.318747,136.1
2025-10-05,1.3446643352508545,9491.2998046875,3.2715729463592,3.93,0.0546989362,5.318747,136.1
2025-10-06,1.3433817625045776,9479.099609375,3.2715729463592,3.93,0.0546989362,5.318747,136.1
2025-10-07,1.3484903573989868,9483.599609375,3.2715729463592,3.93,0.0546989362,5.318747,136.1
2025-10-08,1.3421016931533813,9548.900390625,3.2715729463592,3.93,0.0546989362,5.318747,136.1
2025-10-09,1.3401411771774292,9509.400390625,3.2715729463592,3.93,0.0546989362,5.318747,136.1
2025-10-10,1.3304948806762695,9427.5,3.2715729463592,3.93,0.0546989362,5.318747,136.1
2025-10-11,1.3304948806762695,9427.5,3.2715729463592,3.93,0.0546989362,5.318747,136.1
2025-10-12,1.3304948806762695,9427.5,3.2715729463592,3.93,0.0546989362,5.318747,136.1
2025-10-13,1.3336178064346313,9442.900390625,3.2715729463592,3.93,0.0546989362,5.318747,136.1
2025-10-14,1.3332622051239014,9452.7998046875,3.2715729463592,3.93,0.0546989362,5.318747,136.1
2025-10-15,1.3321610689163208,9424.7998046875,3.2715729463592,3.93,0.0546989362,5.318747,136.1
2025-10-16,1.3404465913772583,9436.099609375,3.2715729463592,3.93,0.0546989362,5.318747,136.1
2025-10-17,1.3445558547973633,9354.599609375,3.2715729463592,3.93,0.0546989362,5.318747,136.1
2025-10-18,1.3445558547973633,9354.599609375,3.2715729463592,3.93,0.0546989362,5.318747,136.1
2025-10-19,1.3445558547973633,9354.599609375,3.2715729463592,3.93,0.0546989362,5.318747,136.1
2025-10-20,1.342588186264038,9403.599609375,3.2715729463592,3.93,0.0546989362,5.318747,136.1
2025-10-21,1.3405184745788574,9427.0,3.2715729463592,3.93,0.0546989362,5.318747,136.1
2025-10-22,1.336523175239563,9515.0,3.2715729463592,3.93,0.0546989362,5.318747,136.1
2025-10-23,1.3351848125457764,9578.599609375,3.2715729463592,3.93,0.0546989362,5.318747,136.1
2025-10-24,1.332746982574463,9645.599609375,3.2715729463592,3.93,0.0546989362,5.318747,136.1
2025-10-25,1.332746982574463,9645.599609375,3.2715729463592,3.93,0.0546989362,5.318747,136.1
2025-10-26,1.332746982574463,9645.599609375,3.2715729463592,3.93,0.0546989362,5.318747,136.1
2025-10-27,1.3322391510009766,9653.7998046875,3.2715729463592,3.93,0.0546989362,5.318747,136.1
2025-10-28,1.3341000080108643,9696.7001953125,3.2715729463592,3.93,0.0546989362,5.318747,136.1
2025-10-29,1.3279330730438232,9756.099609375,3.2715729463592,3.93,0.0546989362,5.318747,136.1
2025-10-30,1.3195397853851318,9760.099609375,3.2715729463592,3.93,0.0546989362,5.318747,136.1
2025-10-31,1.3159106969833374,9717.2998046875,3.2715729463592,3.93,0.0546989362,5.318747,136.1
2025-11-01,1.3159106969833374,9717.2998046875,3.2715729463592,3.84,0.0546989362,5.318747,136.1
2025-11-02,1.3159106969833374,9717.2998046875,3.2715729463592,3.84,0.0546989362,5.318747,136.1
2025-11-03,1.3134735822677612,9701.400390625,3.2715729463592,3.84,0.0546989362,5.318747,136.1
2025-11-04,1.3135254383087158,9715.0,3.2715729463592,3.84,0.0546989362,5.318747,136.1
2025-11-05,1.3021697998046875,9777.099609375,3.2715729463592,3.84,0.0546989362,5.318747,136.1
2025-11-06,1.3052598237991333,9735.7998046875,3.2715729463592,3.84,0.0546989362,5.318747,136.1
2025-11-07,1.3140950202941895,9682.599609375,3.2715729463592,3.84,0.0546989362,5.318747,136.1
2025-11-08,1.3140950202941895,9682.599609375,3.2715729463592,3.84,0.0546989362,5.318747,136.1
2025-11-09,1.3140950202941895,9682.599609375,3.2715729463592,3.84,0.0546989362,5.318747,136.1
2025-11-10,1.3142677545547485,9787.2001953125,3.2715729463592,3.84,0.0546989362,5.318747,136.1
2025-11-11,1.3172974586486816,9899.599609375,3.2715729463592,3.84,0.0546989362,5.318747,136.1
2025-11-12,1.3152875900268555,9911.400390625,3.2715729463592,3.84,0.0546989362,5.318747,136.1
2025-11-13,1.3127838373184204,9807.7001953125,3.2715729463592,3.84,0.0546989362,5.318747,136.1
2025-11-14,1.3152183294296265,9698.400390625,3.2715729463592,3.84,0.0546989362,5.318747,136.1
2025-11-15,1.3152183294296265,9698.400390625,3.2715729463592,3.84,0.0546989362,5.318747,136.1
2025-11-16,1.3152183294296265,9698.400390625,3.2715729463592,3.84,0.0546989362,5.318747,136.1
2025-11-17,1.3160146474838257,9675.400390625,3.2715729463592,3.84,0.0546989362,5.318747,136.1
2025-11-18,1.3156163692474365,9552.2998046875,3.2715729463592,3.84,0.0546989362,5.318747,136.1
2025-11-19,1.3147515058517456,9507.400390625,3.2715729463592,3.84,0.0546989362,5.318747,136.1
2025-11-20,1.3061821460723877,9527.7001953125,3.2715729463592,3.84,0.0546989362,5.318747,136.1
2025-11-21,1.308489441871643,9539.7001953125,3.2715729463592,3.84,0.0546989362,5.318747,136.1
2025-11-22,1.308489441871643,9539.7001953125,3.2715729463592,3.84,0.0546989362,5.318747,136.1
2025-11-23,1.308489441871643,9539.7001953125,3.2715729463592,3.84,0.0546989362,5.318747,136.1
2025-11-24,1.3096375465393066,9534.900390625,3.2715729463592,3.84,0.0546989362,5.318747,136.1
2025-11-25,1.3106160163879395,9609.5,3.2715729463592,3.84,0.0546989362,5.318747,136.1
2025-11-26,1.315870761871338,9691.599609375,3.2715729463592,3.84,0.0546989362,5.318747,136.1
2025-11-27,1.3244997262954712,9693.900390625,3.2715729463592,3.84,0.0546989362,5.318747,136.1
2025-11-28,1.3241175413131714,9720.5,3.2715729463592,3.84,0.0546989362,5.318747,136.1
2025-11-29,1.3241175413131714,9720.5,3.2715729463592,3.84,0.0546989362,5.318747,136.1
2025-11-30,1.3241175413131714,9720.5,3.2715729463592,3.84,0.0546989362,5.318747,136.1
2025-12-01,1.3239772319793701,9702.5,3.2715729463592,3.75,0.0546989362,5.318747,136.1
2025-12-02,1.3209341764450073,9701.7998046875,3.2715729463592,3.75,0.0546989362,5.318747,136.1
2025-12-03,1.3219469785690308,9692.099609375,3.2715729463592,3.75,0.0546989362,5.318747,136.1
2025-12-04,1.3348817825317383,9710.900390625,3.2715729463592,3.75,0.0546989362,5.318747,136.1
2025-12-05,1.3321788311004639,9667.0,3.2715729463592,3.75,0.0546989362,5.318747,136.1
2025-12-06,1.3321788311004639,9667.0,3.2715729463592,3.75,0.0546989362,5.318747,136.1
2025-12-07,1.3321788311004639,9667.0,3.2715729463592,3.75,0.0546989362,5.318747,136.1
2025-12-08,1.3324593305587769,9645.099609375,3.2715729463592,3.75,0.0546989362,5.318747,136.1
2025-12-09,1.3326793909072876,9642.0,3.2715729463592,3.75,0.0546989362,5.318747,136.1
2025-12-10,1.3303532600402832,9655.5,3.2715729463592,3.75,0.0546989362,5.318747,136.1
2025-12-11,1.3388315439224243,9703.2001953125,3.2715729463592,3.75,0.0546989362,5.318747,136.1
2025-12-12,1.339046597480774,9649.0,3.2715729463592,3.75,0.0546989362,5.318747,136.1
2025-12-13,1.339046597480774,9649.0,3.2715729463592,3.75,0.0546989362,5.318747,136.1
2025-12-14,1.339046597480774,9649.0,3.2715729463592,3.75,0.0546989362,5.318747,136.1
2025-12-15,1.3367732763290405,9751.2998046875,3.2715729463592,3.75,0.0546989362,5.318747,136.1
2025-12-16,1.3380612134933472,9684.7998046875,3.2715729463592,3.75,0.0546989362,5.318747,136.1
2025-12-17,1.342499852180481,9774.2998046875,3.2715729463592,3.75,0.0546989362,5.318747,136.1
2025-12-18,1.3374598026275635,9837.7998046875,3.2715729463592,3.75,0.0546989362,5.318747,136.1
2025-12-19,1.3385393619537354,9897.400390625,3.2715729463592,3.75,0.0546989362,5.318747,136.1
2025-12-20,1.3385393619537354,9897.400390625,3.2715729463592,3.75,0.0546989362,5.318747,136.1
2025-12-21,1.3385393619537354,9897.400390625,3.2715729463592,3.75,0.0546989362,5.318747,136.1
2025-12-22,1.3377031087875366,9866.0,3.2715729463592,3.75,0.0546989362,5.318747,136.1
2025-12-23,1.3469899892807007,9889.2001953125,3.2715729463592,3.75,0.0546989362,5.318747,136.1
2025-12-24,1.3513604402542114,9870.7001953125,3.2715729463592,3.75,0.0546989362,5.318747,136.1
2025-12-25,1.3513604402542114,9870.7001953125,3.2715729463592,3.75,0.0546989362,5.318747,136.1
2025-12-26,1.3508949279785156,9870.7001953125,3.2715729463592,3.75,0.0546989362,5.318747,136.1
2025-12-27,1.3508949279785156,9870.7001953125,3.2715729463592,3.75,0.0546989362,5.318747,136.1
2025-12-28,1.3508949279785156,9870.7001953125,3.2715729463592,3.75,0.0546989362,5.318747,136.1
2025-12-29,1.349727988243103,9866.5,3.2715729463592,3.75,0.0546989362,5.318747,136.1
2025-12-30,1.3510993719100952,9940.7001953125,3.2715729463592,3.75,0.0546989362,5.318747,136.1
2025-12-31,1.3510993719100952,9940.7001953125,3.2715729463592,3.75,0.0546989362,5.318747,136.1
